"taskid","replications","replications_used","parnames","method","default_priors","n","time","mean","median","sd","ll","ul","rhat","ess_bulk","ess_tail","mcse_mean","mcse_median","mcse_ll","mcse_ul","summary_output_type"
1,10,10,"psi[1,1]","BMLVAR",TRUE,50,50,1.286202744625,1.285545,0.037355080095181,1.2151366,1.361165125,1.00002247575534,34124.5111784559,38128.1025774852,0.00020225686025043,0.000250000000000006,0.000462499999999999,0.000539500000000004,"summary-fit-mplus-diagnostics"
1,10,10,"psi[2,1]","BMLVAR",TRUE,50,50,0.567038262575,0.566622,0.0312697748253019,0.507036675,0.6293853,1.00001655176664,34030.2859226409,38179.2233636875,0.000169505689942726,0.000209500000000001,0.00038999999999999,0.000441999999999998,"summary-fit-mplus-diagnostics"
1,10,10,"psi[2,2]","BMLVAR",TRUE,50,50,1.5498417916,1.5490875,0.0450825602698412,1.464022675,1.6405031,1.00002195723618,33765.4175619933,37925.5323531868,0.000245380930967554,0.000297999999999998,0.000545000000000018,0.00068649999999999,"summary-fit-mplus-diagnostics"
1,10,10,"mean(beta[1,1])","BMLVAR",TRUE,50,50,0.2814338085,0.281576,0.0319474114574234,0.218140375,0.34385535,1.00038785084327,8123.03569516136,17428.165296492,0.000386064988998589,0.000407499999999997,0.000633000000000002,0.000601999999999997,"summary-fit-mplus-diagnostics"
1,10,10,"mean(beta[2,1])","BMLVAR",TRUE,50,50,-0.032467105325,-0.032546,0.032402090105996,-0.09601655,0.03129245,1.00064314787689,5847.76734840479,14082.5181761628,0.000450542437230164,0.000487,0.000738999999999999,0.0006595,"summary-fit-mplus-diagnostics"
1,10,10,"mean(beta[1,2])","BMLVAR",TRUE,50,50,-0.04802111075,-0.047964,0.024255447899746,-0.095887125,-0.000597824999999989,1.00070522286295,2843.96618883056,7139.76600008736,0.000464205030106097,0.000493999999999999,0.000690000000000001,0.000648,"summary-fit-mplus-diagnostics"
1,10,10,"mean(beta[2,2])","BMLVAR",TRUE,50,50,0.2545628587,0.254743,0.0327610445770593,0.18978075,0.31852645,1.00040537709655,7223.33640641207,17073.736926926,0.00040504523103192,0.000438499999999997,0.0006435,0.000614999999999999,"summary-fit-mplus-diagnostics"
1,10,10,"mean(mu[1,1])","BMLVAR",TRUE,50,50,2.86314494095,2.86311,0.172089531298649,2.524337375,3.201519875,1.00003306231796,36840.6206568046,38039.6721560015,0.000896197914363987,0.00110249999999994,0.00271649999999999,0.00235900000000004,"summary-fit-mplus-diagnostics"
1,10,10,"mean(mu[2,1])","BMLVAR",TRUE,50,50,2.022854332725,2.0229275,0.168750802744872,1.6903352,2.35583425,1.00000987589561,36064.8294919351,37804.5501625425,0.000887580020195,0.00109349999999998,0.002328,0.0024205,"summary-fit-mplus-diagnostics"
1,10,10,"cov(beta[1,1],beta[1,1])","BMLVAR",TRUE,50,50,0.027018851,0.0253325,0.0111236299554294,0.01037495,0.0533293,1.00041561559568,3565.48423287141,4854.50601528842,0.00017845791535123,0.0001775,0.000209,0.000378,"summary-fit-mplus-diagnostics"
1,10,10,"cov(beta[2,1],beta[1,1])","BMLVAR",TRUE,50,50,0.0096382897,0.0087885,0.00841031568399357,-0.004541075,0.02865825,1.00042089706899,2770.57707417377,6111.72899519165,0.000157941043355424,0.0001555,0.0002035,0.0002975,"summary-fit-mplus-diagnostics"
1,10,10,"cov(beta[2,1],beta[2,1])","BMLVAR",TRUE,50,50,0.024472477225,0.0226645,0.0114093154052266,0.007657925,0.051633225,1.0008606258646,2274.27722984713,2978.6335489329,0.00022159885654496,0.000222,0.0002415,0.0004065,"summary-fit-mplus-diagnostics"
1,10,10,"cov(beta[1,2],beta[1,1])","BMLVAR",TRUE,50,50,-0.003587000525,-0.003108,0.00584020320824928,-0.0164791,0.006646025,1.00098608013972,1841.95119298078,4551.53637336787,0.000132430882444485,0.0001305,0.0002265,0.000176,"summary-fit-mplus-diagnostics"
1,10,10,"cov(beta[1,2],beta[2,1])","BMLVAR",TRUE,50,50,0.001468479825,0.001453,0.00547767225317075,-0.009509125,0.012462075,1.00098362856507,1847.82352165025,5946.19456753635,0.000125977863411419,0.000125,0.0002085,0.0001815,"summary-fit-mplus-diagnostics"
1,10,10,"cov(beta[1,2],beta[1,2])","BMLVAR",TRUE,50,50,0.009967092075,0.008972,0.00545288320855204,0.00243,0.02326905,1.001443400064,1324.69676650599,2252.29296554992,0.000134016696127833,0.000136,0.000101,0.000251,"summary-fit-mplus-diagnostics"
1,10,10,"cov(beta[2,2],beta[1,1])","BMLVAR",TRUE,50,50,0.006229226825,0.0060195,0.00817906137384978,-0.00952405,0.023131075,1.00040078343734,3335.151909297,9097.07701311759,0.000138754333145369,0.0001375,0.0002265,0.000225,"summary-fit-mplus-diagnostics"
1,10,10,"cov(beta[2,2],beta[2,1])","BMLVAR",TRUE,50,50,0.002978259425,0.003196,0.00788803042592097,-0.013414025,0.018128075,1.00093213828173,2776.56100839845,8607.42792016989,0.000147883759596705,0.0001455,0.000263,0.0001975,"summary-fit-mplus-diagnostics"
1,10,10,"cov(beta[2,2],beta[1,2])","BMLVAR",TRUE,50,50,0.004285913825,0.003768,0.00604822482340939,-0.006247075,0.017727125,1.00064131540382,1807.20111985411,5081.84808217814,0.000138508580099992,0.000136,0.00018,0.000223,"summary-fit-mplus-diagnostics"
1,10,10,"cov(beta[2,2],beta[2,2])","BMLVAR",TRUE,50,50,0.029678325175,0.027934,0.0117551439834325,0.011943975,0.057600275,1.00091378052258,3011.16125546411,4726.07927107759,0.000200574102310407,0.000201,0.000222,0.000407000000000001,"summary-fit-mplus-diagnostics"
1,10,10,"cov(mu[1,1],mu[1,1])","BMLVAR",TRUE,50,50,1.426060131125,1.3817325,0.326831684895222,0.9187159,2.188393725,1.00003625839162,32675.8613252671,37402.2291265823,0.00179410569615642,0.00205000000000002,0.0024665,0.00764249999999996,"summary-fit-mplus-diagnostics"
1,10,10,"cov(mu[2,1],mu[1,1])","BMLVAR",TRUE,50,50,0.646634863675,0.6210215,0.248575631454557,0.231193175,1.207861475,1.00004484211625,31905.4025209989,36778.8202456629,0.00138390007767004,0.001548,0.002447,0.00558099999999999,"summary-fit-mplus-diagnostics"
1,10,10,"cov(mu[2,1],mu[2,1])","BMLVAR",TRUE,50,50,1.37423652995,1.331037,0.318904961061268,0.879843175,2.1187079,1.00004769373663,30456.4751456269,36712.368433552,0.00180872089963418,0.00198050000000001,0.00233449999999999,0.00743000000000001,"summary-fit-mplus-diagnostics"
1,10,10,"psi[1,1]","BMLVAR",FALSE,50,50,1.292382939025,1.291677,0.037424582982885,1.220978625,1.36765935,1.0000345107058,29219.1907158629,37612.4060405562,0.000220881193777223,0.000256000000000034,0.000474499999999989,0.000541500000000006,"summary-fit-mplus-priors-diagnostics"
1,10,10,"psi[2,1]","BMLVAR",FALSE,50,50,0.569470890225,0.5690275,0.0314247911482671,0.508976625,0.6323362,1.00005130075291,27290.1139906785,36927.9825562604,0.000193591039953639,0.0002195,0.000417999999999996,0.000501999999999991,"summary-fit-mplus-priors-diagnostics"
1,10,10,"psi[2,2]","BMLVAR",FALSE,50,50,1.55869789835,1.5578535,0.0454118967200254,1.47198325,1.6502053,1.00003715813775,28574.4210542194,37174.1545463008,0.000272205947798221,0.000311000000000028,0.000603500000000012,0.000663000000000014,"summary-fit-mplus-priors-diagnostics"
1,10,10,"mean(beta[1,1])","BMLVAR",FALSE,50,50,0.285765518675,0.2859605,0.0258320459464883,0.234687775,0.336125275,1.00151191239272,1659.89590685916,4569.2415176168,0.00070525017514082,0.000714999999999996,0.000987000000000003,0.000972500000000004,"summary-fit-mplus-priors-diagnostics"
1,10,10,"mean(beta[2,1])","BMLVAR",FALSE,50,50,-0.033156725925,-0.0331005,0.0263587668966542,-0.08513025,0.018342275,1.00201679496737,910.303679975472,2529.91425122587,0.000888047480885097,0.000908,0.001244,0.0012005,"summary-fit-mplus-priors-diagnostics"
1,10,10,"mean(beta[1,2])","BMLVAR",FALSE,50,50,-0.04824511255,-0.048268,0.021037819631302,-0.08935025,-0.00690964999999998,1.00202167035639,1011.24431790921,2658.02772561709,0.000665942858731969,0.000704,0.0009715,0.000991,"summary-fit-mplus-priors-diagnostics"
1,10,10,"mean(beta[2,2])","BMLVAR",FALSE,50,50,0.259110462825,0.2592005,0.027463685522703,0.20472075,0.31283025,1.00142772506368,1411.06315348563,4657.75961251894,0.000749628722549689,0.000761000000000006,0.000921999999999998,0.000948000000000009,"summary-fit-mplus-priors-diagnostics"
1,10,10,"mean(mu[1,1])","BMLVAR",FALSE,50,50,2.859113092175,2.858894,0.161956944355175,2.540769225,3.17685985,1.00004170119442,36673.2787087646,38202.7947884733,0.000845326541247264,0.00107699999999999,0.00244700000000002,0.00215049999999999,"summary-fit-mplus-priors-diagnostics"
1,10,10,"mean(mu[2,1])","BMLVAR",FALSE,50,50,2.0199359467,2.019776,0.158837326432317,1.708011975,2.332197625,1.0000034776067,35911.5377893019,38071.9520245167,0.000837047218377126,0.00101400000000003,0.00229699999999999,0.00224950000000002,"summary-fit-mplus-priors-diagnostics"
1,10,10,"cov(beta[1,1],beta[1,1])","BMLVAR",FALSE,50,50,0.01015369425,0.0090815,0.00551482363767496,0.00277195,0.023683125,1.0020170108358,1052.20886892975,2368.64395188724,0.000158719994840698,0.0001585,8.45e-05,0.0003485,"summary-fit-mplus-priors-diagnostics"
1,10,10,"cov(beta[2,1],beta[1,1])","BMLVAR",FALSE,50,50,0.003054358975,0.002532,0.00388636242326183,-0.003263025,0.012193075,1.00308256675229,719.112588977555,2102.57736480183,0.000138505151104436,0.000134,0.0001515,0.000277,"summary-fit-mplus-priors-diagnostics"
1,10,10,"cov(beta[2,1],beta[2,1])","BMLVAR",FALSE,50,50,0.0072010693,0.006142,0.00468391658764873,0.001421,0.01901415,1.00201623382174,846.321752493937,2083.06253196081,0.00015876657541031,0.0001605,5.3e-05,0.0003765,"summary-fit-mplus-priors-diagnostics"
1,10,10,"cov(beta[1,2],beta[1,1])","BMLVAR",FALSE,50,50,-0.000228534125,-8.3e-05,0.00262136962110814,-0.00596905,0.004596,1.00245814320077,992.118789347082,2468.4647140404,8.55391622181117e-05,7.75e-05,0.0001795,0.0001045,"summary-fit-mplus-priors-diagnostics"
1,10,10,"cov(beta[1,2],beta[2,1])","BMLVAR",FALSE,50,50,0.000665937125,0.000577,0.00226512286351736,-0.003654,0.00544705,1.00271753100761,1043.31008387921,2430.00341722799,6.85497246333686e-05,6.2e-05,0.000134,0.0001315,"summary-fit-mplus-priors-diagnostics"
1,10,10,"cov(beta[1,2],beta[1,2])","BMLVAR",FALSE,50,50,0.0033176258,0.002795,0.00208145835324627,0.000927,0.00869505,1.00187544801428,1575.09361020297,3564.80825823407,5.53535966552925e-05,5.1e-05,1.4e-05,0.0001685,"summary-fit-mplus-priors-diagnostics"
1,10,10,"cov(beta[2,2],beta[1,1])","BMLVAR",FALSE,50,50,0.0059105734,0.0056215,0.00454729657987274,-0.00234205,0.01573605,1.00187248731651,1192.78521973513,1936.48716168487,0.000132609304305018,0.00013,0.000244,0.000172,"summary-fit-mplus-priors-diagnostics"
1,10,10,"cov(beta[2,2],beta[2,1])","BMLVAR",FALSE,50,50,0.005089728225,0.004906,0.00385971085060476,-0.00215205,0.01325205,1.00260760516761,1105.44296220669,1884.28407171696,0.000117945884842335,0.0001155,0.0002405,0.0001525,"summary-fit-mplus-priors-diagnostics"
1,10,10,"cov(beta[2,2],beta[1,2])","BMLVAR",FALSE,50,50,0.0011993382,0.000965,0.00306991737726681,-0.00426505,0.00796310000000001,1.00240516800873,1036.84977604499,2457.57647103491,9.50632389095258e-05,9.15e-05,0.000109,0.0001945,"summary-fit-mplus-priors-diagnostics"
1,10,10,"cov(beta[2,2],beta[2,2])","BMLVAR",FALSE,50,50,0.0143652428,0.0133205,0.00656859419122685,0.00468795,0.0300341,1.0018582521579,1108.18069933959,2382.91003961482,0.000185173785654518,0.000185,0.000153,0.00033,"summary-fit-mplus-priors-diagnostics"
1,10,10,"cov(mu[1,1],mu[1,1])","BMLVAR",FALSE,50,50,1.26368679795,1.228654,0.270919804464244,0.836576225,1.891471425,1.00004756126931,32414.8515738353,37177.3737950041,0.00149381731768684,0.001657,0.002107,0.00584650000000001,"summary-fit-mplus-priors-diagnostics"
1,10,10,"cov(mu[2,1],mu[1,1])","BMLVAR",FALSE,50,50,0.563766521,0.544023,0.205344591876782,0.2159551,1.023716325,1.00006175550839,31937.3295814422,36862.4237564082,0.00114320269801018,0.001284,0.0022045,0.004248,"summary-fit-mplus-priors-diagnostics"
1,10,10,"cov(mu[2,1],mu[2,1])","BMLVAR",FALSE,50,50,1.2190768503,1.1853265,0.264179017875544,0.8020567,1.83161305,1.00007854802286,30533.3648537902,36345.7941272698,0.00149602361193024,0.00170600000000001,0.002091,0.00605800000000003,"summary-fit-mplus-priors-diagnostics"
2,10,10,"psi[1,1]","BMLVAR",TRUE,100,50,1.29455293455,1.2942,0.0265855260113281,1.243507875,1.34770335,1.00005123816474,32556.1693618392,38117.0093964089,0.00014768649878641,0.000178,0.000341999999999998,0.000380000000000014,"summary-fit-mplus-diagnostics"
2,10,10,"psi[2,1]","BMLVAR",TRUE,100,50,0.569294283975,0.569093,0.0222728539349867,0.52618985,0.613572125,1.00003612546855,32592.3166045239,37981.4675501256,0.0001234989800737,0.0001475,0.000329000000000001,0.000314999999999993,"summary-fit-mplus-diagnostics"
2,10,10,"psi[2,2]","BMLVAR",TRUE,100,50,1.56639120505,1.566,0.032327092837506,1.504201475,1.6308552,1.00003117366184,32432.4831248381,37710.133160492,0.000179777016209446,0.000219999999999998,0.000422,0.000489499999999987,"summary-fit-mplus-diagnostics"
2,10,10,"mean(beta[1,1])","BMLVAR",TRUE,100,50,0.2818915428,0.281968,0.0212336251916488,0.239888875,0.3233712,1.00035476982059,7008.67751419408,16203.914614173,0.000265429355636056,0.000281500000000001,0.000446499999999997,0.000411499999999998,"summary-fit-mplus-diagnostics"
2,10,10,"mean(beta[2,1])","BMLVAR",TRUE,100,50,-0.0375172232,-0.037522,0.0207737010505395,-0.0782853,0.00330922500000001,1.00101541672355,4017.71565730192,10152.6545961041,0.000342314970461459,0.0003505,0.0005095,0.00051,"summary-fit-mplus-diagnostics"
2,10,10,"mean(beta[1,2])","BMLVAR",TRUE,100,50,-0.04779718195,-0.0477825,0.0156362309779992,-0.078565225,-0.017197925,1.00130349972162,1989.3798494767,5074.14719338907,0.000369612079638798,0.0003765,0.000534000000000001,0.000557,"summary-fit-mplus-diagnostics"
2,10,10,"mean(beta[2,2])","BMLVAR",TRUE,100,50,0.268356161775,0.2684645,0.0239964924429113,0.220889725,0.315201425,1.00026182849447,9207.77453975358,21154.962172254,0.000253599510534991,0.000268000000000007,0.000425000000000002,0.000438499999999994,"summary-fit-mplus-diagnostics"
2,10,10,"mean(mu[1,1])","BMLVAR",TRUE,100,50,2.869066456625,2.8692985,0.115396510889029,2.6418246,3.0956431,1.00003793285694,36740.8120011107,38636.6734795131,0.000602042428527108,0.000710999999999973,0.00160299999999993,0.00164249999999999,"summary-fit-mplus-diagnostics"
2,10,10,"mean(mu[2,1])","BMLVAR",TRUE,100,50,2.11852875815,2.1182665,0.114954681338185,1.892230125,2.3442201,1.00003365943894,35439.138268657,37930.0082911214,0.000610395448749677,0.000767000000000051,0.00175649999999999,0.00163500000000003,"summary-fit-mplus-diagnostics"
2,10,10,"cov(beta[1,1],beta[1,1])","BMLVAR",TRUE,100,50,0.021330752075,0.020674,0.00648136093759805,0.010607925,0.03589405,1.0011939899285,2474.81695385279,4212.50697579006,0.000130275322984293,0.000128,0.0001775,0.000221000000000001,"summary-fit-mplus-diagnostics"
2,10,10,"cov(beta[2,1],beta[1,1])","BMLVAR",TRUE,100,50,0.007893797725,0.007525,0.00472631285749684,-0.000318024999999999,0.0181941,1.00146745230859,1739.92708142074,3307.33063014275,0.000114527837670423,0.000118,0.000167,0.0001735,"summary-fit-mplus-diagnostics"
2,10,10,"cov(beta[2,1],beta[2,1])","BMLVAR",TRUE,100,50,0.01472965875,0.014043,0.00583822962215664,0.00538395,0.028037075,1.00216884673338,1297.75171378831,1699.62034646032,0.000152088343324707,0.0001555,0.0002145,0.000255,"summary-fit-mplus-diagnostics"
2,10,10,"cov(beta[1,2],beta[1,1])","BMLVAR",TRUE,100,50,-0.000179617575,-9.5e-06,0.00326996190323461,-0.007091025,0.005819075,1.00282970313609,1068.30236554998,2473.47864108782,0.000100519546622796,0.000101,0.000147,0.000129,"summary-fit-mplus-diagnostics"
2,10,10,"cov(beta[1,2],beta[2,1])","BMLVAR",TRUE,100,50,-0.000360312175,-0.000271,0.00295347693386218,-0.006488,0.00528,1.00307563901123,873.941729232271,2403.13351575844,0.000100185215755679,0.000102,0.000147,0.0001275,"summary-fit-mplus-diagnostics"
2,10,10,"cov(beta[1,2],beta[1,2])","BMLVAR",TRUE,100,50,0.005790561425,0.0053535,0.00274547201218506,0.00178,0.012293025,1.0014745359225,916.287984839851,2011.97162633076,8.67244158357132e-05,9.04999999999999e-05,7.65e-05,0.0001565,"summary-fit-mplus-diagnostics"
2,10,10,"cov(beta[2,2],beta[1,1])","BMLVAR",TRUE,100,50,0.0061566861,0.006104,0.00533892644255701,-0.004270025,0.016897025,1.00104039056834,2896.22235777258,8434.81048836191,0.000102334229070442,0.0001045,0.000158,0.0001375,"summary-fit-mplus-diagnostics"
2,10,10,"cov(beta[2,2],beta[2,1])","BMLVAR",TRUE,100,50,0.004164802125,0.004268,0.00501031822144281,-0.006062125,0.0138271,1.00124085786356,1913.65819134037,5830.81142022121,0.000118362929897762,0.0001185,0.0001675,0.0001545,"summary-fit-mplus-diagnostics"
2,10,10,"cov(beta[2,2],beta[1,2])","BMLVAR",TRUE,100,50,0.005658453525,0.005408,0.0038651425862677,-0.001230025,0.01398605,1.00073355138407,1359.34890664082,2541.07097355353,0.000104207192054831,0.0001045,0.000149,0.000149,"summary-fit-mplus-diagnostics"
2,10,10,"cov(beta[2,2],beta[2,2])","BMLVAR",TRUE,100,50,0.0341740576,0.03332,0.00840068465765978,0.02018495,0.0529982,1.00066746256183,3931.19755735782,7458.85184910477,0.000129851804704673,0.0001325,0.0001625,0.000229000000000001,"summary-fit-mplus-diagnostics"
2,10,10,"cov(mu[1,1],mu[1,1])","BMLVAR",TRUE,100,50,1.278350011725,1.2594815,0.197688373261003,0.9459253,1.718969875,1.00004896548307,33048.7833330811,37391.9358569137,0.00108380194654693,0.00128650000000002,0.00175950000000001,0.00403549999999996,"summary-fit-mplus-diagnostics"
2,10,10,"cov(mu[2,1],mu[1,1])","BMLVAR",TRUE,100,50,0.51185924955,0.501698,0.149921208846554,0.245855,0.835008325,1.00004471034764,32346.5339827932,37261.5616509035,0.000830885907998186,0.000983000000000001,0.0017435,0.00249200000000001,"summary-fit-mplus-diagnostics"
2,10,10,"cov(mu[2,1],mu[2,1])","BMLVAR",TRUE,100,50,1.2594576651,1.240774,0.197448380728119,0.927495625,1.699398525,1.00002808955515,30780.5233355283,36399.2143836625,0.00111820675173861,0.001311,0.00188450000000001,0.00383350000000001,"summary-fit-mplus-diagnostics"
2,10,10,"psi[1,1]","BMLVAR",FALSE,100,50,1.2991265088,1.298712,0.0267305463312166,1.2478547,1.35257425,1.00007427744957,29044.3502214317,37113.5117377957,0.000158066913001826,0.000186000000000008,0.000328999999999968,0.00038149999999999,"summary-fit-mplus-priors-diagnostics"
2,10,10,"psi[2,1]","BMLVAR",FALSE,100,50,0.572154036025,0.571958,0.0223375570093666,0.5289297,0.616584175,1.00004694569365,29520.7856895408,37291.5298173382,0.000130830663020306,0.000152000000000013,0.000291499999999995,0.000336999999999998,"summary-fit-mplus-priors-diagnostics"
2,10,10,"psi[2,2]","BMLVAR",FALSE,100,50,1.5733261266,1.5729375,0.0322741719888792,1.511245825,1.6376973,1.00004480399752,33229.9625877362,37438.8895666781,0.000177193477604989,0.000209499999999985,0.000432999999999983,0.000444500000000025,"summary-fit-mplus-priors-diagnostics"
2,10,10,"mean(beta[1,1])","BMLVAR",FALSE,100,50,0.2837247095,0.2838,0.0187518714640682,0.24669775,0.320342275,1.00105504206372,1841.31451442529,5972.71856123518,0.000469347305668773,0.000485000000000002,0.00059,0.000580500000000001,"summary-fit-mplus-priors-diagnostics"
2,10,10,"mean(beta[2,1])","BMLVAR",FALSE,100,50,-0.037939047725,-0.037899,0.0183709229235374,-0.0738901,-0.00200589999999999,1.00253780758507,746.30137684328,1878.35002780818,0.000687535601314722,0.0007145,0.000915499999999999,0.0009665,"summary-fit-mplus-priors-diagnostics"
2,10,10,"mean(beta[1,2])","BMLVAR",FALSE,100,50,-0.047087565625,-0.047097,0.01452927151939,-0.075551025,-0.018552775,1.00290011304466,949.294113837152,2194.87744786928,0.000477195390031171,0.0004795,0.0006395,0.0007775,"summary-fit-mplus-priors-diagnostics"
2,10,10,"mean(beta[2,2])","BMLVAR",FALSE,100,50,0.2712528331,0.271341,0.0217776679446243,0.228087775,0.313730275,1.00077456586846,2328.81890433049,8180.01273287943,0.000462043408376125,0.000464999999999995,0.000526500000000002,0.000567999999999996,"summary-fit-mplus-priors-diagnostics"
2,10,10,"mean(mu[1,1])","BMLVAR",FALSE,100,50,2.8673198749,2.867478,0.111793749551498,2.64767195,3.087044925,1.00002968580071,36555.8394313337,38513.9580380604,0.000584648862214069,0.000732500000000003,0.00157849999999993,0.00153199999999996,"summary-fit-mplus-priors-diagnostics"
2,10,10,"mean(mu[2,1])","BMLVAR",FALSE,100,50,2.117281543025,2.1172005,0.111731072788438,1.898009725,2.3370383,1.00001750437938,35922.2477595861,37701.7133615217,0.000589328864281376,0.00072850000000001,0.00159750000000001,0.00150700000000001,"summary-fit-mplus-priors-diagnostics"
2,10,10,"cov(beta[1,1],beta[1,1])","BMLVAR",FALSE,100,50,0.012066497725,0.01153,0.00460279633269433,0.00469095,0.0225131,1.00443343278445,726.588724623974,1375.56834893617,0.000162472587389224,0.0001685,0.000159,0.000241,"summary-fit-mplus-priors-diagnostics"
2,10,10,"cov(beta[2,1],beta[1,1])","BMLVAR",FALSE,100,50,0.003700673075,0.00342,0.00297687178488293,-0.001385,0.010321025,1.00635701207872,453.16911043356,1275.27094825707,0.000138868523397494,0.00014,0.0001375,0.0002345,"summary-fit-mplus-priors-diagnostics"
2,10,10,"cov(beta[2,1],beta[2,1])","BMLVAR",FALSE,100,50,0.005763859275,0.0051955,0.00295727567290398,0.001726975,0.012969075,1.00461765084693,529.898852661918,1399.13110829028,0.000129637549074523,0.0001285,6.35e-05,0.000291,"summary-fit-mplus-priors-diagnostics"
2,10,10,"cov(beta[1,2],beta[1,1])","BMLVAR",FALSE,100,50,0.0017391975,0.001813,0.00200426904776581,-0.002446,0.005546,1.00334079562535,800.709943494203,1868.1142784477,7.28522854048574e-05,7.15e-05,0.0001445,7.95e-05,"summary-fit-mplus-priors-diagnostics"
2,10,10,"cov(beta[1,2],beta[2,1])","BMLVAR",FALSE,100,50,0.000825413225,0.000797,0.00146687607827258,-0.002048025,0.003829025,1.00267043169853,722.796760091429,1755.19947458155,5.49879146139835e-05,5.45e-05,0.0001005,8.44999999999999e-05,"summary-fit-mplus-priors-diagnostics"
2,10,10,"cov(beta[1,2],beta[1,2])","BMLVAR",FALSE,100,50,0.002715938375,0.00243,0.00132985048212468,0.001015,0.006027025,1.00219982709757,1261.13894425347,2612.32960709337,4.20968510582878e-05,4.1e-05,1.65e-05,0.000118,"summary-fit-mplus-priors-diagnostics"
2,10,10,"cov(beta[2,2],beta[1,1])","BMLVAR",FALSE,100,50,0.0075779461,0.007471,0.00399171448677296,2.97500000000084e-06,0.015792,1.00132734273296,1099.90164121894,2649.14163833424,0.000124109496136264,0.0001255,0.000182,0.000132,"summary-fit-mplus-priors-diagnostics"
2,10,10,"cov(beta[2,2],beta[2,1])","BMLVAR",FALSE,100,50,0.0068901136,0.006846,0.00332601545079903,0.000434900000000004,0.013608025,1.00257467740257,819.980079824619,1720.10806778779,0.000123385719607503,0.000123,0.000215,0.000132,"summary-fit-mplus-priors-diagnostics"
2,10,10,"cov(beta[2,2],beta[1,2])","BMLVAR",FALSE,100,50,0.002989714925,0.002815,0.00278467647732377,-0.002004,0.00897005,1.0018282183772,669.058682932497,1645.10151662032,0.000107597465222486,0.0001075,0.000132,0.0001695,"summary-fit-mplus-priors-diagnostics"
2,10,10,"cov(beta[2,2],beta[2,2])","BMLVAR",FALSE,100,50,0.024593667175,0.0239455,0.00647025911332967,0.013807925,0.039055075,1.0022564762348,1168.796218302,3097.65990961002,0.000192823882544121,0.000196,0.0001925,0.000252,"summary-fit-mplus-priors-diagnostics"
2,10,10,"cov(mu[1,1],mu[1,1])","BMLVAR",FALSE,100,50,1.20573256,1.1885745,0.180755736421453,0.901022875,1.6075325,1.00003826720151,32947.5119245738,37500.0557443236,0.000991871112523354,0.00115749999999998,0.00176600000000002,0.003157,"summary-fit-mplus-priors-diagnostics"
2,10,10,"cov(mu[2,1],mu[1,1])","BMLVAR",FALSE,100,50,0.47910531215,0.470063,0.136941099800707,0.2355406,0.773891875,1.0000286885517,32305.631194594,36873.0818941111,0.000760496270192285,0.000902000000000008,0.001596,0.0025365,"summary-fit-mplus-priors-diagnostics"
2,10,10,"cov(mu[2,1],mu[2,1])","BMLVAR",FALSE,100,50,1.188341859275,1.171623,0.180931083942404,0.883152,1.5904406,1.00006468781487,30813.1064886237,36527.7499109016,0.00102601432824444,0.00116749999999998,0.00164049999999999,0.00361899999999997,"summary-fit-mplus-priors-diagnostics"
3,10,10,"psi[1,1]","BMLVAR",TRUE,200,50,1.307590359225,1.307431,0.0190030329725625,1.270852775,1.345378175,1.00001645953542,31283.7255288799,37935.2651620729,0.000107863458275932,0.000128000000000006,0.000261499999999992,0.000258500000000017,"summary-fit-mplus-diagnostics"
3,10,10,"psi[2,1]","BMLVAR",TRUE,200,50,0.572930384,0.5728155,0.0158370096270038,0.54218485,0.60422505,1.00007843994544,31174.8238366577,38047.9017077391,8.9780632508611e-05,0.000106999999999996,0.00021500000000001,0.000238500000000008,"summary-fit-mplus-diagnostics"
3,10,10,"psi[2,2]","BMLVAR",TRUE,200,50,1.554818496175,1.5546265,0.0227232248307506,1.51092285,1.599989325,1.00005814651851,29598.5283458392,37449.6116829378,0.000132579262695443,0.000153499999999995,0.000290499999999994,0.00033399999999999,"summary-fit-mplus-diagnostics"
3,10,10,"mean(beta[1,1])","BMLVAR",TRUE,200,50,0.27808151035,0.278146,0.0148228891220527,0.248918825,0.307090175,1.00065987812221,6339.63523382889,14817.3317863245,0.000196431034218002,0.000203500000000004,0.000313999999999999,0.000298499999999999,"summary-fit-mplus-diagnostics"
3,10,10,"mean(beta[2,1])","BMLVAR",TRUE,200,50,-0.03396783395,-0.033955,0.0142964179303972,-0.06198815,-0.00593482499999999,1.00076111115551,4121.51515307117,9780.68026930325,0.00023671462592613,0.000246,0.000350000000000001,0.0003275,"summary-fit-mplus-diagnostics"
3,10,10,"mean(beta[1,2])","BMLVAR",TRUE,200,50,-0.0470829705,-0.0470635,0.0106672430552116,-0.068045125,-0.026271875,1.00216647867559,1754.98531272528,4175.03972025946,0.000272527918237315,0.000289499999999999,0.000428000000000002,0.000395499999999999,"summary-fit-mplus-diagnostics"
3,10,10,"mean(beta[2,2])","BMLVAR",TRUE,200,50,0.260860071375,0.260923,0.0160185006310481,0.229368775,0.292064125,1.00049597306383,6531.03065488948,17002.7609308649,0.000205540875857627,0.000215999999999997,0.000287999999999999,0.000287500000000002,"summary-fit-mplus-diagnostics"
3,10,10,"mean(mu[1,1])","BMLVAR",TRUE,200,50,2.878762485225,2.8786225,0.0812021178719961,2.71961805,3.038215775,1.00001975369338,36425.1237239559,38329.6082432757,0.000425405696583835,0.000533500000000009,0.00118600000000002,0.00109449999999998,"summary-fit-mplus-diagnostics"
3,10,10,"mean(mu[2,1])","BMLVAR",TRUE,200,50,2.05318418795,2.0533565,0.0799996324879936,1.896168375,2.210000925,1.00001534541854,35614.0728005727,37996.2622991886,0.000423957847718232,0.000529500000000005,0.00111599999999998,0.00114300000000005,"summary-fit-mplus-diagnostics"
3,10,10,"cov(beta[1,1],beta[1,1])","BMLVAR",TRUE,200,50,0.0201701388,0.0198625,0.00431513600750151,0.012637,0.029518025,1.00068680070569,2422.78038826518,4616.01121239396,8.95260682594121e-05,9.04999999999999e-05,0.0001295,0.0001335,"summary-fit-mplus-diagnostics"
3,10,10,"cov(beta[2,1],beta[1,1])","BMLVAR",TRUE,200,50,0.006814425325,0.0066475,0.00315337973173373,0.001097,0.01346305,1.00135836632926,1319.49470150796,2793.00618996024,8.92855281683501e-05,9.1e-05,0.00012,0.0001165,"summary-fit-mplus-diagnostics"
3,10,10,"cov(beta[2,1],beta[2,1])","BMLVAR",TRUE,200,50,0.013382380575,0.013062,0.00404761578121931,0.006408975,0.022186025,1.00229844910861,934.738392390855,1361.24800892003,0.000133154395488619,0.000133,0.0001965,0.000165,"summary-fit-mplus-diagnostics"
3,10,10,"cov(beta[1,2],beta[1,1])","BMLVAR",TRUE,200,50,-0.000272421075,-0.000186,0.00208880455593063,-0.00461605,0.003582,1.00196762177862,828.996846852956,2050.72751016542,7.26879056935094e-05,7.45e-05,0.0001045,9.14999999999999e-05,"summary-fit-mplus-diagnostics"
3,10,10,"cov(beta[1,2],beta[2,1])","BMLVAR",TRUE,200,50,0.0006943732,0.00073,0.00190996762427322,-0.003151,0.004391025,1.00271081846969,615.351590343011,1654.81607686689,7.79886593096079e-05,7.85e-05,0.0001155,9.90000000000001e-05,"summary-fit-mplus-diagnostics"
3,10,10,"cov(beta[1,2],beta[1,2])","BMLVAR",TRUE,200,50,0.00362429115,0.003367,0.0016360857966296,0.001258,0.007465025,1.00279054310289,650.470254107781,1626.29331867454,6.32561103272563e-05,7.05e-05,3.1e-05,0.000111,"summary-fit-mplus-diagnostics"
3,10,10,"cov(beta[2,2],beta[1,1])","BMLVAR",TRUE,200,50,0.0088420592,0.008778,0.00340488325702185,0.002284975,0.01570505,1.00071863640403,2597.37707898566,7806.47413376675,6.8526014531234e-05,6.84999999999999e-05,9.5e-05,8.69999999999999e-05,"summary-fit-mplus-diagnostics"
3,10,10,"cov(beta[2,2],beta[2,1])","BMLVAR",TRUE,200,50,0.006096119525,0.006133,0.00316184621552198,-0.000226,0.012219025,1.00091515850519,1472.89505047874,4299.42269063664,8.5569455145408e-05,8.55e-05,0.00011,0.00011,"summary-fit-mplus-diagnostics"
3,10,10,"cov(beta[2,2],beta[1,2])","BMLVAR",TRUE,200,50,0.00196877895,0.0018715,0.00228218895215692,-0.002254075,0.00674705,1.00230955502217,894.816232213517,1886.21552017537,7.9731740038507e-05,7.6e-05,0.000123,0.0001425,"summary-fit-mplus-diagnostics"
3,10,10,"cov(beta[2,2],beta[2,2])","BMLVAR",TRUE,200,50,0.02769594455,0.0273415,0.00503414450370603,0.01884895,0.038536025,1.0005743201658,2868.58477260177,5477.14112687883,9.58138691966589e-05,9.59999999999997e-05,0.0001285,0.00014,"summary-fit-mplus-diagnostics"
3,10,10,"cov(mu[1,1],mu[1,1])","BMLVAR",TRUE,200,50,1.26613418045,1.256934,0.134887998134051,1.027712975,1.55537815,1.00001413467005,32993.7280937461,37166.3693193544,0.00074118601245811,0.000891000000000008,0.00136700000000001,0.002438,"summary-fit-mplus-diagnostics"
3,10,10,"cov(mu[2,1],mu[1,1])","BMLVAR",TRUE,200,50,0.51931173515,0.5144035,0.101173591722492,0.334727125,0.731860825,1.00001417047848,33054.0766815231,37410.0148734776,0.000555772054846186,0.000666500000000014,0.00122449999999999,0.00163749999999999,"summary-fit-mplus-diagnostics"
3,10,10,"cov(mu[2,1],mu[2,1])","BMLVAR",TRUE,200,50,1.2095433249,1.2008135,0.130308218744233,0.980063575,1.4895765,1.00003639724684,32210.2517015798,36861.9922509862,0.000724342928124478,0.000809000000000015,0.001313,0.00220399999999998,"summary-fit-mplus-diagnostics"
3,10,10,"psi[1,1]","BMLVAR",FALSE,200,50,1.310507750075,1.3103095,0.0190143190556172,1.27376985,1.3484054,1.00008631511336,30974.9991502293,38094.0698537164,0.000108243222564453,0.000126499999999985,0.000250499999999987,0.000297999999999998,"summary-fit-mplus-priors-diagnostics"
3,10,10,"psi[2,1]","BMLVAR",FALSE,200,50,0.5747086474,0.574586,0.0158273016561383,0.54408685,0.606045225,1.00010760711971,28412.6222579969,37943.3835397655,9.45952419450452e-05,0.000111500000000003,0.000196500000000005,0.000218999999999991,"summary-fit-mplus-priors-diagnostics"
3,10,10,"psi[2,2]","BMLVAR",FALSE,200,50,1.5604375144,1.560226,0.0227155747680905,1.516485875,1.6055403,1.00005101277417,30001.1745744007,37151.978193604,0.000134955283708923,0.000153999999999999,0.000325999999999993,0.000319000000000014,"summary-fit-mplus-priors-diagnostics"
3,10,10,"mean(beta[1,1])","BMLVAR",FALSE,200,50,0.2793375419,0.2793475,0.0139371723726697,0.251955825,0.3066461,1.00087529835328,2487.6757535433,7825.2340678411,0.000311272084506575,0.000316000000000005,0.000368,0.000378000000000001,"summary-fit-mplus-priors-diagnostics"
3,10,10,"mean(beta[2,1])","BMLVAR",FALSE,200,50,-0.034650748425,-0.034668,0.0131104188224498,-0.0603612,-0.00891987499999999,1.00256155319519,756.096332707621,2007.1702190397,0.000488988376558662,0.000504,0.000671500000000001,0.0006745,"summary-fit-mplus-priors-diagnostics"
3,10,10,"mean(beta[1,2])","BMLVAR",FALSE,200,50,-0.0468944092,-0.046911,0.0101781391960038,-0.06682515,-0.027016875,1.0024528749413,846.576675845436,2121.33358618825,0.000353652819525329,0.000354499999999999,0.000499500000000001,0.000505,"summary-fit-mplus-priors-diagnostics"
3,10,10,"mean(beta[2,2])","BMLVAR",FALSE,200,50,0.262907156025,0.2629815,0.0152818829841743,0.232768825,0.29271115,1.00138455339078,2000.059981901,7018.63189184032,0.000362622234512618,0.000366499999999999,0.000430999999999998,0.000386000000000003,"summary-fit-mplus-priors-diagnostics"
3,10,10,"mean(mu[1,1])","BMLVAR",FALSE,200,50,2.8776606501,2.877569,0.0801751164379746,2.720517075,3.0350227,1.00001715116321,36477.1213503661,38390.4756395035,0.000419842118169738,0.00053249999999998,0.00105549999999996,0.00104449999999998,"summary-fit-mplus-priors-diagnostics"
3,10,10,"mean(mu[2,1])","BMLVAR",FALSE,200,50,2.05225498205,2.0523595,0.0788754070905994,1.89743,2.2066865,1.00001175412828,36059.1247544281,38248.4205775499,0.000415300739917702,0.000528000000000006,0.0010955,0.001111,"summary-fit-mplus-priors-diagnostics"
3,10,10,"cov(beta[1,1],beta[1,1])","BMLVAR",FALSE,200,50,0.01530888705,0.015036,0.00367664936853268,0.008916,0.023278075,1.00357579379977,932.856076884221,2094.13611808346,0.000122273516064649,0.0001265,0.000139,0.000151,"summary-fit-mplus-priors-diagnostics"
3,10,10,"cov(beta[2,1],beta[1,1])","BMLVAR",FALSE,200,50,0.004420108275,0.004283,0.0024930437568426,-7.50499999999982e-05,0.009715,1.00851272211668,398.419286502402,1098.74456939907,0.000124563437894906,0.00013,0.0001385,0.0001735,"summary-fit-mplus-priors-diagnostics"
3,10,10,"cov(beta[2,1],beta[2,1])","BMLVAR",FALSE,200,50,0.006959161775,0.0066,0.00262902016231165,0.002891975,0.013085,1.00614780889058,385.483855505001,845.590745862056,0.00013191571343305,0.0001345,0.000112,0.0002445,"summary-fit-mplus-priors-diagnostics"
3,10,10,"cov(beta[1,2],beta[1,1])","BMLVAR",FALSE,200,50,0.0009126405,0.00098,0.00163076050787151,-0.002488,0.003933025,1.00439453438444,541.57800906044,1362.21175019431,7.15460352829996e-05,7.2e-05,0.000136,8.2e-05,"summary-fit-mplus-priors-diagnostics"
3,10,10,"cov(beta[1,2],beta[2,1])","BMLVAR",FALSE,200,50,0.000605439375,0.000584,0.00112095033861856,-0.001571,0.002889,1.00655616834945,566.882527406926,1343.66998526383,4.76176184041945e-05,4.7e-05,8.15e-05,7.05000000000001e-05,"summary-fit-mplus-priors-diagnostics"
3,10,10,"cov(beta[1,2],beta[1,2])","BMLVAR",FALSE,200,50,0.0018716654,0.001678,0.000805882597480314,0.000905,0.00394,1.00140305404578,1136.02118893165,2094.21839676348,2.69375763648798e-05,2.55e-05,5.5e-06,8.8e-05,"summary-fit-mplus-priors-diagnostics"
3,10,10,"cov(beta[2,2],beta[1,1])","BMLVAR",FALSE,200,50,0.00993259835,0.009851,0.00290027261798795,0.004438975,0.015844025,1.00194240029474,1325.07115439887,3699.94543997342,8.16395864907305e-05,8.19999999999999e-05,0.0001045,9.19999999999998e-05,"summary-fit-mplus-priors-diagnostics"
3,10,10,"cov(beta[2,2],beta[2,1])","BMLVAR",FALSE,200,50,0.0081727309,0.0081535,0.00242719010978743,0.003441,0.013007,1.00343288191068,723.736674434244,1701.5486999536,9.2705656803825e-05,9.2e-05,0.000147,9.90000000000003e-05,"summary-fit-mplus-priors-diagnostics"
3,10,10,"cov(beta[2,2],beta[1,2])","BMLVAR",FALSE,200,50,0.001096911325,0.001036,0.00185649910826396,-0.00237605,0.004931025,1.0034729520428,602.44407096235,1502.42172943911,7.62549930029367e-05,7.85e-05,0.0001015,0.000121,"summary-fit-mplus-priors-diagnostics"
3,10,10,"cov(beta[2,2],beta[2,2])","BMLVAR",FALSE,200,50,0.0230037336,0.022696,0.00439868649770171,0.01527595,0.0324681,1.00302496461888,947.420267947011,2210.20714946356,0.00014841107753302,0.0001475,0.000176499999999999,0.0001815,"summary-fit-mplus-priors-diagnostics"
3,10,10,"cov(mu[1,1],mu[1,1])","BMLVAR",FALSE,200,50,1.23168749335,1.223069,0.129489266789021,1.002155525,1.508875225,1.00002662895391,33161.7089024244,37516.2023096737,0.000710637723305154,0.000799000000000005,0.001409,0.00248600000000002,"summary-fit-mplus-priors-diagnostics"
3,10,10,"cov(mu[2,1],mu[1,1])","BMLVAR",FALSE,200,50,0.50324610765,0.4987425,0.097038003878933,0.32641995,0.706692875,1.000014119597,32865.4764150633,37334.28451932,0.000534789372994596,0.000639499999999993,0.0011445,0.00163400000000001,"summary-fit-mplus-priors-diagnostics"
3,10,10,"cov(mu[2,1],mu[2,1])","BMLVAR",FALSE,200,50,1.1762749678,1.168124,0.124892493076594,0.955253725,1.444329325,1.00002565386285,31915.5154633107,37044.6360193572,0.000697241758291813,0.000827500000000003,0.00129750000000002,0.0023625,"summary-fit-mplus-priors-diagnostics"
4,10,10,"psi[1,1]","BMLVAR",TRUE,50,100,1.297004819675,1.2966965,0.0262777751422586,1.24644575,1.349488425,1.00000371290898,37281.5744297432,38748.0929627369,0.000136147723273493,0.000169499999999978,0.000353499999999995,0.000380999999999998,"summary-fit-mplus-diagnostics"
4,10,10,"psi[2,1]","BMLVAR",TRUE,50,100,0.567629600875,0.567375,0.0219594399233118,0.5251528,0.61119925,1.0000348165796,37421.5798511859,39131.4681944296,0.000113547534701614,0.000144500000000008,0.000287000000000001,0.000295500000000004,"summary-fit-mplus-diagnostics"
4,10,10,"psi[2,2]","BMLVAR",TRUE,50,100,1.562873458175,1.562473,0.0317732918780323,1.50182175,1.626344425,1.00002257848704,37033.6950729616,38513.5481186194,0.000165131572242561,0.000208999999999993,0.000405000000000011,0.00047550000000004,"summary-fit-mplus-diagnostics"
4,10,10,"mean(beta[1,1])","BMLVAR",TRUE,50,100,0.282192796475,0.282283,0.0275073228196547,0.22781855,0.335955425,1.00007450107889,13804.786109773,26961.3712517269,0.000236872431896922,0.000267500000000001,0.000469999999999998,0.000440500000000002,"summary-fit-mplus-diagnostics"
4,10,10,"mean(beta[2,1])","BMLVAR",TRUE,50,100,-0.033369745325,-0.0333535,0.0238863454904806,-0.0805221,0.01348125,1.00022414135585,8188.49934595278,18255.3772734343,0.000273545912364988,0.000297000000000001,0.00046,0.0004565,"summary-fit-mplus-diagnostics"
4,10,10,"mean(beta[1,2])","BMLVAR",TRUE,50,100,-0.04401758175,-0.0440125,0.0164268179897964,-0.076406175,-0.011862775,1.00054597012297,3557.82794299704,8487.06239280812,0.000287600128597515,0.0003035,0.000435499999999999,0.0004035,"summary-fit-mplus-diagnostics"
4,10,10,"mean(beta[2,2])","BMLVAR",TRUE,50,100,0.2539731461,0.254049,0.0300563567166493,0.194348675,0.31290635,1.00012681283479,16320.7070070143,28378.1002182477,0.000237205805962771,0.000259499999999999,0.000472499999999998,0.00045,"summary-fit-mplus-diagnostics"
4,10,10,"mean(mu[1,1])","BMLVAR",TRUE,50,100,2.9051492155,2.904996,0.170566276396107,2.569582625,3.24146165,1.00000271259119,38199.4179408019,38196.7187728187,0.000872505244066525,0.00111600000000001,0.00256500000000002,0.00246799999999998,"summary-fit-mplus-diagnostics"
4,10,10,"mean(mu[2,1])","BMLVAR",TRUE,50,100,2.053987111475,2.053892,0.157172420045652,1.745490525,2.36354155,1.00000728266276,37446.9870402192,38139.8559543253,0.000811924902162167,0.00102500000000001,0.002281,0.00232550000000002,"summary-fit-mplus-diagnostics"
4,10,10,"cov(beta[1,1],beta[1,1])","BMLVAR",TRUE,50,100,0.02697365815,0.025722,0.00869881499773436,0.013686975,0.047446075,1.0004541453911,6375.04530653971,10569.0815885033,0.000102448920232196,0.000104,0.0001195,0.000249999999999999,"summary-fit-mplus-diagnostics"
4,10,10,"cov(beta[2,1],beta[1,1])","BMLVAR",TRUE,50,100,0.008032479825,0.007486,0.00560438888127529,-0.001461075,0.0206081,1.00043027232501,4627.69013879173,10411.4049477514,8.05003248672173e-05,8.10000000000001e-05,0.000105,0.000166,"summary-fit-mplus-diagnostics"
4,10,10,"cov(beta[2,1],beta[2,1])","BMLVAR",TRUE,50,100,0.0151816835,0.0142345,0.00633081268141216,0.005685975,0.030191125,1.00084412049709,3101.06866256888,4112.84845048343,0.000104729615064005,0.0001065,0.000128,0.000229,"summary-fit-mplus-diagnostics"
4,10,10,"cov(beta[1,2],beta[1,1])","BMLVAR",TRUE,50,100,0.00121087455,0.001285,0.00346571242723917,-0.005892025,0.007940075,1.00098378489255,2327.38984063841,6999.60920743182,7.30953071134869e-05,7.24999999999999e-05,0.0001135,0.000105,"summary-fit-mplus-diagnostics"
4,10,10,"cov(beta[1,2],beta[2,1])","BMLVAR",TRUE,50,100,0.001497865975,0.001469,0.00282894658098246,-0.004123075,0.00724405,1.00139070901075,1986.56173910551,5491.21026920415,6.28394137521088e-05,6.15e-05,9.9e-05,9.55e-05,"summary-fit-mplus-diagnostics"
4,10,10,"cov(beta[1,2],beta[1,2])","BMLVAR",TRUE,50,100,0.00444185555,0.0039765,0.00238197383872679,0.001257,0.01032405,1.00102019489385,2130.21588142992,5312.31666877744,4.82905138281256e-05,5.09999999999999e-05,2.7e-05,0.0001115,"summary-fit-mplus-diagnostics"
4,10,10,"cov(beta[2,2],beta[1,1])","BMLVAR",TRUE,50,100,0.00950183555,0.009114,0.00682424456631998,-0.002958125,0.024192075,1.0003957562114,9015.20721346798,19117.9006515362,7.05727749517681e-05,7.20000000000003e-05,0.000127,0.000154,"summary-fit-mplus-diagnostics"
4,10,10,"cov(beta[2,2],beta[2,1])","BMLVAR",TRUE,50,100,0.00569297725,0.005607,0.00567365308971832,-0.0053751,0.0172931,1.00036223386246,5221.34247532618,13375.928055039,7.79597854207105e-05,7.94999999999999e-05,0.0001405,0.0001275,"summary-fit-mplus-diagnostics"
4,10,10,"cov(beta[2,2],beta[1,2])","BMLVAR",TRUE,50,100,0.00506231535,0.004707,0.00399960207270162,-0.001792,0.014013025,1.00079089257578,2751.63219565852,6411.8003144273,7.61683034208522e-05,7.85e-05,0.000103,0.0001395,"summary-fit-mplus-diagnostics"
4,10,10,"cov(beta[2,2],beta[2,2])","BMLVAR",TRUE,50,100,0.03411158415,0.032616,0.0103642726747592,0.018279925,0.058560175,1.00016120877584,8626.9041754718,14548.2827566024,0.000106751619487745,0.0001095,0.000124,0.000287,"summary-fit-mplus-diagnostics"
4,10,10,"cov(mu[1,1],mu[1,1])","BMLVAR",TRUE,50,100,1.4314612917,1.387479,0.32202370650679,0.9315748,2.1843183,1.00002588043545,35429.171541359,38119.9046392269,0.00170733046969398,0.0020405,0.002408,0.0076195,"summary-fit-mplus-diagnostics"
4,10,10,"cov(mu[2,1],mu[1,1])","BMLVAR",TRUE,50,100,0.5461700784,0.523943,0.225858379873964,0.165091225,1.0530328,1.00001903972508,34651.3494218714,38150.7318073437,0.00121066351419872,0.001394,0.002361,0.00464350000000001,"summary-fit-mplus-diagnostics"
4,10,10,"cov(mu[2,1],mu[2,1])","BMLVAR",TRUE,50,100,1.213474994925,1.1757945,0.27602040103803,0.785672825,1.859264275,1.0000092484587,33978.4426576509,37693.6856377769,0.00148929354691486,0.00174300000000001,0.00203150000000001,0.00660100000000001,"summary-fit-mplus-diagnostics"
4,10,10,"psi[1,1]","BMLVAR",FALSE,50,100,1.29829206535,1.2979815,0.026303615420617,1.247700825,1.350828425,1.00001307091437,36486.2185142668,38650.9103634604,0.000137942985332649,0.000168500000000016,0.000338999999999967,0.000402500000000017,"summary-fit-mplus-priors-diagnostics"
4,10,10,"psi[2,1]","BMLVAR",FALSE,50,100,0.568604663925,0.568341,0.0220237478773219,0.525989775,0.61246615,1.00002995081244,35673.3298637933,38445.4725902177,0.000116913663330231,0.000144999999999995,0.000284499999999996,0.00032899999999999,"summary-fit-mplus-priors-diagnostics"
4,10,10,"psi[2,2]","BMLVAR",FALSE,50,100,1.566525793275,1.5659805,0.0318331647575877,1.50537675,1.63020735,1.00003045563862,36449.357768098,38258.3516509387,0.00016680625438297,0.000203999999999993,0.000388500000000014,0.000456500000000004,"summary-fit-mplus-priors-diagnostics"
4,10,10,"mean(beta[1,1])","BMLVAR",FALSE,50,100,0.283477346675,0.2836685,0.0232788368165166,0.237312775,0.3287593,1.0004829728691,5024.27661924815,14705.4569964608,0.000337650318317617,0.000342499999999998,0.000473000000000001,0.000440499999999999,"summary-fit-mplus-priors-diagnostics"
4,10,10,"mean(beta[2,1])","BMLVAR",FALSE,50,100,-0.033786614125,-0.033729,0.0197203787432278,-0.0726422,0.00481920000000001,1.00158113190238,1782.94898458264,4923.51568882967,0.000476035809368685,0.000498,0.000636,0.0006745,"summary-fit-mplus-priors-diagnostics"
4,10,10,"mean(beta[1,2])","BMLVAR",FALSE,50,100,-0.043685957225,-0.04369,0.0150135128884318,-0.073097125,-0.014175875,1.00067509908819,1724.67224339443,4091.22401496322,0.000364606381576365,0.00038,0.0005275,0.0005725,"summary-fit-mplus-priors-diagnostics"
4,10,10,"mean(beta[2,2])","BMLVAR",FALSE,50,100,0.255722014775,0.255882,0.0257241038261319,0.204648675,0.305988375,1.00044154349408,6149.66509362802,17009.3844837124,0.000342436652624445,0.0003445,0.000490500000000002,0.000462499999999999,"summary-fit-mplus-priors-diagnostics"
4,10,10,"mean(mu[1,1])","BMLVAR",FALSE,50,100,2.901490401525,2.9018385,0.16060654197334,2.5856109,3.2169798,0.999998648058916,38259.5309466811,38587.0797259261,0.000821042586359313,0.00102750000000003,0.00224900000000003,0.0022435,"summary-fit-mplus-priors-diagnostics"
4,10,10,"mean(mu[2,1])","BMLVAR",FALSE,50,100,2.051477007775,2.0516165,0.148537314817667,1.759140925,2.343740975,1.00002725733915,37260.5919560705,37936.4693288472,0.000769182630329737,0.000936999999999977,0.00210400000000001,0.0022265,"summary-fit-mplus-priors-diagnostics"
4,10,10,"cov(beta[1,1],beta[1,1])","BMLVAR",FALSE,50,100,0.0161761738,0.0154345,0.0054161107640831,0.00780595,0.02881915,1.00052705253785,2835.91230575351,5676.47117533616,9.63307832759321e-05,9.69999999999999e-05,9.45000000000002e-05,0.0001915,"summary-fit-mplus-priors-diagnostics"
4,10,10,"cov(beta[2,1],beta[1,1])","BMLVAR",FALSE,50,100,0.003961971525,0.003667,0.00320436784732582,-0.00153905,0.01110805,1.00141904974635,1467.39575199046,3564.17320592779,8.17438254234872e-05,8e-05,9.7e-05,0.0001505,"summary-fit-mplus-priors-diagnostics"
4,10,10,"cov(beta[2,1],beta[2,1])","BMLVAR",FALSE,50,100,0.00613439775,0.005592,0.00300072056401104,0.001943,0.013441075,1.00191385491516,1438.91472241664,3025.25178490564,7.74784098922774e-05,7.9e-05,5.2e-05,0.0001725,"summary-fit-mplus-priors-diagnostics"
4,10,10,"cov(beta[1,2],beta[1,1])","BMLVAR",FALSE,50,100,0.00208147955,0.002077,0.00204180668343837,-0.002017075,0.00617010000000001,1.00082244304945,1864.68988756892,3851.45867407955,4.76555435416557e-05,4.55e-05,9.95e-05,6.35e-05,"summary-fit-mplus-priors-diagnostics"
4,10,10,"cov(beta[1,2],beta[2,1])","BMLVAR",FALSE,50,100,0.0012263797,0.001151,0.00132902063167295,-0.001226025,0.004106025,1.0008029152221,1946.2237840012,4103.55157493463,2.99513351683932e-05,2.75e-05,5.6e-05,5.65e-05,"summary-fit-mplus-priors-diagnostics"
4,10,10,"cov(beta[1,2],beta[1,2])","BMLVAR",FALSE,50,100,0.002174765725,0.001933,0.00108193094533325,0.000821,0.00491305,1.00053239327427,2673.35193076091,6101.56382417078,2.21084527022635e-05,2.05e-05,5.99999999999999e-06,6.9e-05,"summary-fit-mplus-priors-diagnostics"
4,10,10,"cov(beta[2,2],beta[1,1])","BMLVAR",FALSE,50,100,0.008795909825,0.008496,0.00439301866799103,0.000927850000000006,0.018336075,1.00045674345972,4477.5497255041,9450.70417548913,6.48644337830384e-05,6.35000000000001e-05,9.34999999999999e-05,0.000106,"summary-fit-mplus-priors-diagnostics"
4,10,10,"cov(beta[2,2],beta[2,1])","BMLVAR",FALSE,50,100,0.0067369205,0.006562,0.00335043567507811,0.000601950000000002,0.0138721,1.00092019388267,2328.06051920667,4559.25842649435,7.01853198202883e-05,6.80000000000001e-05,0.0001235,9.59999999999998e-05,"summary-fit-mplus-priors-diagnostics"
4,10,10,"cov(beta[2,2],beta[1,2])","BMLVAR",FALSE,50,100,0.002930755625,0.00273,0.00252275705199335,-0.001492025,0.0084651,1.00122554592249,1622.3278027296,4096.17377045187,6.16478691583905e-05,6.1e-05,7.8e-05,0.000115,"summary-fit-mplus-priors-diagnostics"
4,10,10,"cov(beta[2,2],beta[2,2])","BMLVAR",FALSE,50,100,0.022321536175,0.021439,0.0066994339617886,0.011814975,0.0378681,1.00072639674051,3177.22418121055,7410.63014549343,0.000113982734982699,0.000116,0.0001025,0.000211499999999999,"summary-fit-mplus-priors-diagnostics"
4,10,10,"cov(mu[1,1],mu[1,1])","BMLVAR",FALSE,50,100,1.27094272755,1.236022,0.267728504016279,0.8500722,1.892238325,1.00003361316752,35113.0770977017,37896.0574255101,0.00142749337529697,0.00169349999999998,0.00195600000000001,0.00589999999999999,"summary-fit-mplus-priors-diagnostics"
4,10,10,"cov(mu[2,1],mu[1,1])","BMLVAR",FALSE,50,100,0.476481914725,0.4589445,0.18764012961387,0.156542325,0.894979175,1.00002518404084,35000.3571298719,37799.3617701958,0.001001144215589,0.00119199999999999,0.0018695,0.003944,"summary-fit-mplus-priors-diagnostics"
4,10,10,"cov(mu[2,1],mu[2,1])","BMLVAR",FALSE,50,100,1.079804750325,1.0502735,0.229689686190451,0.71822495,1.6133325,1.00002180471082,33682.109138148,37635.8378751876,0.00124434538000385,0.0014975,0.0017035,0.00548049999999997,"summary-fit-mplus-priors-diagnostics"
5,10,10,"psi[1,1]","BMLVAR",TRUE,100,100,1.295013366775,1.294833,0.0185633344128296,1.259199875,1.331782225,1.00002611628274,36836.5934377592,38941.3294133501,9.67332279997283e-05,0.000122500000000003,0.000251000000000001,0.000252000000000008,"summary-fit-mplus-diagnostics"
5,10,10,"psi[2,1]","BMLVAR",TRUE,100,100,0.57442537115,0.5743275,0.015575395585379,0.54414385,0.6052611,1.00002913727748,37112.8603073078,38404.6336710086,8.08743846056595e-05,0.000100499999999998,0.000209000000000009,0.000214000000000003,"summary-fit-mplus-diagnostics"
5,10,10,"psi[2,2]","BMLVAR",TRUE,100,100,1.56716491655,1.566958,0.0224983936521362,1.523693775,1.611805225,1.00003640434107,36018.0609938784,38212.8639946567,0.000118569475164175,0.000143499999999996,0.000323499999999999,0.000334499999999982,"summary-fit-mplus-diagnostics"
5,10,10,"mean(beta[1,1])","BMLVAR",TRUE,100,100,0.268450499175,0.268491,0.0175463371343274,0.23382885,0.3027582,1.00016771555671,12205.8814979549,24742.6202243539,0.000160300740854329,0.000173500000000003,0.000273000000000002,0.000280999999999998,"summary-fit-mplus-diagnostics"
5,10,10,"mean(beta[2,1])","BMLVAR",TRUE,100,100,-0.03928691625,-0.039265,0.0157746724417169,-0.0703272,-0.00834679999999999,1.00033864939283,7188.81923666884,15958.7238062319,0.000189925477920192,0.0001995,0.000312000000000001,0.0002975,"summary-fit-mplus-diagnostics"
5,10,10,"mean(beta[1,2])","BMLVAR",TRUE,100,100,-0.048770381075,-0.048757,0.0110541361009947,-0.07043805,-0.0271909,1.00077482255539,3527.34755638937,7792.56447224291,0.000194516734671846,0.000208000000000001,0.0002985,0.0002755,"summary-fit-mplus-diagnostics"
5,10,10,"mean(beta[2,2])","BMLVAR",TRUE,100,100,0.2628135664,0.2628495,0.0204093722730373,0.22262075,0.30276415,1.00018873415738,15164.1993179037,27218.7201138361,0.000168921572583975,0.000186,0.000311500000000001,0.000309000000000004,"summary-fit-mplus-diagnostics"
5,10,10,"mean(mu[1,1])","BMLVAR",TRUE,100,100,2.84431705235,2.8443915,0.110063196117007,2.62785635,3.06003605,1.00002298799871,38258.9367993393,38479.1244641257,0.000562720225653747,0.000664500000000001,0.00155200000000004,0.00159349999999998,"summary-fit-mplus-diagnostics"
5,10,10,"mean(mu[2,1])","BMLVAR",TRUE,100,100,2.0143196056,2.014341,0.105473527440073,1.80707265,2.2212264,1.00001886758727,37164.8451980282,38403.3111393935,0.000547197400667098,0.000665999999999978,0.00146500000000003,0.00144949999999999,"summary-fit-mplus-diagnostics"
5,10,10,"cov(beta[1,1],beta[1,1])","BMLVAR",TRUE,100,100,0.01953955315,0.019103,0.00456281325689065,0.011921975,0.029719075,1.00042440496293,5720.73296453865,10049.2725466325,5.87175774919853e-05,6.15e-05,7.40000000000001e-05,0.0001145,"summary-fit-mplus-diagnostics"
5,10,10,"cov(beta[2,1],beta[1,1])","BMLVAR",TRUE,100,100,0.006136489825,0.005913,0.00309309462935485,0.000679950000000002,0.012840025,1.00047975607747,3430.12161693245,6777.50577670753,5.2636553713552e-05,5.15e-05,8.1e-05,9.05000000000002e-05,"summary-fit-mplus-diagnostics"
5,10,10,"cov(beta[2,1],beta[2,1])","BMLVAR",TRUE,100,100,0.011382657325,0.011008,0.00370577917083907,0.005250975,0.019722075,1.00137457730849,1987.07608680763,2804.06614295997,8.11990917417079e-05,8.00000000000001e-05,0.000126,0.000124,"summary-fit-mplus-diagnostics"
5,10,10,"cov(beta[1,2],beta[1,1])","BMLVAR",TRUE,100,100,-0.0003933822,-0.000313,0.00199072124042859,-0.00454705,0.00332305,1.00142933021588,1907.52927607253,4049.00279284699,4.62653665325465e-05,4.6e-05,7.25e-05,6.55e-05,"summary-fit-mplus-diagnostics"
5,10,10,"cov(beta[1,2],beta[2,1])","BMLVAR",TRUE,100,100,0.000942600125,0.0009535,0.00170048113206192,-0.002473,0.004279025,1.00217917037806,1423.80153069968,4000.95700859865,4.52164901027253e-05,4.7e-05,6.55e-05,6.55e-05,"summary-fit-mplus-diagnostics"
5,10,10,"cov(beta[1,2],beta[1,2])","BMLVAR",TRUE,100,100,0.0032491427,0.003005,0.00141905310174242,0.001244,0.006651025,1.00152592490007,1652.32518677404,4140.01597073994,3.41944729817221e-05,3.55e-05,1.8e-05,7.05e-05,"summary-fit-mplus-diagnostics"
5,10,10,"cov(beta[2,2],beta[1,1])","BMLVAR",TRUE,100,100,0.0097685201,0.0095905,0.00391519648921064,0.0025319,0.01798505,1.00026289262536,7363.68724439066,16876.9831541133,4.57045937759256e-05,4.59999999999999e-05,6.65e-05,8.55000000000002e-05,"summary-fit-mplus-diagnostics"
5,10,10,"cov(beta[2,2],beta[2,1])","BMLVAR",TRUE,100,100,0.006337759125,0.00629,0.00340660606373654,-0.000297074999999997,0.01320805,1.00087457560697,3923.76786244512,11491.4940493885,5.61242420589798e-05,5.60000000000001e-05,8.05e-05,7.85000000000001e-05,"summary-fit-mplus-diagnostics"
5,10,10,"cov(beta[2,2],beta[1,2])","BMLVAR",TRUE,100,100,0.002851357025,0.0027355,0.00235095397367365,-0.001446,0.007840025,1.00104063453989,2336.65666543104,4891.83390806733,4.84623694074786e-05,4.85e-05,7.25e-05,8.25e-05,"summary-fit-mplus-diagnostics"
5,10,10,"cov(beta[2,2],beta[2,2])","BMLVAR",TRUE,100,100,0.03081670865,0.030196,0.00624134328382553,0.02040195,0.04473515,1.00029723846222,7829.19831952141,14840.9089040679,7.02564237410171e-05,7.10000000000001e-05,8.25000000000003e-05,0.000152,"summary-fit-mplus-diagnostics"
5,10,10,"cov(mu[1,1],mu[1,1])","BMLVAR",TRUE,100,100,1.18947050355,1.17246,0.180231957321322,0.886130975,1.59037935,1.00000323623655,35462.5826738037,38428.6037137783,0.000954473831558565,0.00111449999999999,0.0016295,0.0036145,"summary-fit-mplus-diagnostics"
5,10,10,"cov(mu[2,1],mu[1,1])","BMLVAR",TRUE,100,100,0.419861165725,0.4117745,0.12967466358632,0.187952125,0.6987239,1.0000019021786,34886.3864862258,38121.3936435543,0.000693117192266972,0.000822000000000003,0.0015785,0.00241200000000001,"summary-fit-mplus-diagnostics"
5,10,10,"cov(mu[2,1],mu[2,1])","BMLVAR",TRUE,100,100,1.087062574075,1.0711475,0.166363021036933,0.807582975,1.456676475,1.00003391551097,34662.4075215163,37927.2554641304,0.000890172972418549,0.00108150000000002,0.00151950000000001,0.003224,"summary-fit-mplus-diagnostics"
5,10,10,"psi[1,1]","BMLVAR",FALSE,100,100,1.2965227985,1.2963605,0.0185952004963865,1.2606458,1.3334722,1.00003396219515,35880.5922947661,38537.5312373104,9.84246691752329e-05,0.000120999999999982,0.000251999999999997,0.000286500000000001,"summary-fit-mplus-priors-diagnostics"
5,10,10,"psi[2,1]","BMLVAR",FALSE,100,100,0.57568536535,0.5755855,0.0156108190451973,0.545324925,0.606570125,1.00004794400404,35492.0455915217,38626.0875585427,8.3028514006624e-05,0.000101500000000004,0.000206499999999998,0.000207000000000002,"summary-fit-mplus-priors-diagnostics"
5,10,10,"psi[2,2]","BMLVAR",FALSE,100,100,1.57080467265,1.5705625,0.0225474678784721,1.5272797,1.61555125,1.00006421644621,35757.9894804399,38422.2214595358,0.000119372266200127,0.000144999999999984,0.000285000000000013,0.000324499999999972,"summary-fit-mplus-priors-diagnostics"
5,10,10,"mean(beta[1,1])","BMLVAR",FALSE,100,100,0.269203603,0.269236,0.0159836023636789,0.2377239,0.300432125,1.0004863613657,5829.20144145861,15687.2681227685,0.000220527263842871,0.000226500000000003,0.000311500000000005,0.000312,"summary-fit-mplus-priors-diagnostics"
5,10,10,"mean(beta[2,1])","BMLVAR",FALSE,100,100,-0.0395567323,-0.039532,0.013817463697344,-0.066705125,-0.01248785,1.00182923875491,1725.28336600295,4653.70926271376,0.000335649429431574,0.000355500000000001,0.000468,0.0004685,"summary-fit-mplus-priors-diagnostics"
5,10,10,"mean(beta[1,2])","BMLVAR",FALSE,100,100,-0.048446841675,-0.0484545,0.0103920714677634,-0.068797075,-0.028066975,1.0014304676838,1934.8116549509,4356.34880358312,0.000239081427493224,0.00025,0.000365,0.000374999999999999,"summary-fit-mplus-priors-diagnostics"
5,10,10,"mean(beta[2,2])","BMLVAR",FALSE,100,100,0.2640578052,0.2640875,0.0189981145168521,0.226766725,0.30117505,1.00047912500181,6305.81863710332,17739.4413711153,0.00024724118223145,0.000246500000000002,0.000335500000000002,0.000331499999999998,"summary-fit-mplus-priors-diagnostics"
5,10,10,"mean(mu[1,1])","BMLVAR",FALSE,100,100,2.84263368955,2.842602,0.107129490467644,2.632344325,3.052827,1.0000080891173,38043.426819176,38618.3560234541,0.000549384333706977,0.000687000000000038,0.00149600000000001,0.00144799999999998,"summary-fit-mplus-priors-diagnostics"
5,10,10,"mean(mu[2,1])","BMLVAR",FALSE,100,100,2.01246118635,2.0124295,0.102511501730541,1.810542075,2.213584025,1.0000045967969,37103.3591491405,38413.9347330982,0.000532000586557601,0.000637499999999991,0.00148350000000002,0.00138600000000004,"summary-fit-mplus-priors-diagnostics"
5,10,10,"cov(beta[1,1],beta[1,1])","BMLVAR",FALSE,100,100,0.014420274525,0.014073,0.00360360292370407,0.008396925,0.02245305,1.00072805351046,2526.62125190454,5559.31468199367,7.18263211820017e-05,7.35e-05,8e-05,0.0001105,"summary-fit-mplus-priors-diagnostics"
5,10,10,"cov(beta[2,1],beta[1,1])","BMLVAR",FALSE,100,100,0.0036996595,0.003542,0.00225446022655157,-0.000281,0.00858605,1.00120343590063,1103.35104836842,2798.66590000866,6.72295445853129e-05,6.85e-05,8.05e-05,9.8e-05,"summary-fit-mplus-priors-diagnostics"
5,10,10,"cov(beta[2,1],beta[2,1])","BMLVAR",FALSE,100,100,0.005589461325,0.005253,0.0022738906468785,0.00216295,0.010940075,1.00311741549121,891.964551347183,1985.36409816277,7.48955316317048e-05,7.55e-05,6e-05,0.0001535,"summary-fit-mplus-priors-diagnostics"
5,10,10,"cov(beta[1,2],beta[1,1])","BMLVAR",FALSE,100,100,0.00054564435,0.0005945,0.00147826791179992,-0.00252205,0.003334,1.00160354738312,1286.70721776873,3302.25315466421,4.11154342372173e-05,4.05e-05,6.7e-05,5.5e-05,"summary-fit-mplus-priors-diagnostics"
5,10,10,"cov(beta[1,2],beta[2,1])","BMLVAR",FALSE,100,100,0.000919984075,0.0008885,0.000985761099741706,-0.000955,0.002976025,1.00176100848101,1377.21649899804,2960.54088347083,2.64420783734599e-05,2.75e-05,4.9e-05,4.35e-05,"summary-fit-mplus-priors-diagnostics"
5,10,10,"cov(beta[1,2],beta[1,2])","BMLVAR",FALSE,100,100,0.00184009905,0.00168,0.000758535686398426,0.00085,0.003728025,1.00094623850503,2601.95785034507,4648.51652718928,1.6633532413271e-05,1.65e-05,4.50000000000001e-06,4.75e-05,"summary-fit-mplus-priors-diagnostics"
5,10,10,"cov(beta[2,2],beta[1,1])","BMLVAR",FALSE,100,100,0.00990269285,0.009741,0.00315880197507877,0.004140975,0.016597025,1.00042524575778,4133.65062196228,9471.36630805044,4.94407246337968e-05,5.04999999999999e-05,6.85000000000001e-05,7.15000000000001e-05,"summary-fit-mplus-priors-diagnostics"
5,10,10,"cov(beta[2,2],beta[2,1])","BMLVAR",FALSE,100,100,0.0076236229,0.007532,0.00250864158289102,0.002914875,0.01282905,1.00125999638194,1701.44004130497,4055.95059926917,6.08301081200177e-05,6e-05,9.7e-05,7.65000000000001e-05,"summary-fit-mplus-priors-diagnostics"
5,10,10,"cov(beta[2,2],beta[1,2])","BMLVAR",FALSE,100,100,0.001921472175,0.001845,0.00183208656234758,-0.001462025,0.005766025,1.0016211732965,1510.74175520247,3798.11360001295,4.70747699000528e-05,4.8e-05,6.55e-05,7.7e-05,"summary-fit-mplus-priors-diagnostics"
5,10,10,"cov(beta[2,2],beta[2,2])","BMLVAR",FALSE,100,100,0.024980961325,0.024524,0.00504548427108682,0.016463,0.036180075,1.00057169928045,3322.70603027807,8060.43543319914,8.76190041206685e-05,8.55000000000002e-05,9.50000000000002e-05,0.0001365,"summary-fit-mplus-priors-diagnostics"
5,10,10,"cov(mu[1,1],mu[1,1])","BMLVAR",FALSE,100,100,1.125412311125,1.1103675,0.165229022336251,0.84602225,1.49240795,1.00000928259832,35342.362295247,38646.234011919,0.000877414015617083,0.001047,0.00150650000000001,0.00308700000000001,"summary-fit-mplus-priors-diagnostics"
5,10,10,"cov(mu[2,1],mu[1,1])","BMLVAR",FALSE,100,100,0.393180926875,0.385829,0.118951050088951,0.18004005,0.647732525,1.0000050779388,34580.7626598717,38152.384167563,0.000638913218949422,0.000777500000000006,0.001452,0.00213700000000001,"summary-fit-mplus-priors-diagnostics"
5,10,10,"cov(mu[2,1],mu[2,1])","BMLVAR",FALSE,100,100,1.028988537275,1.0148775,0.153062756447421,0.77043885,1.36766905,1.00001842033755,34246.4316712892,38058.1251186946,0.000824983888825114,0.00094749999999999,0.00143549999999999,0.00311850000000002,"summary-fit-mplus-priors-diagnostics"
6,10,10,"psi[1,1]","BMLVAR",TRUE,200,100,1.29663090975,1.2965575,0.0131742854757713,1.271000975,1.3227281,1.00004659564744,36860.1806682616,38541.6807027477,6.86424398243445e-05,8.74999999999959e-05,0.000183999999999995,0.000184000000000017,"summary-fit-mplus-diagnostics"
6,10,10,"psi[2,1]","BMLVAR",TRUE,200,100,0.56088068375,0.560832,0.0109659051532707,0.53951085,0.582579075,1.0000133660536,36811.5764584164,38723.4861374315,5.71706956964552e-05,7.39999999999963e-05,0.000142500000000006,0.000158000000000008,"summary-fit-mplus-diagnostics"
6,10,10,"psi[2,2]","BMLVAR",TRUE,200,100,1.554277599325,1.5542,0.0157816244756389,1.52364485,1.5854382,1.00000997792268,35985.7664536215,38757.4483358619,8.32194252812405e-05,0.000102999999999998,0.000226500000000007,0.000204999999999989,"summary-fit-mplus-diagnostics"
6,10,10,"mean(beta[1,1])","BMLVAR",TRUE,200,100,0.280897117175,0.28094,0.0121728432289326,0.25697585,0.304679125,1.00016022300824,10415.941309141,22379.123406494,0.000121510277892037,0.000131500000000004,0.000200999999999996,0.000203999999999999,"summary-fit-mplus-diagnostics"
6,10,10,"mean(beta[2,1])","BMLVAR",TRUE,200,100,-0.03532452415,-0.035331,0.0107776696858952,-0.0564601,-0.0142359,1.000298325266,6983.69857690866,14916.8575167772,0.000132958403379229,0.0001445,0.000209999999999999,0.0002145,"summary-fit-mplus-diagnostics"
6,10,10,"mean(beta[1,2])","BMLVAR",TRUE,200,100,-0.04780953245,-0.0478055,0.00744436102430897,-0.062427075,-0.033189875,1.00066208959729,2254.14767231045,5276.32365928003,0.000158907003758946,0.0001665,0.000235,0.000258,"summary-fit-mplus-diagnostics"
6,10,10,"mean(beta[2,2])","BMLVAR",TRUE,200,100,0.25502336505,0.255055,0.0140008678325577,0.227522825,0.28246925,1.00010534968413,13412.0153522073,26255.5508004696,0.000121690596817745,0.0001315,0.000214999999999999,0.000212499999999996,"summary-fit-mplus-diagnostics"
6,10,10,"mean(mu[1,1])","BMLVAR",TRUE,200,100,2.880010209025,2.8799935,0.0802929439975653,2.722380075,3.03756885,1.00002806669682,38238.9939871881,39161.7577576928,0.000410586516724129,0.000509000000000004,0.00109699999999999,0.00115750000000001,"summary-fit-mplus-diagnostics"
6,10,10,"mean(mu[2,1])","BMLVAR",TRUE,200,100,2.01552384115,2.0154365,0.0774378959934029,1.863896175,2.167542775,1.00001660574936,37616.9232840216,38855.044643286,0.00039929980904599,0.000500499999999982,0.001085,0.00111600000000001,"summary-fit-mplus-diagnostics"
6,10,10,"cov(beta[1,1],beta[1,1])","BMLVAR",TRUE,200,100,0.0183213406,0.018122,0.00296323191009014,0.013106975,0.024698,1.00043291808648,4865.35827303589,9838.36511411409,4.26272969645438e-05,4.50000000000002e-05,5.7e-05,6.55000000000001e-05,"summary-fit-mplus-diagnostics"
6,10,10,"cov(beta[2,1],beta[1,1])","BMLVAR",TRUE,200,100,0.0049604871,0.004871,0.00197224377983935,0.00134795,0.009091025,1.0006486968878,3175.50342074209,6847.98599612137,3.56151479917343e-05,3.7e-05,5.00000000000001e-05,5.34999999999999e-05,"summary-fit-mplus-diagnostics"
6,10,10,"cov(beta[2,1],beta[2,1])","BMLVAR",TRUE,200,100,0.00996295025,0.009793,0.0023734379034947,0.005817975,0.01510005,1.00179991917541,1929.46298026959,3365.04545017385,5.4850361046486e-05,5.6e-05,8.34999999999999e-05,7.84999999999998e-05,"summary-fit-mplus-diagnostics"
6,10,10,"cov(beta[1,2],beta[1,1])","BMLVAR",TRUE,200,100,0.0008931703,0.00091,0.00122575364179373,-0.001578025,0.003254,1.00119480217704,1372.6071042054,3208.4873445705,3.34639280973436e-05,3.35e-05,4.8e-05,5.14999999999999e-05,"summary-fit-mplus-diagnostics"
6,10,10,"cov(beta[1,2],beta[2,1])","BMLVAR",TRUE,200,100,0.001118309725,0.001122,0.0010362971270754,-0.000935,0.003154,1.00139065899991,1116.94496496215,2870.71759086953,3.1167206250986e-05,3.15e-05,4.6e-05,4.35e-05,"summary-fit-mplus-diagnostics"
6,10,10,"cov(beta[1,2],beta[1,2])","BMLVAR",TRUE,200,100,0.00196862255,0.001835,0.000724471534178513,0.000964,0.003709025,1.00140442120162,1446.44897656027,3281.76700244404,2.09796783676634e-05,2.25e-05,7.00000000000001e-06,4.75e-05,"summary-fit-mplus-diagnostics"
6,10,10,"cov(beta[2,2],beta[1,1])","BMLVAR",TRUE,200,100,0.00984137265,0.009759,0.00252594719184714,0.00510895,0.015062025,1.00012255319988,6948.91350549374,16219.8513836678,3.03075302180278e-05,3.14999999999999e-05,4.45e-05,5.19999999999999e-05,"summary-fit-mplus-diagnostics"
6,10,10,"cov(beta[2,2],beta[2,1])","BMLVAR",TRUE,200,100,0.006429074475,0.006409,0.0021622142534508,0.00222795,0.010765,1.00039986013061,3899.55227083772,10884.2922480549,3.49842606470862e-05,3.7e-05,5.24999999999999e-05,4.94999999999998e-05,"summary-fit-mplus-diagnostics"
6,10,10,"cov(beta[2,2],beta[1,2])","BMLVAR",TRUE,200,100,0.002177929825,0.002129,0.0014401638417101,-0.000532024999999999,0.005153,1.00110277054899,1794.10054634967,3890.31102673855,3.40094564335146e-05,3.4e-05,5.5e-05,5.14999999999999e-05,"summary-fit-mplus-diagnostics"
6,10,10,"cov(beta[2,2],beta[2,2])","BMLVAR",TRUE,200,100,0.028211706875,0.0279345,0.00395615349669939,0.021259925,0.03675105,1.00018571476885,7621.39367977851,15998.8535609948,4.50163768328668e-05,4.55000000000001e-05,6.00000000000002e-05,8.05000000000002e-05,"summary-fit-mplus-diagnostics"
6,10,10,"cov(mu[1,1],mu[1,1])","BMLVAR",TRUE,200,100,1.2634624556,1.2546165,0.132132189295365,1.0303727,1.547442775,1.0000312018523,36221.4872129465,38374.5426840671,0.000693784070871849,0.000854999999999995,0.001289,0.00232600000000001,"summary-fit-mplus-diagnostics"
6,10,10,"cov(mu[2,1],mu[1,1])","BMLVAR",TRUE,200,100,0.524663477375,0.5198535,0.097954061182257,0.3461525,0.73040025,1.00006378688703,36023.3641683129,38443.9315506892,0.000516082462380607,0.000619999999999998,0.001114,0.00166000000000001,"summary-fit-mplus-diagnostics"
6,10,10,"cov(mu[2,1],mu[2,1])","BMLVAR",TRUE,200,100,1.167809208375,1.159572,0.122777742674132,0.951171675,1.4314129,1.00003803630249,35291.4335042535,38076.6785633406,0.000652672727835217,0.000810499999999992,0.0013665,0.00210499999999999,"summary-fit-mplus-diagnostics"
6,10,10,"psi[1,1]","BMLVAR",FALSE,200,100,1.297239253925,1.297166,0.0131503972389314,1.271658875,1.323294125,1.00005008090175,37230.3165845928,38372.9668840234,6.81941164083655e-05,8.09999999999977e-05,0.000169500000000011,0.000179499999999999,"summary-fit-mplus-priors-diagnostics"
6,10,10,"psi[2,1]","BMLVAR",FALSE,200,100,0.561639894925,0.561596,0.0109756176548371,0.540221925,0.58331605,1.00001813072747,35551.9463115177,39114.3845189458,5.83157072887481e-05,7.15000000000021e-05,0.000149499999999997,0.000153999999999993,"summary-fit-mplus-priors-diagnostics"
6,10,10,"psi[2,2]","BMLVAR",FALSE,200,100,1.5565830567,1.5565265,0.0158313018136883,1.5258649,1.5878332,1.00004991555569,33467.5980936028,38507.0909455653,8.68751294641913e-05,0.000101499999999988,0.000210500000000002,0.00022350000000001,"summary-fit-mplus-priors-diagnostics"
6,10,10,"mean(beta[1,1])","BMLVAR",FALSE,200,100,0.28124389525,0.2812795,0.0116488860297917,0.258277875,0.303993075,1.00020214069496,6432.41492779105,17433.9771263608,0.000148807779972791,0.000153999999999999,0.000213500000000003,0.000197,"summary-fit-mplus-priors-diagnostics"
6,10,10,"mean(beta[2,1])","BMLVAR",FALSE,200,100,-0.035605267325,-0.0355805,0.00998218134332849,-0.055205075,-0.016091875,1.00086624011338,2819.70261952226,7332.20692114018,0.000201077401128919,0.000213,0.000293,0.0002865,"summary-fit-mplus-priors-diagnostics"
6,10,10,"mean(beta[1,2])","BMLVAR",FALSE,200,100,-0.04760817235,-0.04762,0.00723271390008349,-0.0617911,-0.033430925,1.00127617687525,1579.53023059884,3693.73555643247,0.000182877507014381,0.0001865,0.000268500000000001,0.0002875,"summary-fit-mplus-priors-diagnostics"
6,10,10,"mean(beta[2,2])","BMLVAR",FALSE,200,100,0.255782372025,0.2558035,0.0135092508374557,0.22918885,0.28220215,1.00025601557733,7626.33899929695,19943.8131409976,0.000158018023325286,0.000164000000000007,0.000232999999999998,0.000233499999999995,"summary-fit-mplus-priors-diagnostics"
6,10,10,"mean(mu[1,1])","BMLVAR",FALSE,200,100,2.8791276638,2.879276,0.0791827278808112,2.723403375,3.0341338,1.0000233441333,38129.4260563768,38835.1238176682,0.000405493538878314,0.000496999999999992,0.0011325,0.00110249999999994,"summary-fit-mplus-priors-diagnostics"
6,10,10,"mean(mu[2,1])","BMLVAR",FALSE,200,100,2.0149017644,2.01482,0.0763715973534588,1.8652901,2.164647175,1.00003999355208,37487.5149356093,38886.7258652669,0.000394458179621044,0.000470000000000026,0.00102999999999999,0.00096750000000001,"summary-fit-mplus-priors-diagnostics"
6,10,10,"cov(beta[1,1],beta[1,1])","BMLVAR",FALSE,200,100,0.01590255625,0.0157245,0.00265279098261247,0.011234975,0.021613,1.00049678974941,2696.30884920228,6299.55115971993,5.12301204086212e-05,5.24999999999999e-05,6.2e-05,7.35000000000001e-05,"summary-fit-mplus-priors-diagnostics"
6,10,10,"cov(beta[2,1],beta[1,1])","BMLVAR",FALSE,200,100,0.003663685775,0.003583,0.00168721343961742,0.000574975000000001,0.007194025,1.00158182749927,1343.55712216986,3280.74008582909,4.65294917146307e-05,4.8e-05,6e-05,6.7e-05,"summary-fit-mplus-priors-diagnostics"
6,10,10,"cov(beta[2,1],beta[2,1])","BMLVAR",FALSE,200,100,0.006578796325,0.006394,0.00191300270330227,0.003398,0.010834025,1.00386264607303,720.583413115822,1399.13322891814,7.04597389582591e-05,7.35e-05,7.55e-05,9.84999999999999e-05,"summary-fit-mplus-priors-diagnostics"
6,10,10,"cov(beta[1,2],beta[1,1])","BMLVAR",FALSE,200,100,0.001217444175,0.001235,0.00106732173944848,-0.000935,0.00327,1.00148087686389,1126.14390506599,2996.86378647199,3.22725855708424e-05,3.3e-05,4.95e-05,4.15e-05,"summary-fit-mplus-priors-diagnostics"
6,10,10,"cov(beta[1,2],beta[2,1])","BMLVAR",FALSE,200,100,0.001107375475,0.001091,0.000763369672778801,-0.000364,0.002658,1.0022575871533,1049.89380035631,2244.35213496585,2.34717663254414e-05,2.4e-05,4e-05,3.2e-05,"summary-fit-mplus-priors-diagnostics"
6,10,10,"cov(beta[1,2],beta[1,2])","BMLVAR",FALSE,200,100,0.00149057685,0.001401,0.000457386836198646,0.000872,0.002614,1.00083927122985,2395.39578960579,3838.77808638866,1.11394143781507e-05,9.99999999999999e-06,3.99999999999998e-06,3.45000000000001e-05,"summary-fit-mplus-priors-diagnostics"
6,10,10,"cov(beta[2,2],beta[1,1])","BMLVAR",FALSE,200,100,0.0099861532,0.009905,0.0022881210956291,0.005722975,0.014727025,1.00044616271796,4128.68563680819,11577.5484075118,3.57545221773492e-05,3.65000000000002e-05,4.7e-05,4.60000000000001e-05,"summary-fit-mplus-priors-diagnostics"
6,10,10,"cov(beta[2,2],beta[2,1])","BMLVAR",FALSE,200,100,0.007355459525,0.007328,0.00186544434981387,0.003757,0.011107025,1.00084411093257,1649.47533746636,4753.26100502977,4.6292204105131e-05,4.75000000000001e-05,6.25000000000001e-05,5.54999999999998e-05,"summary-fit-mplus-priors-diagnostics"
6,10,10,"cov(beta[2,2],beta[1,2])","BMLVAR",FALSE,200,100,0.001763621825,0.001729,0.00127144885084999,-0.000637,0.004368,1.00135760594588,1389.90161247995,3247.91804335282,3.41701208860523e-05,3.55e-05,5e-05,5.65e-05,"summary-fit-mplus-priors-diagnostics"
6,10,10,"cov(beta[2,2],beta[2,2])","BMLVAR",FALSE,200,100,0.02528357275,0.0250405,0.00356388252095782,0.01898295,0.032943075,1.00036420080402,3957.42702859859,9684.84718204265,5.70201561074765e-05,5.80000000000001e-05,6.75000000000001e-05,8.60000000000007e-05,"summary-fit-mplus-priors-diagnostics"
6,10,10,"cov(mu[1,1],mu[1,1])","BMLVAR",FALSE,200,100,1.22911033265,1.2207995,0.126446652346647,1.0052683,1.499465775,1.00002340131349,35974.0967264294,38626.590659216,0.000666666304360112,0.000814999999999999,0.00131999999999999,0.00215399999999999,"summary-fit-mplus-priors-diagnostics"
6,10,10,"cov(mu[2,1],mu[1,1])","BMLVAR",FALSE,200,100,0.50809082255,0.5037795,0.0937205797390605,0.3373525,0.704609225,1.00003289370652,35991.8686142924,38366.7423149818,0.000493822365286545,0.000608000000000006,0.001085,0.00157250000000002,"summary-fit-mplus-priors-diagnostics"
6,10,10,"cov(mu[2,1],mu[2,1])","BMLVAR",FALSE,200,100,1.136066092275,1.128521,0.117868369633384,0.92734205,1.38847235,1.00004811935443,35089.9530433469,37831.5259204268,0.000629204739675031,0.000757999999999981,0.00127300000000001,0.00204500000000001,"summary-fit-mplus-priors-diagnostics"
7,10,10,"psi[1,1]","BMLVAR",TRUE,50,200,1.2844006311,1.284206,0.0182802728641044,1.249057725,1.3207592,0.999999612118774,38496.8406933379,39081.3052992347,9.31485276028885e-05,0.000114499999999984,0.000241499999999994,0.000248999999999988,"summary-fit-mplus-diagnostics"
7,10,10,"psi[2,1]","BMLVAR",TRUE,50,200,0.5633104339,0.5632015,0.015365227142104,0.533436825,0.593689125,1.00000417480676,38441.5782268421,39094.1384177374,7.83784651094949e-05,9.85000000000014e-05,0.000197000000000003,0.000222000000000011,"summary-fit-mplus-diagnostics"
7,10,10,"psi[2,2]","BMLVAR",TRUE,50,200,1.5643149398,1.564119,0.0222693405932145,1.52116465,1.6085472,1.00000506976628,38537.8877710935,39525.8338559235,0.000113443819144582,0.000141000000000002,0.000322000000000011,0.000321500000000019,"summary-fit-mplus-diagnostics"
7,10,10,"mean(beta[1,1])","BMLVAR",TRUE,50,200,0.2755012456,0.275568,0.0245073738547701,0.22696065,0.3234974,1.00005261544911,21799.8368166202,31779.79550691,0.000167154270972261,0.000196499999999998,0.000377,0.000359499999999999,"summary-fit-mplus-diagnostics"
7,10,10,"mean(beta[2,1])","BMLVAR",TRUE,50,200,-0.039037344825,-0.0390215,0.0200002151970906,-0.078593175,0.000277225000000013,1.00007808808507,15193.926490319,25613.5334843598,0.00016948144046425,0.0001825,0.000357,0.0003475,"summary-fit-mplus-diagnostics"
7,10,10,"mean(beta[1,2])","BMLVAR",TRUE,50,200,-0.04991173005,-0.0499455,0.0120567048216754,-0.073536125,-0.026161875,1.00023152495996,5510.90456320431,12514.1720211564,0.000165177993933786,0.0001825,0.000267,0.0002755,"summary-fit-mplus-diagnostics"
7,10,10,"mean(beta[2,2])","BMLVAR",TRUE,50,200,0.24912759755,0.2491885,0.0282149830053603,0.19343865,0.304399275,1.00002746291485,24798.1060900885,33255.7832526915,0.00018009477927827,0.000211999999999998,0.000447500000000002,0.000432500000000005,"summary-fit-mplus-diagnostics"
7,10,10,"mean(mu[1,1])","BMLVAR",TRUE,50,200,2.864026730175,2.864122,0.155686583982458,2.5575543,3.170222175,1.00004096862646,38898.6151019202,38739.0142323037,0.000789755890233969,0.000966499999999959,0.00223249999999995,0.0023075,"summary-fit-mplus-diagnostics"
7,10,10,"mean(mu[2,1])","BMLVAR",TRUE,50,200,2.0942613226,2.0942475,0.146113852278737,1.806118625,2.3823692,1.00003974136129,38396.9850118942,38649.8405046751,0.000745567650262624,0.000914000000000026,0.00207649999999999,0.0021355,"summary-fit-mplus-diagnostics"
7,10,10,"cov(beta[1,1],beta[1,1])","BMLVAR",TRUE,50,200,0.0251834032,0.024168,0.00702134457447392,0.0144679,0.04168525,1.00022825971841,13927.3258919134,21971.720356106,5.72768136002447e-05,5.89999999999999e-05,6.20000000000001e-05,0.0001695,"summary-fit-mplus-diagnostics"
7,10,10,"cov(beta[2,1],beta[1,1])","BMLVAR",TRUE,50,200,0.008749005175,0.008273,0.0043671578274824,0.001527975,0.01870205,1.0004280031407,10550.5870838942,18393.3531115229,4.24152792910164e-05,4.6e-05,6.4e-05,0.0001135,"summary-fit-mplus-diagnostics"
7,10,10,"cov(beta[2,1],beta[2,1])","BMLVAR",TRUE,50,200,0.013547887075,0.012878,0.00464018559145113,0.00646395,0.0244391,1.00031192727727,7105.05454612732,10579.4753288745,5.35639143321609e-05,5.29999999999998e-05,6.65e-05,0.0001405,"summary-fit-mplus-diagnostics"
7,10,10,"cov(beta[1,2],beta[1,1])","BMLVAR",TRUE,50,200,0.00084878035,0.000878,0.00233703503125922,-0.003895,0.005434,1.00034966880462,4363.38525845706,10728.2934109035,3.52638080260449e-05,3.4e-05,6.25e-05,5.6e-05,"summary-fit-mplus-diagnostics"
7,10,10,"cov(beta[1,2],beta[2,1])","BMLVAR",TRUE,50,200,0.000357719975,0.000366,0.00188429629517829,-0.003431,0.00408405,1.00051457377567,3715.60542399628,8940.63809406292,3.05382602950903e-05,3.05e-05,5.40000000000001e-05,5.25e-05,"summary-fit-mplus-diagnostics"
7,10,10,"cov(beta[1,2],beta[1,2])","BMLVAR",TRUE,50,200,0.002842248325,0.002576,0.00137961103479653,0.000983,0.006218025,1.00039963231688,3396.54086380461,8989.71002276295,2.28535700001434e-05,2.35e-05,1.05e-05,5.79999999999999e-05,"summary-fit-mplus-diagnostics"
7,10,10,"cov(beta[2,2],beta[1,1])","BMLVAR",TRUE,50,200,0.011228274,0.0107585,0.00593883167515667,0.000797950000000002,0.024322175,1.00009617660397,17781.3077153507,27079.7720547206,4.36092513228643e-05,4.74999999999999e-05,8.55e-05,0.000132,"summary-fit-mplus-diagnostics"
7,10,10,"cov(beta[2,2],beta[2,1])","BMLVAR",TRUE,50,200,0.0066167041,0.006403,0.00465660635938483,-0.002046075,0.016479075,1.00016908205897,11590.8895394808,21299.1567589594,4.33578533247582e-05,4.60000000000001e-05,8.2e-05,9.65000000000002e-05,"summary-fit-mplus-diagnostics"
7,10,10,"cov(beta[2,2],beta[1,2])","BMLVAR",TRUE,50,200,0.00274615145,0.002554,0.00274679885934006,-0.002148075,0.008731,1.00043725981935,4642.99495887771,10481.3649064411,4.00328732647747e-05,4e-05,5.9e-05,7.79999999999999e-05,"summary-fit-mplus-diagnostics"
7,10,10,"cov(beta[2,2],beta[2,2])","BMLVAR",TRUE,50,200,0.0352511537,0.033936,0.00935802070962458,0.02092895,0.0572542,1.00010866631415,17073.0765661796,25078.6091266746,6.91007642434667e-05,7.50000000000004e-05,8.85000000000001e-05,0.000222999999999999,"summary-fit-mplus-diagnostics"
7,10,10,"cov(mu[1,1],mu[1,1])","BMLVAR",TRUE,50,200,1.21137111125,1.1740815,0.270573025854532,0.7922977,1.84315935,1.00002717217509,36397.3645644193,38672.6777906773,0.00141644418100938,0.00168350000000001,0.00209500000000001,0.00615050000000001,"summary-fit-mplus-diagnostics"
7,10,10,"cov(mu[2,1],mu[1,1])","BMLVAR",TRUE,50,200,0.3441443108,0.329504,0.185088688245194,0.0192054000000001,0.75246095,1.00001892350081,36035.6927058032,37886.7331672052,0.000974262148756596,0.001141,0.0021645,0.00389,"summary-fit-mplus-diagnostics"
7,10,10,"cov(mu[2,1],mu[2,1])","BMLVAR",TRUE,50,200,1.050073077125,1.0172695,0.236421188742666,0.68438145,1.603391025,1.00003645721983,35651.5816266543,38001.242528809,0.00125155346719809,0.00145000000000001,0.00175500000000001,0.00551200000000001,"summary-fit-mplus-diagnostics"
7,10,10,"psi[1,1]","BMLVAR",FALSE,50,200,1.2845606222,1.2843885,0.0182655835354094,1.2492608,1.3208242,1.0000418398634,38147.1581276333,39009.2739333777,9.35297598256684e-05,0.000117500000000004,0.000251499999999982,0.000261999999999996,"summary-fit-mplus-priors-diagnostics"
7,10,10,"psi[2,1]","BMLVAR",FALSE,50,200,0.563661045525,0.5635355,0.0153760494507395,0.533856725,0.594087125,1.00006806898838,37510.8849096123,38790.9460170901,7.9391811351496e-05,9.95000000000135e-05,0.000224000000000002,0.00022100000000001,"summary-fit-mplus-priors-diagnostics"
7,10,10,"psi[2,2]","BMLVAR",FALSE,50,200,1.56573070405,1.5655015,0.0223281530762581,1.522597825,1.610094375,1.00000359263697,37145.7464554026,39146.0547973582,0.000115969428853577,0.000145999999999979,0.000307500000000016,0.000310999999999995,"summary-fit-mplus-priors-diagnostics"
7,10,10,"mean(beta[1,1])","BMLVAR",FALSE,50,200,0.275865698725,0.2758935,0.0213676395142387,0.23369285,0.31770325,1.00008486089439,15824.2852902954,27069.253404896,0.000176820454071296,0.000199500000000004,0.000369999999999995,0.000319499999999998,"summary-fit-mplus-priors-diagnostics"
7,10,10,"mean(beta[2,1])","BMLVAR",FALSE,50,200,-0.039226141875,-0.0392035,0.0167254742264593,-0.072258225,-0.00646784999999999,1.00028187984808,7491.51221800302,16469.8418656405,0.000208496803498817,0.0002235,0.0003525,0.0003275,"summary-fit-mplus-priors-diagnostics"
7,10,10,"mean(beta[1,2])","BMLVAR",FALSE,50,200,-0.0498336921,-0.049812,0.0109793844566961,-0.0713631,-0.028336875,1.00029161249057,3501.8592454518,8047.39410164436,0.000187058390536155,0.000193500000000001,0.000277,0.0002775,"summary-fit-mplus-priors-diagnostics"
7,10,10,"mean(beta[2,2])","BMLVAR",FALSE,50,200,0.249485810425,0.2495675,0.0246788339087278,0.200672875,0.297710425,1.00004646323476,18256.7560475367,30223.459396369,0.000189441925555245,0.000216499999999999,0.000373999999999999,0.000360000000000002,"summary-fit-mplus-priors-diagnostics"
7,10,10,"mean(mu[1,1])","BMLVAR",FALSE,50,200,2.86083059945,2.860897,0.147308232774475,2.570762225,3.149825025,1.00004413993905,38673.1746528017,38490.9374032139,0.000749124181283579,0.0009355,0.00211349999999997,0.00215849999999997,"summary-fit-mplus-priors-diagnostics"
7,10,10,"mean(mu[2,1])","BMLVAR",FALSE,50,200,2.092006091325,2.091843,0.138284567280004,1.820001525,2.3642303,1.00001398037847,38325.9842200559,38604.1009164627,0.000706297562970665,0.000879499999999955,0.002029,0.00191399999999999,"summary-fit-mplus-priors-diagnostics"
7,10,10,"cov(beta[1,1],beta[1,1])","BMLVAR",FALSE,50,200,0.01778722685,0.017185,0.00471872656420725,0.01036495,0.02870005,1.00021376794786,9415.10885421138,16940.6555031561,4.70668727495322e-05,5.05e-05,5.55e-05,0.0001165,"summary-fit-mplus-priors-diagnostics"
7,10,10,"cov(beta[2,1],beta[1,1])","BMLVAR",FALSE,50,200,0.005732187275,0.005454,0.00280695156979015,0.00103095,0.01205005,1.00033701838404,4992.38850625298,9918.34825065453,3.93001057962052e-05,3.95e-05,5.05e-05,8.3e-05,"summary-fit-mplus-priors-diagnostics"
7,10,10,"cov(beta[2,1],beta[2,1])","BMLVAR",FALSE,50,200,0.007437586475,0.007044,0.0028019205089245,0.003148975,0.013992025,1.00070675937539,3048.44890757545,5109.91529783414,4.74585062674259e-05,4.74999999999999e-05,5.2e-05,0.000102,"summary-fit-mplus-priors-diagnostics"
7,10,10,"cov(beta[1,2],beta[1,1])","BMLVAR",FALSE,50,200,0.001269904975,0.001269,0.00156060965341503,-0.001839,0.004377025,1.00059039568377,3281.81719436176,7667.47352451525,2.71065391243215e-05,2.75e-05,4.95e-05,4.05e-05,"summary-fit-mplus-priors-diagnostics"
7,10,10,"cov(beta[1,2],beta[2,1])","BMLVAR",FALSE,50,200,0.00054213465,0.000533,0.00111040804305398,-0.001643,0.002776,1.00078985076631,2955.6164025012,6261.77581365042,2.05088400438849e-05,1.9e-05,3.7e-05,3.25000000000001e-05,"summary-fit-mplus-priors-diagnostics"
7,10,10,"cov(beta[1,2],beta[1,2])","BMLVAR",FALSE,50,200,0.001655784675,0.001513,0.000686064028875904,0.000752,0.003372025,1.00049163479348,5195.78592539903,9705.13129186567,1.01518623861381e-05,8.99999999999999e-06,4e-06,3.1e-05,"summary-fit-mplus-priors-diagnostics"
7,10,10,"cov(beta[2,2],beta[1,1])","BMLVAR",FALSE,50,200,0.009569589475,0.009253,0.00406970465301711,0.002445975,0.018512075,1.0001602443349,12381.5251364938,21197.5504215434,3.56993994785863e-05,3.65e-05,6.29999999999999e-05,9.00000000000002e-05,"summary-fit-mplus-priors-diagnostics"
7,10,10,"cov(beta[2,2],beta[2,1])","BMLVAR",FALSE,50,200,0.006619104025,0.00645,0.00304251859276702,0.001083975,0.013150075,1.00042902065281,5867.23803489214,12613.2137952745,3.90411511407161e-05,4e-05,6.3e-05,7.19999999999999e-05,"summary-fit-mplus-priors-diagnostics"
7,10,10,"cov(beta[2,2],beta[1,2])","BMLVAR",FALSE,50,200,0.001564096125,0.0014665,0.00187798102407436,-0.001883,0.00557005,1.00059895869141,3093.3282008809,7551.68418737929,3.33761118943853e-05,3.25e-05,4.65e-05,6.34999999999999e-05,"summary-fit-mplus-priors-diagnostics"
7,10,10,"cov(beta[2,2],beta[2,2])","BMLVAR",FALSE,50,200,0.02570525875,0.02489,0.0063453404398305,0.015726,0.040420175,1.0001731047768,10847.0866295075,19172.7265696558,5.92945572425542e-05,6.10000000000005e-05,6.90000000000001e-05,0.0001555,"summary-fit-mplus-priors-diagnostics"
7,10,10,"cov(mu[1,1],mu[1,1])","BMLVAR",FALSE,50,200,1.0806075507,1.05176,0.225466124954393,0.7238659,1.6021562,1.00001954850174,36457.5806834953,38249.4152420067,0.00118070664556252,0.001361,0.00190350000000001,0.0050395,"summary-fit-mplus-priors-diagnostics"
7,10,10,"cov(mu[2,1],mu[1,1])","BMLVAR",FALSE,50,200,0.301123509925,0.289823,0.154459282112225,0.027379775,0.638528325,1.00002512937804,36250.7773226158,38684.0079007322,0.000810667368194354,0.000941000000000006,0.0018385,0.0030575,"summary-fit-mplus-priors-diagnostics"
7,10,10,"cov(mu[2,1],mu[2,1])","BMLVAR",FALSE,50,200,0.9384774302,0.913281,0.196863573836795,0.6280105,1.394387675,1.00000880824155,35501.5178872653,38114.9374768009,0.00104439555494893,0.00122,0.0015195,0.00437000000000001,"summary-fit-mplus-priors-diagnostics"
8,10,10,"psi[1,1]","BMLVAR",TRUE,100,200,1.303906741475,1.3038025,0.0131449708651216,1.27838375,1.329981175,1.00003404248581,38582.9090782938,39045.8309393149,6.69432791739753e-05,8.80000000000103e-05,0.00016799999999999,0.000191000000000008,"summary-fit-mplus-diagnostics"
8,10,10,"psi[2,1]","BMLVAR",TRUE,100,200,0.5675754573,0.567526,0.0109017859170412,0.54633985,0.589076075,1.00002753579438,38648.6857756924,39416.174220398,5.54607779174989e-05,6.74999999999926e-05,0.000147499999999989,0.000149500000000002,"summary-fit-mplus-diagnostics"
8,10,10,"psi[2,2]","BMLVAR",TRUE,100,200,1.54459365225,1.5445105,0.0155446673959686,1.514385825,1.575387175,1.00002368712853,38494.4415371191,39066.9553314608,7.92354260422677e-05,0.00010150000000001,0.000204999999999989,0.000213500000000022,"summary-fit-mplus-diagnostics"
8,10,10,"mean(beta[1,1])","BMLVAR",TRUE,100,200,0.275815195875,0.275846,0.015845790512543,0.244633925,0.306891175,1.0000275814092,20118.6112264999,30993.1053036502,0.0001120173644788,0.000125500000000001,0.000236999999999997,0.00023,"summary-fit-mplus-diagnostics"
8,10,10,"mean(beta[2,1])","BMLVAR",TRUE,100,200,-0.037569572725,-0.0375635,0.0130767379648023,-0.06332015,-0.0119808,1.00009772610132,14723.6486864607,25804.1111769349,0.000108535448651585,0.000120999999999999,0.000224,0.000206,"summary-fit-mplus-diagnostics"
8,10,10,"mean(beta[1,2])","BMLVAR",TRUE,100,200,-0.04519475395,-0.045196,0.00810413667982939,-0.061100075,-0.0293289,1.00030896548694,4499.11218606905,9958.91945298145,0.000122830790670595,0.000128499999999999,0.000198000000000001,0.000202,"summary-fit-mplus-diagnostics"
8,10,10,"mean(beta[2,2])","BMLVAR",TRUE,100,200,0.250339366025,0.250367,0.0185378154011835,0.21371685,0.2866692,1.0000669635105,24481.5249116604,33890.688958599,0.000118704297542549,0.000138999999999999,0.000273499999999999,0.000268500000000002,"summary-fit-mplus-diagnostics"
8,10,10,"mean(mu[1,1])","BMLVAR",TRUE,100,200,2.864810682825,2.8647845,0.113896768914556,2.641102525,3.0886902,1.00005006620687,38715.8598988183,38836.4932219857,0.000579031506167759,0.000726999999999967,0.00159600000000002,0.00153350000000001,"summary-fit-mplus-diagnostics"
8,10,10,"mean(mu[2,1])","BMLVAR",TRUE,100,200,2.0190130728,2.0190325,0.10659048668225,1.810379225,2.228387125,1.00001821289016,38432.4133688143,38771.5448263196,0.000543637528295343,0.000687499999999996,0.00149699999999998,0.00151800000000002,"summary-fit-mplus-diagnostics"
8,10,10,"cov(beta[1,1],beta[1,1])","BMLVAR",TRUE,100,200,0.01964804385,0.019276,0.00377817578463388,0.013315,0.028073,1.00026570824171,11590.1850257979,20436.3328843833,3.4390674182241e-05,3.5e-05,4.45000000000001e-05,8.09999999999998e-05,"summary-fit-mplus-diagnostics"
8,10,10,"cov(beta[2,1],beta[1,1])","BMLVAR",TRUE,100,200,0.00671452275,0.006539,0.00238839251365255,0.002522,0.011899,1.000358222928,8780.49178301444,17003.4280479648,2.53329876996018e-05,2.64999999999998e-05,3.45e-05,5.70000000000003e-05,"summary-fit-mplus-diagnostics"
8,10,10,"cov(beta[2,1],beta[2,1])","BMLVAR",TRUE,100,200,0.01067570455,0.010431,0.00256729761449809,0.006369975,0.01639605,1.00026158210602,6420.35877990446,11430.0771105436,3.14244241505058e-05,3.3e-05,4.25e-05,6.40000000000001e-05,"summary-fit-mplus-diagnostics"
8,10,10,"cov(beta[1,2],beta[1,1])","BMLVAR",TRUE,100,200,0.001658195675,0.001652,0.0013319684231902,-0.000949,0.004311,1.00048420596169,3159.31883562393,7504.52779502857,2.39137455446158e-05,2.7e-05,3.65e-05,3.9e-05,"summary-fit-mplus-diagnostics"
8,10,10,"cov(beta[1,2],beta[2,1])","BMLVAR",TRUE,100,200,0.00105806015,0.001048,0.00108398912467319,-0.001059025,0.003232,1.00049809693383,2650.94633958104,6605.21131529086,2.1137880109747e-05,2.3e-05,3.4e-05,3.35e-05,"summary-fit-mplus-diagnostics"
8,10,10,"cov(beta[1,2],beta[1,2])","BMLVAR",TRUE,100,200,0.002051495275,0.001931,0.00074254172283837,0.000976,0.003816,1.00100813079076,3013.17121697604,6399.32288215196,1.49476665196412e-05,1.55e-05,9.5e-06,3.15000000000001e-05,"summary-fit-mplus-diagnostics"
8,10,10,"cov(beta[2,2],beta[1,1])","BMLVAR",TRUE,100,200,0.00866103685,0.008495,0.00324460810722719,0.002732975,0.015526025,1.00008981461027,15657.3233643758,25897.0318320256,2.57038486314698e-05,2.69999999999999e-05,4.55e-05,6.10000000000002e-05,"summary-fit-mplus-diagnostics"
8,10,10,"cov(beta[2,2],beta[2,1])","BMLVAR",TRUE,100,200,0.0055319365,0.0054575,0.00259858140252672,0.000590925000000003,0.01087705,1.00011452534731,10709.4071793683,20513.4152198432,2.50206838603726e-05,2.7e-05,4.6e-05,4.94999999999999e-05,"summary-fit-mplus-diagnostics"
8,10,10,"cov(beta[2,2],beta[1,2])","BMLVAR",TRUE,100,200,0.002488461475,0.00241,0.00160057280894728,-0.000438024999999999,0.005886,1.00055828342945,3819.88186625185,8233.97623362621,2.59607502246033e-05,2.8e-05,4.1e-05,4.40000000000001e-05,"summary-fit-mplus-diagnostics"
8,10,10,"cov(beta[2,2],beta[2,2])","BMLVAR",TRUE,100,200,0.02888101165,0.028379,0.00515238348590204,0.02024595,0.0403941,1.00008296112666,16963.0109730367,27199.278004073,3.90985674134702e-05,4.24999999999998e-05,5.34999999999997e-05,0.000113,"summary-fit-mplus-diagnostics"
8,10,10,"cov(mu[1,1],mu[1,1])","BMLVAR",TRUE,100,200,1.28887050575,1.270447,0.192873362822465,0.964951125,1.718411975,1.00000996442285,37215.7098750722,38657.2199284929,0.000998452536140526,0.00116550000000003,0.00183699999999998,0.00403100000000003,"summary-fit-mplus-diagnostics"
8,10,10,"cov(mu[2,1],mu[1,1])","BMLVAR",TRUE,100,200,0.48184761165,0.4727885,0.137077781774715,0.23808505,0.7766471,1.00002024138094,37135.9916316414,38451.9967063322,0.000710859094270622,0.000835499999999997,0.001645,0.00277550000000001,"summary-fit-mplus-diagnostics"
8,10,10,"cov(mu[2,1],mu[2,1])","BMLVAR",TRUE,100,200,1.124578934675,1.1083855,0.16919348846214,0.840067225,1.499882675,1.00002756253131,36858.6304929867,38686.2289622229,0.000880672725520408,0.001053,0.00158549999999999,0.00331850000000001,"summary-fit-mplus-diagnostics"
8,10,10,"psi[1,1]","BMLVAR",FALSE,100,200,1.30405358045,1.3039525,0.013128361361829,1.2785808,1.329955175,1.00001152874364,38715.8256151602,39025.2670011574,6.67283552445669e-05,8.24999999999965e-05,0.000172499999999998,0.000193000000000021,"summary-fit-mplus-priors-diagnostics"
8,10,10,"psi[2,1]","BMLVAR",FALSE,100,200,0.5678653137,0.567823,0.0108932556411876,0.5466099,0.5893262,1.00003459036282,38248.9191876013,38817.7025016187,5.57063806839761e-05,7.20000000000054e-05,0.000142999999999993,0.000159999999999999,"summary-fit-mplus-priors-diagnostics"
8,10,10,"psi[2,2]","BMLVAR",FALSE,100,200,1.545435956025,1.5453475,0.0155728571105636,1.5150879,1.576311125,1.00000454276868,37172.4651366032,38832.6147202468,8.08078463131591e-05,9.89999999999713e-05,0.000207999999999986,0.000223000000000018,"summary-fit-mplus-priors-diagnostics"
8,10,10,"mean(beta[1,1])","BMLVAR",FALSE,100,200,0.275871645175,0.275896,0.0147492824840886,0.24680585,0.30475115,1.00006715523439,15765.0079315779,28686.4280015804,0.00011834334704645,0.000130499999999994,0.000230000000000008,0.000213499999999997,"summary-fit-mplus-priors-diagnostics"
8,10,10,"mean(beta[2,1])","BMLVAR",FALSE,100,200,-0.037791940975,-0.0377605,0.0118774930978178,-0.0611652,-0.01452685,1.00015491485253,9730.6551160991,20237.8751786918,0.000122791921313422,0.0001365,0.000208000000000001,2e-04,"summary-fit-mplus-priors-diagnostics"
8,10,10,"mean(beta[1,2])","BMLVAR",FALSE,100,200,-0.045137642575,-0.045132,0.00775106587421807,-0.0603271,-0.029935925,1.00059971986532,3169.22195896757,7445.08227935296,0.000138275124149922,0.0001465,0.000213999999999999,0.000230999999999999,"summary-fit-mplus-priors-diagnostics"
8,10,10,"mean(beta[2,2])","BMLVAR",FALSE,100,200,0.250730213025,0.250748,0.0173258699155988,0.216610775,0.284604225,1.00006448562363,20258.5199768691,31747.1701327908,0.000122333043714763,0.000133,0.000251499999999999,0.000246499999999991,"summary-fit-mplus-priors-diagnostics"
8,10,10,"mean(mu[1,1])","BMLVAR",FALSE,100,200,2.862787254375,2.8628275,0.11085250631693,2.644298525,3.08060175,1.00003530113779,39099.0253690975,39063.1022417085,0.000560531782398741,0.000671500000000047,0.00157350000000001,0.00142450000000001,"summary-fit-mplus-priors-diagnostics"
8,10,10,"mean(mu[2,1])","BMLVAR",FALSE,100,200,2.017290727625,2.0174375,0.103854243064989,1.813397025,2.2209815,1.00005980642303,38395.4369152185,38878.7837745083,0.000529922256935252,0.0006745,0.00138149999999999,0.0013655,"summary-fit-mplus-priors-diagnostics"
8,10,10,"cov(beta[1,1],beta[1,1])","BMLVAR",FALSE,100,200,0.0164201009,0.0161285,0.00312124431050507,0.011151975,0.023323025,1.0001552118433,8639.22779713738,16332.8534179309,3.29555266252368e-05,3.40000000000001e-05,4.00000000000001e-05,7.10000000000001e-05,"summary-fit-mplus-priors-diagnostics"
8,10,10,"cov(beta[2,1],beta[1,1])","BMLVAR",FALSE,100,200,0.0053188017,0.005181,0.00193268277343196,0.001922,0.009509075,1.00039525502531,5425.40829958962,11274.2619156007,2.61482302953722e-05,2.7e-05,3.55e-05,4.95e-05,"summary-fit-mplus-priors-diagnostics"
8,10,10,"cov(beta[2,1],beta[2,1])","BMLVAR",FALSE,100,200,0.007679324925,0.007488,0.00207256365375907,0.004191,0.012282025,1.00084327408119,3136.81023133864,5446.51603940788,3.69061520316879e-05,3.84999999999998e-05,5e-05,5.89999999999998e-05,"summary-fit-mplus-priors-diagnostics"
8,10,10,"cov(beta[1,2],beta[1,1])","BMLVAR",FALSE,100,200,0.001841414025,0.001831,0.00108778596358253,-0.000274,0.004025,1.00044593813081,2815.5010373219,6698.03814227814,2.05095833256436e-05,2.09999999999999e-05,3.2e-05,3.3e-05,"summary-fit-mplus-priors-diagnostics"
8,10,10,"cov(beta[1,2],beta[2,1])","BMLVAR",FALSE,100,200,0.00112620945,0.001115,0.000826461094407842,-0.000485024999999999,0.00279105,1.00062670667924,2319.05719071717,4988.39481997966,1.72607826120699e-05,1.85e-05,2.95e-05,2.60000000000001e-05,"summary-fit-mplus-priors-diagnostics"
8,10,10,"cov(beta[1,2],beta[1,2])","BMLVAR",FALSE,100,200,0.001520731025,0.001442,0.000470642074039422,0.000837,0.002651,1.00057808779207,4997.01735511419,8040.06674864301,7.97541060272524e-06,7.50000000000001e-06,4.49999999999999e-06,2.15e-05,"summary-fit-mplus-priors-diagnostics"
8,10,10,"cov(beta[2,2],beta[1,1])","BMLVAR",FALSE,100,200,0.00817095535,0.008033,0.00270233309059572,0.003233925,0.013882025,1.00014622897508,11993.8913556945,22253.1978839208,2.44324688864271e-05,2.60000000000001e-05,4.20000000000001e-05,5.44999999999998e-05,"summary-fit-mplus-priors-diagnostics"
8,10,10,"cov(beta[2,2],beta[2,1])","BMLVAR",FALSE,100,200,0.00584270115,0.005781,0.00212948513967447,0.001820975,0.010225,1.00034385792968,6419.64952670677,14948.4533613062,2.66729855893245e-05,2.7e-05,4.2e-05,4.6e-05,"summary-fit-mplus-priors-diagnostics"
8,10,10,"cov(beta[2,2],beta[1,2])","BMLVAR",FALSE,100,200,0.001903689875,0.001847,0.00132134613435192,-0.000544,0.00467,1.00052673769141,2940.58236856143,6538.56062433949,2.43029882072937e-05,2.4e-05,3.55e-05,4.19999999999999e-05,"summary-fit-mplus-priors-diagnostics"
8,10,10,"cov(beta[2,2],beta[2,2])","BMLVAR",FALSE,100,200,0.02467284795,0.024281,0.00427740305471505,0.017455,0.0341921,1.00020506865261,12631.4190754263,23340.9691979679,3.76820812566307e-05,4.15e-05,4.7e-05,9.15000000000004e-05,"summary-fit-mplus-priors-diagnostics"
8,10,10,"cov(mu[1,1],mu[1,1])","BMLVAR",FALSE,100,200,1.219933540875,1.203505,0.177415082003702,0.92024285,1.613813675,1.00001195238522,37198.9091381913,38975.2855214408,0.000919431522991199,0.00109900000000002,0.001657,0.00348000000000001,"summary-fit-mplus-priors-diagnostics"
8,10,10,"cov(mu[2,1],mu[1,1])","BMLVAR",FALSE,100,200,0.45242089395,0.4443275,0.125933155765355,0.2280901,0.72337515,1.00001766586582,36892.503732887,38727.7566279808,0.00065496224656069,0.000775000000000001,0.001349,0.0022835,"summary-fit-mplus-priors-diagnostics"
8,10,10,"cov(mu[2,1],mu[2,1])","BMLVAR",FALSE,100,200,1.0651933986,1.050849,0.155573136475789,0.80220755,1.4106894,1.00000887922923,36763.310315553,38387.7253913263,0.000810113986358577,0.000979500000000005,0.0013595,0.0029965,"summary-fit-mplus-priors-diagnostics"
9,10,10,"psi[1,1]","BMLVAR",TRUE,200,200,1.299219483775,1.299187,0.00925387717944712,1.28121085,1.31747205,1.00000515149502,38663.2790894254,39187.7730353513,4.70669139533943e-05,5.80000000000025e-05,0.000136000000000014,0.000126499999999985,"summary-fit-mplus-diagnostics"
9,10,10,"psi[2,1]","BMLVAR",TRUE,200,200,0.5719647231,0.5719355,0.00773692866832402,0.556886925,0.587176075,1.00000230761057,38040.3526198534,38953.7791152799,3.96777446981275e-05,5.15000000000043e-05,0.000111000000000006,0.000104999999999994,"summary-fit-mplus-diagnostics"
9,10,10,"psi[2,2]","BMLVAR",TRUE,200,200,1.560380623475,1.5603245,0.0111227343291728,1.53872385,1.582263175,1.00003386422654,37994.8140528278,38944.9036051615,5.7067954000145e-05,7.39999999999963e-05,0.000143999999999989,0.000159000000000009,"summary-fit-mplus-diagnostics"
9,10,10,"mean(beta[1,1])","BMLVAR",TRUE,200,200,0.276052979175,0.276063,0.0108867892818541,0.254632925,0.297358175,1.00006505622826,20158.5421295436,31206.370404941,7.71957372800941e-05,8.50000000000017e-05,0.000160000000000003,0.000165000000000004,"summary-fit-mplus-diagnostics"
9,10,10,"mean(beta[2,1])","BMLVAR",TRUE,200,200,-0.037834825725,-0.037816,0.00871686943800121,-0.05492905,-0.02077095,1.000148183007,12657.3048482131,23262.3431178608,7.84135856241684e-05,8.69999999999999e-05,0.0001445,0.000136,"summary-fit-mplus-diagnostics"
9,10,10,"mean(beta[1,2])","BMLVAR",TRUE,200,200,-0.04657583775,-0.046574,0.00551190477651032,-0.05737505,-0.0357589,1.00050700650965,4742.80684218299,10153.3435218016,8.09903000738823e-05,8.55000000000002e-05,0.0001375,0.0001375,"summary-fit-mplus-diagnostics"
9,10,10,"mean(beta[2,2])","BMLVAR",TRUE,200,200,0.259639346875,0.259659,0.0125657731574153,0.2349778,0.28425015,1.00011589623417,23239.4264414935,33617.5535684549,8.26285372236667e-05,9.44999999999987e-05,0.000179999999999997,0.000178499999999998,"summary-fit-mplus-diagnostics"
9,10,10,"mean(mu[1,1])","BMLVAR",TRUE,200,200,2.836932918875,2.8368845,0.0793750722616768,2.681453125,2.9925017,1.00003136861453,38714.6892654421,38970.4389162831,0.000403411124209835,0.000499000000000005,0.0010705,0.00110949999999994,"summary-fit-mplus-diagnostics"
9,10,10,"mean(mu[2,1])","BMLVAR",TRUE,200,200,2.07065527805,2.070549,0.075884340884405,1.9222111,2.219665725,1.00001872872412,38596.78388242,38773.352643572,0.000386249782603031,0.000475500000000006,0.001118,0.00106450000000002,"summary-fit-mplus-diagnostics"
9,10,10,"cov(beta[1,1],beta[1,1])","BMLVAR",TRUE,200,200,0.018266727875,0.0181055,0.00242673198482354,0.01398195,0.023492025,1.00017817252345,11999.3157099591,21470.7690902882,2.20170359998976e-05,2.35000000000002e-05,3.29999999999996e-05,4.7e-05,"summary-fit-mplus-diagnostics"
9,10,10,"cov(beta[2,1],beta[1,1])","BMLVAR",TRUE,200,200,0.0050126688,0.004941,0.00147016814250901,0.002334,0.008104,1.00037902899213,7532.24592788904,15643.8096176344,1.71087643528292e-05,1.85e-05,2.6e-05,3.24999999999999e-05,"summary-fit-mplus-diagnostics"
9,10,10,"cov(beta[2,1],beta[2,1])","BMLVAR",TRUE,200,200,0.008646607625,0.008541,0.00156823680308313,0.005878975,0.012025,1.00029949074086,5333.34170552329,9306.40029347537,2.20508551900595e-05,2.30000000000001e-05,3.45e-05,4.05e-05,"summary-fit-mplus-diagnostics"
9,10,10,"cov(beta[1,2],beta[1,1])","BMLVAR",TRUE,200,200,0.000767600725,0.000775,0.000849485745052199,-0.000928,0.002418025,1.00083929013684,3209.63109022387,7722.97621996194,1.5103034231118e-05,1.55e-05,2.35e-05,2.29999999999999e-05,"summary-fit-mplus-diagnostics"
9,10,10,"cov(beta[1,2],beta[2,1])","BMLVAR",TRUE,200,200,0.00070324845,0.000704,0.000670004026167844,-0.000615,0.002023,1.00097797448863,2414.12382674983,5768.73215286176,1.38880031777587e-05,1.4e-05,2.3e-05,2.15e-05,"summary-fit-mplus-diagnostics"
9,10,10,"cov(beta[1,2],beta[1,2])","BMLVAR",TRUE,200,200,0.0016399516,0.001569,0.000462374379293991,0.000952,0.002723,1.00095321803812,2622.8447033503,4992.11031005704,9.70479304161636e-06,8.99999999999999e-06,4.5e-06,2.35e-05,"summary-fit-mplus-diagnostics"
9,10,10,"cov(beta[2,2],beta[1,1])","BMLVAR",TRUE,200,200,0.008017325025,0.007948,0.00206026805908033,0.004167,0.012267025,1.00010305403545,15038.9157510204,26313.3004395441,1.6791018553236e-05,1.74999999999999e-05,3.00000000000001e-05,3.25000000000002e-05,"summary-fit-mplus-diagnostics"
9,10,10,"cov(beta[2,2],beta[2,1])","BMLVAR",TRUE,200,200,0.00589260775,0.0058535,0.00161435746034033,0.00282,0.00917,1.00023410630999,8993.26635605808,18927.4871229517,1.76330921898063e-05,1.80000000000001e-05,2.9e-05,3e-05,"summary-fit-mplus-diagnostics"
9,10,10,"cov(beta[2,2],beta[1,2])","BMLVAR",TRUE,200,200,0.002216868975,0.002182,0.00100091604798,0.000346950000000002,0.004281,1.00043871005687,4073.61472533884,8591.31779544994,1.59826171426285e-05,1.65e-05,2.55e-05,2.75e-05,"summary-fit-mplus-diagnostics"
9,10,10,"cov(beta[2,2],beta[2,2])","BMLVAR",TRUE,200,200,0.026224556175,0.026001,0.00322502195839778,0.020548,0.03314905,1.00011774011223,16138.8153496883,26860.0394978525,2.5371688551784e-05,2.74999999999996e-05,3.64999999999998e-05,6.85000000000002e-05,"summary-fit-mplus-diagnostics"
9,10,10,"cov(mu[1,1],mu[1,1])","BMLVAR",TRUE,200,200,1.250999804475,1.2422755,0.129373384947651,1.02295505,1.529142825,1.0000643305722,37896.8691300483,39249.6031072939,0.000664202850424331,0.000795499999999982,0.00128400000000001,0.00230049999999999,"summary-fit-mplus-diagnostics"
9,10,10,"cov(mu[2,1],mu[1,1])","BMLVAR",TRUE,200,200,0.502816076375,0.498153,0.094734919046333,0.329754275,0.702130875,1.00001298820006,37813.5427150933,39150.6641345397,0.000486843475502811,0.000585500000000003,0.0012005,0.00165450000000001,"summary-fit-mplus-diagnostics"
9,10,10,"cov(mu[2,1],mu[2,1])","BMLVAR",TRUE,200,200,1.139860964275,1.132246,0.118460102203448,0.929874875,1.394157175,1.00002327332412,37430.2449542105,38618.3370781549,0.000611761484440541,0.000774499999999984,0.00126750000000001,0.00207149999999999,"summary-fit-mplus-diagnostics"
9,10,10,"psi[1,1]","BMLVAR",FALSE,200,200,1.29943125225,1.299397,0.00925127095105448,1.2813849,1.3176861,1.00002540980875,38476.2646500753,39161.0347164828,4.71655946846272e-05,5.85000000000058e-05,0.0001305,0.000129000000000035,"summary-fit-mplus-priors-diagnostics"
9,10,10,"psi[2,1]","BMLVAR",FALSE,200,200,0.572189776225,0.572174,0.0077402865489727,0.557089925,0.58743105,1.00001428558123,37765.0356197824,38752.3145790857,3.98440283473046e-05,4.94999999999912e-05,0.000104999999999988,0.000111,"summary-fit-mplus-priors-diagnostics"
9,10,10,"psi[2,2]","BMLVAR",FALSE,200,200,1.5608602709,1.560797,0.0111282310324808,1.539239875,1.582817075,1.00005487360152,37769.4409547235,39016.9597448494,5.7274340636866e-05,6.99999999999923e-05,0.000149500000000014,0.000151499999999982,"summary-fit-mplus-priors-diagnostics"
9,10,10,"mean(beta[1,1])","BMLVAR",FALSE,200,200,0.276126187525,0.2761385,0.0105183130445106,0.255432925,0.296745075,1.00006302567974,17804.6279795684,29722.2384952926,7.98946548118487e-05,9.05000000000072e-05,0.000170499999999997,0.000148000000000001,"summary-fit-mplus-priors-diagnostics"
9,10,10,"mean(beta[2,1])","BMLVAR",FALSE,200,200,-0.03793576835,-0.0379315,0.00827729239839816,-0.054184075,-0.0217499,1.00014912888713,10068.9483497319,19904.6752762805,8.5570589081022e-05,9.44999999999996e-05,0.0001495,0.0001445,"summary-fit-mplus-priors-diagnostics"
9,10,10,"mean(beta[1,2])","BMLVAR",FALSE,200,200,-0.0465369211,-0.046539,0.00534905196144144,-0.0569911,-0.036028925,1.00067068293311,3741.07600399489,8534.41441270858,8.85817222155842e-05,9.25000000000002e-05,0.000145,0.0001465,"summary-fit-mplus-priors-diagnostics"
9,10,10,"mean(beta[2,2])","BMLVAR",FALSE,200,200,0.259843997025,0.2598795,0.0121698575330026,0.23587585,0.28361515,1.00007181478653,19940.1027516091,31359.6375937079,8.71662937626626e-05,0.000101000000000004,0.000184999999999999,0.000169,"summary-fit-mplus-priors-diagnostics"
9,10,10,"mean(mu[1,1])","BMLVAR",FALSE,200,200,2.836032767325,2.835934,0.078429655836899,2.68260195,2.989735825,1.00002109357747,38403.1328187902,39188.4989999778,0.000400160208678435,0.000493999999999972,0.00106749999999998,0.00106749999999998,"summary-fit-mplus-priors-diagnostics"
9,10,10,"mean(mu[2,1])","BMLVAR",FALSE,200,200,2.069994772275,2.069989,0.0749273947216194,1.923328275,2.217201425,1.0000076268912,38478.2464986046,38944.4749041743,0.000381988336261111,0.000487500000000052,0.00103950000000002,0.0010505,"summary-fit-mplus-priors-diagnostics"
9,10,10,"cov(beta[1,1],beta[1,1])","BMLVAR",FALSE,200,200,0.01669114835,0.016544,0.00221510724505277,0.012766,0.021442,1.00026701131023,9728.0950879275,18591.8218133147,2.24525675285838e-05,2.30000000000002e-05,3.24999999999999e-05,4.6e-05,"summary-fit-mplus-priors-diagnostics"
9,10,10,"cov(beta[2,1],beta[1,1])","BMLVAR",FALSE,200,200,0.00435435165,0.004293,0.00132022717667224,0.00193795,0.007119,1.00037471013152,5292.08764926271,11262.5477784659,1.85611947306207e-05,1.85000000000001e-05,2.7e-05,3.15000000000001e-05,"summary-fit-mplus-priors-diagnostics"
9,10,10,"cov(beta[2,1],beta[2,1])","BMLVAR",FALSE,200,200,0.007162919075,0.007069,0.00140051854898358,0.004691975,0.01017405,1.00044606922992,3492.48261758399,6202.87449317107,2.47718386705837e-05,2.6e-05,3.6e-05,3.9e-05,"summary-fit-mplus-priors-diagnostics"
9,10,10,"cov(beta[1,2],beta[1,1])","BMLVAR",FALSE,200,200,0.0009464604,0.00095,0.000771475025368363,-0.00058,0.002451025,1.00092253715272,2698.07094160639,6460.85390328804,1.48846211514841e-05,1.5e-05,2.35e-05,2.19999999999999e-05,"summary-fit-mplus-priors-diagnostics"
9,10,10,"cov(beta[1,2],beta[2,1])","BMLVAR",FALSE,200,200,0.000778860025,0.000779,0.000578719366647834,-0.000367,0.001917,1.00088509532047,2007.34911078885,4739.16443090925,1.29882118371485e-05,1.35e-05,2.2e-05,2e-05,"summary-fit-mplus-priors-diagnostics"
9,10,10,"cov(beta[1,2],beta[1,2])","BMLVAR",FALSE,200,200,0.001327996,0.001274,0.000325008569447797,0.000853,0.002105,1.00053652632766,4239.14299362811,5941.63876719768,6.01110784153863e-06,5.99999999999999e-06,3e-06,1.85e-05,"summary-fit-mplus-priors-diagnostics"
9,10,10,"cov(beta[2,2],beta[1,1])","BMLVAR",FALSE,200,200,0.007834167225,0.007768,0.00188551079299214,0.004313,0.011731025,1.00008956155319,12574.2932698113,24106.6528595314,1.684658167206e-05,1.8e-05,2.75e-05,3.25000000000001e-05,"summary-fit-mplus-priors-diagnostics"
9,10,10,"cov(beta[2,2],beta[2,1])","BMLVAR",FALSE,200,200,0.00605612595,0.006022,0.00145810546768525,0.003282975,0.00903305,1.00026223222613,6809.44790651822,15365.8846231862,1.80672656495435e-05,1.85e-05,2.6e-05,3.00000000000001e-05,"summary-fit-mplus-priors-diagnostics"
9,10,10,"cov(beta[2,2],beta[1,2])","BMLVAR",FALSE,200,200,0.0019274741,0.001902,0.000903294592243144,0.000228,0.00378,1.00062405872468,3327.59394213703,7565.70921920152,1.583168298249e-05,1.55e-05,2.3e-05,2.65e-05,"summary-fit-mplus-priors-diagnostics"
9,10,10,"cov(beta[2,2],beta[2,2])","BMLVAR",FALSE,200,200,0.024279392725,0.0240805,0.00295054509877242,0.019068,0.030621075,1.00016099092686,13329.4952842134,24973.0186497518,2.58339149657457e-05,2.74999999999994e-05,3.79999999999998e-05,5.90000000000004e-05,"summary-fit-mplus-priors-diagnostics"
9,10,10,"cov(mu[1,1],mu[1,1])","BMLVAR",FALSE,200,200,1.21782151955,1.2095215,0.124148841775164,0.999098925,1.48437285,1.00006182004408,37801.2796625229,39034.5178470163,0.000638667133809242,0.000772999999999985,0.0012985,0.0023165,"summary-fit-mplus-priors-diagnostics"
9,10,10,"cov(mu[2,1],mu[1,1])","BMLVAR",FALSE,200,200,0.48739578335,0.482965,0.090819048022089,0.32153955,0.678105775,1.00001569166952,37421.991484654,38568.7598361476,0.000469160540813155,0.000579999999999997,0.0010395,0.00147,"summary-fit-mplus-priors-diagnostics"
9,10,10,"cov(mu[2,1],mu[2,1])","BMLVAR",FALSE,200,200,1.109779208175,1.102538,0.113479478586514,0.90868435,1.3528349,1.00003027070684,37275.2474909595,38964.4106514403,0.0005870787291841,0.000720999999999994,0.00118749999999999,0.00192149999999999,"summary-fit-mplus-priors-diagnostics"
10,10,10,"psi[1,1]","BMLVAR",TRUE,50,,1.303344271225,1.3030115,0.0245906786700391,1.256004725,1.3525303,1.00001544400698,37664.5514744,39038.1285270913,0.000126703847237714,0.00015900000000002,0.000323000000000018,0.000367500000000009,"summary-fit-mplus-diagnostics"
10,10,10,"psi[2,1]","BMLVAR",TRUE,50,,0.5867897733,0.5866475,0.0206702048834682,0.5467378,0.627825125,1.00002079593625,37600.6855490395,38652.4176335965,0.000106629163457366,0.000136500000000012,0.000262499999999993,0.000284499999999999,"summary-fit-mplus-diagnostics"
10,10,10,"psi[2,2]","BMLVAR",TRUE,50,,1.572585128425,1.572238,0.0296951842542472,1.515539725,1.6317233,1.00002221123743,37837.7015313225,38830.2266391643,0.00015267026467999,0.000190000000000001,0.000391500000000011,0.000434500000000004,"summary-fit-mplus-diagnostics"
10,10,10,"mean(beta[1,1])","BMLVAR",TRUE,50,,0.292228171275,0.2923855,0.0265749489078859,0.239573475,0.344242175,1.00010092880053,13471.2044131471,25331.0904432076,0.00023104772275036,0.000245500000000001,0.000461499999999999,0.000416000000000002,"summary-fit-mplus-diagnostics"
10,10,10,"mean(beta[2,1])","BMLVAR",TRUE,50,,-0.037250028325,-0.0373095,0.0240786253660483,-0.0846095,0.01022825,1.00029266675667,8365.51544448931,17885.1913636927,0.00027492904832636,0.000289,0.000463500000000001,0.000482,"summary-fit-mplus-diagnostics"
10,10,10,"mean(beta[1,2])","BMLVAR",TRUE,50,,-0.05095881465,-0.050975,0.0162307617176635,-0.0828082,-0.01898075,1.00042285697906,3779.92681824808,9231.08682964231,0.000271256179034186,0.000297,0.000388000000000002,0.00041,"summary-fit-mplus-diagnostics"
10,10,10,"mean(beta[2,2])","BMLVAR",TRUE,50,,0.27515858595,0.275371,0.031012396776323,0.213544725,0.335804225,1.00016898054932,16363.4452709706,28090.4984612332,0.000246762534769429,0.000277000000000002,0.000522500000000001,0.000500000000000003,"summary-fit-mplus-diagnostics"
10,10,10,"mean(mu[1,1])","BMLVAR",TRUE,50,,2.824854126125,2.825104,0.168835084759606,2.49237565,3.157667775,1.00000182431622,38049.3278465573,38313.4790199852,0.000865229970892143,0.001065,0.00239450000000001,0.00229650000000001,"summary-fit-mplus-diagnostics"
10,10,10,"mean(mu[2,1])","BMLVAR",TRUE,50,,2.061130323275,2.0611335,0.165559155076748,1.7351771,2.3858953,1.00003492083658,36980.3335673783,38098.6677000891,0.000860160876232366,0.00104500000000002,0.00255150000000001,0.00243499999999999,"summary-fit-mplus-diagnostics"
10,10,10,"cov(beta[1,1],beta[1,1])","BMLVAR",TRUE,50,,0.023606283775,0.022358,0.00822610476586884,0.01126895,0.04306715,1.00040420774089,6160.51235699665,10802.9490130184,0.000100688621187948,0.0001015,0.000105,0.0002465,"summary-fit-mplus-diagnostics"
10,10,10,"cov(beta[2,1],beta[1,1])","BMLVAR",TRUE,50,,0.007926587625,0.007339,0.00552640363800139,-0.001256025,0.020524075,1.00061983926418,4207.76871653157,8368.81945996725,8.44486415542267e-05,8.35000000000001e-05,0.00011,0.0001795,"summary-fit-mplus-diagnostics"
10,10,10,"cov(beta[2,1],beta[2,1])","BMLVAR",TRUE,50,,0.01545973655,0.0144145,0.00650521482713163,0.00592695,0.03104415,1.00058100073102,3451.06027021155,5128.57315103459,0.000105061971391996,0.000103,0.0001155,0.000232,"summary-fit-mplus-diagnostics"
10,10,10,"cov(beta[1,2],beta[1,1])","BMLVAR",TRUE,50,,0.00014767585,0.000285,0.00337445116469695,-0.007033025,0.00646405,1.00076287207467,2525.62452721823,7203.86494225822,6.6691056519031e-05,6.6e-05,0.00012,9.15000000000001e-05,"summary-fit-mplus-diagnostics"
10,10,10,"cov(beta[1,2],beta[2,1])","BMLVAR",TRUE,50,,0.0010862821,0.001075,0.00287838883894073,-0.00468005,0.006916075,1.00110814015026,2265.97753749642,6119.60358937605,5.97752281201697e-05,6e-05,0.000104,8.85e-05,"summary-fit-mplus-diagnostics"
10,10,10,"cov(beta[1,2],beta[1,2])","BMLVAR",TRUE,50,,0.00445719785,0.003951,0.00246358488371319,0.001245975,0.010572075,1.00114590121496,2070.30215178058,4919.48103693508,5.04924785472148e-05,5.20000000000001e-05,2.45e-05,0.000124,"summary-fit-mplus-diagnostics"
10,10,10,"cov(beta[2,2],beta[1,1])","BMLVAR",TRUE,50,,0.00846003785,0.008084,0.00676363299125893,-0.003951075,0.022943125,1.00026688995359,8704.78673591453,18039.2687286475,7.21827153205845e-05,7.55e-05,0.0001135,0.000155499999999999,"summary-fit-mplus-diagnostics"
10,10,10,"cov(beta[2,2],beta[2,1])","BMLVAR",TRUE,50,,0.00555323365,0.0054655,0.00595936168201026,-0.006137025,0.0176561,1.00032866681977,6267.99096505272,14001.0547622004,7.54924489361716e-05,7.44999999999999e-05,0.0001445,0.000137,"summary-fit-mplus-diagnostics"
10,10,10,"cov(beta[2,2],beta[1,2])","BMLVAR",TRUE,50,,0.004390467125,0.004037,0.00404915155414257,-0.002615025,0.013409025,1.00057020438538,3193.93786192391,7248.03943146183,7.10946835303455e-05,7.04999999999999e-05,9.85000000000001e-05,0.000138,"summary-fit-mplus-diagnostics"
10,10,10,"cov(beta[2,2],beta[2,2])","BMLVAR",TRUE,50,,0.03630088855,0.034683,0.0110306476781106,0.01958185,0.0623893,1.00021362981835,9396.59386580495,16761.9535152007,0.000111345253133666,0.000112,0.0001165,0.000296,"summary-fit-mplus-diagnostics"
10,10,10,"cov(mu[1,1],mu[1,1])","BMLVAR",TRUE,50,,1.4110609612,1.3676965,0.319333391560324,0.9165842,2.15733235,1.00005376819085,34507.3697314082,38000.7686602662,0.00170877614941029,0.00195699999999999,0.002533,0.00815699999999996,"summary-fit-mplus-diagnostics"
10,10,10,"cov(mu[2,1],mu[1,1])","BMLVAR",TRUE,50,,0.526714869025,0.5049195,0.23381812609487,0.127981975,1.04979105,1.00001402741568,34308.9625093974,38022.8271860743,0.00125362475143495,0.00147950000000001,0.0026475,0.00531750000000001,"summary-fit-mplus-diagnostics"
10,10,10,"cov(mu[2,1],mu[2,1])","BMLVAR",TRUE,50,,1.339288677975,1.2971895,0.305253147638096,0.865793175,2.053595425,1.00003638241481,33626.5504116219,37721.8705855299,0.00165414440500723,0.00190950000000001,0.00241549999999999,0.00707,"summary-fit-mplus-diagnostics"
10,10,10,"psi[1,1]","BMLVAR",FALSE,50,,1.304858892675,1.3045715,0.0246597004334796,1.2573608,1.35397615,1.00004200339834,36503.5624397959,37877.861576998,0.000129102724441126,0.000160499999999997,0.000306499999999998,0.000368499999999994,"summary-fit-mplus-priors-diagnostics"
10,10,10,"psi[2,1]","BMLVAR",FALSE,50,,0.587648077825,0.5874785,0.0206996535338283,0.54762275,0.62872415,1.00002661327442,36599.5222568359,38751.7447851518,0.00010826422762221,0.000140499999999999,0.000279499999999988,0.000293000000000004,"summary-fit-mplus-priors-diagnostics"
10,10,10,"psi[2,2]","BMLVAR",FALSE,50,,1.5755820479,1.575197,0.0297752136405373,1.518437775,1.6348654,1.00003670236966,36472.91456319,38757.3616266577,0.000156280048058758,0.000189499999999976,0.000377000000000005,0.000431000000000004,"summary-fit-mplus-priors-diagnostics"
10,10,10,"mean(beta[1,1])","BMLVAR",FALSE,50,,0.29283399755,0.292987,0.0219946288295838,0.24906675,0.335598375,1.00030208904379,5468.83763515592,14439.2200312125,0.000307586954656241,0.000317999999999999,0.000494000000000001,0.0004525,"summary-fit-mplus-priors-diagnostics"
10,10,10,"mean(beta[2,1])","BMLVAR",FALSE,50,,-0.03900367085,-0.0390005,0.0194404579104673,-0.077283175,-0.000802674999999981,1.00121018452618,2632.80704707256,6800.89687290208,0.000403214253545271,0.0004165,0.000586000000000001,0.000586,"summary-fit-mplus-priors-diagnostics"
10,10,10,"mean(beta[1,2])","BMLVAR",FALSE,50,,-0.05090808335,-0.0509155,0.0143607182658729,-0.0790312,-0.022794825,1.00081297917367,1884.42337688173,4550.0345013989,0.000333213766135527,0.0003415,0.000490999999999999,0.000493,"summary-fit-mplus-priors-diagnostics"
10,10,10,"mean(beta[2,2])","BMLVAR",FALSE,50,,0.2780231082,0.278156,0.0264126478300879,0.2257816,0.3295934,1.00031041176448,7578.31077836453,18922.9879567152,0.000321033388487753,0.000338000000000005,0.0004885,0.000477499999999995,"summary-fit-mplus-priors-diagnostics"
10,10,10,"mean(mu[1,1])","BMLVAR",FALSE,50,,2.82121372335,2.821462,0.159228394900461,2.50814145,3.134359875,1.00002659678343,37651.0800710459,37978.5810838722,0.000819922325180803,0.000973999999999964,0.00222150000000001,0.0023145,"summary-fit-mplus-priors-diagnostics"
10,10,10,"mean(mu[2,1])","BMLVAR",FALSE,50,,2.058016633475,2.05807,0.15573303216987,1.75146245,2.3650491,1.0000275082327,36780.381072661,38328.4759640499,0.000811390657709246,0.000973500000000005,0.00224349999999997,0.00208549999999998,"summary-fit-mplus-priors-diagnostics"
10,10,10,"cov(beta[1,1],beta[1,1])","BMLVAR",FALSE,50,,0.0129488686,0.0122395,0.00481179604909985,0.00566,0.02428705,1.00077971494154,2858.27709430453,5709.29568804892,8.714955477216e-05,8.64999999999999e-05,8.39999999999999e-05,0.0001735,"summary-fit-mplus-priors-diagnostics"
10,10,10,"cov(beta[2,1],beta[1,1])","BMLVAR",FALSE,50,,0.003881442425,0.003566,0.00300581057171481,-0.001148025,0.010699025,1.00126125016272,1686.26244563448,4057.69396842475,7.14509343887308e-05,7.15e-05,8.25e-05,0.000133,"summary-fit-mplus-priors-diagnostics"
10,10,10,"cov(beta[2,1],beta[2,1])","BMLVAR",FALSE,50,,0.006437134675,0.005894,0.00310271397577479,0.002037,0.01394205,1.00165454100262,1651.52887258158,3305.29639056316,7.16844765300334e-05,7.14999999999999e-05,5.3e-05,0.000163,"summary-fit-mplus-priors-diagnostics"
10,10,10,"cov(beta[1,2],beta[1,1])","BMLVAR",FALSE,50,,0.00118371245,0.0012065,0.00183514393990454,-0.00256305,0.00480010000000001,1.00106136306764,1996.78772560031,4386.75380520995,4.12106117754937e-05,3.95e-05,8.5e-05,5.8e-05,"summary-fit-mplus-priors-diagnostics"
10,10,10,"cov(beta[1,2],beta[2,1])","BMLVAR",FALSE,50,,0.00092885035,0.000871,0.00132278231781791,-0.001578025,0.00372905,1.00084708937584,2251.92092104956,4653.59664681281,2.782017063853e-05,2.55e-05,5.6e-05,5.55e-05,"summary-fit-mplus-priors-diagnostics"
10,10,10,"cov(beta[1,2],beta[1,2])","BMLVAR",FALSE,50,,0.002060361975,0.001824,0.00101608474417066,0.000807,0.004647,1.00062934675928,3053.70547886923,6415.61754284399,1.88102012509979e-05,1.8e-05,6.00000000000001e-06,6.49999999999999e-05,"summary-fit-mplus-priors-diagnostics"
10,10,10,"cov(beta[2,2],beta[1,1])","BMLVAR",FALSE,50,,0.0075614651,0.007271,0.00421145908860385,5.19250000000028e-05,0.0167171,1.00048455356624,4816.10982464778,9993.42152830916,5.93432967141056e-05,5.85e-05,9.3e-05,0.000112,"summary-fit-mplus-priors-diagnostics"
10,10,10,"cov(beta[2,2],beta[2,1])","BMLVAR",FALSE,50,,0.0064428607,0.0062735,0.00346625137696891,4.79500000000019e-05,0.013794025,1.00076465292146,2580.20490588588,5052.93059513093,6.8662484021989e-05,6.6e-05,0.0001155,0.0001035,"summary-fit-mplus-priors-diagnostics"
10,10,10,"cov(beta[2,2],beta[1,2])","BMLVAR",FALSE,50,,0.0023434627,0.002164,0.00246041220152101,-0.00202605,0.00773905,1.00090280107685,1895.2670343077,4551.8785709646,5.57179735391431e-05,5.4e-05,7.25e-05,0.0001105,"summary-fit-mplus-priors-diagnostics"
10,10,10,"cov(beta[2,2],beta[2,2])","BMLVAR",FALSE,50,,0.02378144215,0.022816,0.00700929249764657,0.01286495,0.04008215,1.00053213822209,4265.95943202026,8906.62914914265,0.000104914941703418,0.000105,0.0001135,0.0002235,"summary-fit-mplus-priors-diagnostics"
10,10,10,"cov(mu[1,1],mu[1,1])","BMLVAR",FALSE,50,,1.254353580775,1.2200485,0.265281241681282,0.8366456,1.869294225,1.00002725687262,34355.7635552315,37433.8822910609,0.00142426758145932,0.00165949999999998,0.0021145,0.00587450000000003,"summary-fit-mplus-priors-diagnostics"
10,10,10,"cov(mu[2,1],mu[1,1])","BMLVAR",FALSE,50,,0.459938354825,0.4432335,0.19410571517139,0.12497,0.888991675,1.00005052595857,34024.5485523038,37621.3406965925,0.00104938754741482,0.0011645,0.0022955,0.00384900000000001,"summary-fit-mplus-priors-diagnostics"
10,10,10,"cov(mu[2,1],mu[2,1])","BMLVAR",FALSE,50,,1.188398121775,1.15616,0.253094479655323,0.789305175,1.7750508,1.0000263472022,33247.9915521614,37493.4087140458,0.00138018774112764,0.00153999999999999,0.00199300000000001,0.00547949999999997,"summary-fit-mplus-priors-diagnostics"
11,10,10,"psi[1,1]","BMLVAR",TRUE,100,,1.306270444325,1.306134,0.0173470664520059,1.27268285,1.3406482,1.00004811492431,36917.2520352047,38839.6101706702,9.03521599697234e-05,0.000109999999999999,0.000227999999999962,0.000219999999999998,"summary-fit-mplus-diagnostics"
11,10,10,"psi[2,1]","BMLVAR",TRUE,100,,0.56983731155,0.5697735,0.0144763910597085,0.5416119,0.598450175,1.00001142289525,37046.4045458734,38471.6358897846,7.52227731587807e-05,9.50000000000006e-05,0.00020099999999999,0.000199000000000005,"summary-fit-mplus-diagnostics"
11,10,10,"psi[2,2]","BMLVAR",TRUE,100,,1.56022810035,1.560021,0.0207654780805473,1.52012375,1.6015433,1.00002045573046,37125.8174724077,38818.6004010741,0.000107831245837086,0.000132999999999994,0.000278500000000026,0.00029300000000001,"summary-fit-mplus-diagnostics"
11,10,10,"mean(beta[1,1])","BMLVAR",TRUE,100,,0.28156966465,0.281616,0.0184174503383716,0.245213825,0.317576175,1.00016641930535,13790.8930798405,26123.3918002525,0.000157991580369511,0.000171499999999999,0.000295999999999996,0.000277999999999998,"summary-fit-mplus-diagnostics"
11,10,10,"mean(beta[2,1])","BMLVAR",TRUE,100,,-0.036139782975,-0.0361135,0.0161237349359737,-0.067853075,-0.00460674999999998,1.0001513387929,9478.15664033158,19430.7699304712,0.000168867237164036,0.000182999999999999,0.0002945,0.0003065,"summary-fit-mplus-diagnostics"
11,10,10,"mean(beta[1,2])","BMLVAR",TRUE,100,,-0.047584424125,-0.047572,0.0106226359425739,-0.068447175,-0.02677285,1.0010050453797,3315.62909674463,7985.0470179593,0.000189301206256904,0.000198,0.000305999999999999,0.000287,"summary-fit-mplus-diagnostics"
11,10,10,"mean(beta[2,2])","BMLVAR",TRUE,100,,0.267429411,0.267511,0.0209352569437678,0.22612585,0.308344225,1.00015401275964,17312.1957212188,29064.6698042556,0.000160033586356228,0.000178500000000002,0.000317000000000002,0.000319500000000003,"summary-fit-mplus-diagnostics"
11,10,10,"mean(mu[1,1])","BMLVAR",TRUE,100,,2.84823705705,2.8480815,0.117663685021811,2.617303725,3.079159225,1.00002140840717,37841.9278315053,38869.9782355031,0.000604625241483309,0.000767499999999988,0.001616,0.00169750000000002,"summary-fit-mplus-diagnostics"
11,10,10,"mean(mu[2,1])","BMLVAR",TRUE,100,,2.03545488165,2.0353835,0.108117377770097,1.82329725,2.247349825,1.00003372847484,37056.1109780539,38352.8507570767,0.000561550034123417,0.000726999999999989,0.001589,0.00162650000000002,"summary-fit-mplus-diagnostics"
11,10,10,"cov(beta[1,1],beta[1,1])","BMLVAR",TRUE,100,,0.022247940725,0.021742,0.00497869503396325,0.01398695,0.03340205,1.00020614799138,7126.25011570551,13497.8691881142,5.82555848224524e-05,6.09999999999999e-05,7.05e-05,0.000129,"summary-fit-mplus-diagnostics"
11,10,10,"cov(beta[2,1],beta[1,1])","BMLVAR",TRUE,100,,0.00704858095,0.006806,0.00327266787995028,0.001313975,0.014196025,1.00033945270342,4970.79974372583,10027.0064688188,4.57902719133169e-05,4.49999999999998e-05,6.2e-05,9.2e-05,"summary-fit-mplus-diagnostics"
11,10,10,"cov(beta[2,1],beta[2,1])","BMLVAR",TRUE,100,,0.012940155,0.01254,0.00374614573819191,0.006784,0.021389025,1.00064353598744,3599.01475158953,5517.96694302607,6.06518367298403e-05,6.25000000000003e-05,7.74999999999999e-05,0.0001215,"summary-fit-mplus-diagnostics"
11,10,10,"cov(beta[1,2],beta[1,1])","BMLVAR",TRUE,100,,0.001240431625,0.001276,0.00199346688728989,-0.002820025,0.005084,1.00095513768738,2087.41941076058,5285.15375164422,4.45271316196604e-05,4.5e-05,7.6e-05,6.24999999999999e-05,"summary-fit-mplus-diagnostics"
11,10,10,"cov(beta[1,2],beta[2,1])","BMLVAR",TRUE,100,,0.00081362085,0.000825,0.00166679093750022,-0.002508025,0.004103,1.00117556288963,1612.17832994229,4093.28477128207,4.15562699301078e-05,4.2e-05,6.15000000000001e-05,6.14999999999999e-05,"summary-fit-mplus-diagnostics"
11,10,10,"cov(beta[1,2],beta[1,2])","BMLVAR",TRUE,100,,0.002958232325,0.002731,0.00131404329837397,0.001113,0.006119,1.00168951696127,1622.76614845014,4095.99749094553,3.28977900884812e-05,3.5e-05,1.55e-05,7.35e-05,"summary-fit-mplus-diagnostics"
11,10,10,"cov(beta[2,2],beta[1,1])","BMLVAR",TRUE,100,,0.009538241525,0.0093635,0.00417602661898938,0.00180795,0.0182851,1.00034610408803,8671.24933174468,18062.3712473825,4.49517577996039e-05,4.59999999999999e-05,7.2e-05,8.50000000000001e-05,"summary-fit-mplus-diagnostics"
11,10,10,"cov(beta[2,2],beta[2,1])","BMLVAR",TRUE,100,,0.006654151475,0.006594,0.0035349452466,-0.000183024999999999,0.013819,1.00044149802116,5513.95853468839,13318.9844780923,4.89509415099028e-05,4.9e-05,7.59999999999999e-05,7.39999999999998e-05,"summary-fit-mplus-diagnostics"
11,10,10,"cov(beta[2,2],beta[1,2])","BMLVAR",TRUE,100,,0.00345118105,0.003313,0.00235225511499897,-0.000779049999999998,0.008498025,1.00079049202029,2378.5909005852,5529.88869132701,4.81425689119693e-05,4.9e-05,6.65e-05,8.05000000000002e-05,"summary-fit-mplus-diagnostics"
11,10,10,"cov(beta[2,2],beta[2,2])","BMLVAR",TRUE,100,,0.032256954675,0.031599,0.00651100972455956,0.02138,0.0468101,1.00028485540147,9435.0094470458,17974.5011990908,6.58505253112772e-05,6.9e-05,7.94999999999997e-05,0.0001495,"summary-fit-mplus-diagnostics"
11,10,10,"cov(mu[1,1],mu[1,1])","BMLVAR",TRUE,100,,1.36829309765,1.348325,0.20783702358071,1.01979585,1.8325356,1.00002916395671,35053.3922316289,38075.3094221709,0.00110501638814574,0.00133449999999999,0.00202600000000001,0.00411900000000001,"summary-fit-mplus-diagnostics"
11,10,10,"cov(mu[2,1],mu[1,1])","BMLVAR",TRUE,100,,0.495853776725,0.486268,0.143331333894194,0.241325975,0.805158875,1.00003417928556,34344.8951329998,37603.7574260837,0.000772667438635465,0.000907500000000004,0.001594,0.002697,"summary-fit-mplus-diagnostics"
11,10,10,"cov(mu[2,1],mu[2,1])","BMLVAR",TRUE,100,,1.1352003897,1.1184955,0.174211028154605,0.84230385,1.523352,1.00003680466032,34060.7444982629,37929.6507631136,0.000941260234683804,0.00115050000000001,0.001639,0.00349949999999999,"summary-fit-mplus-diagnostics"
11,10,10,"psi[1,1]","BMLVAR",FALSE,100,,1.307215292175,1.307076,0.0173764849510379,1.2735928,1.341732275,1.00002354886148,37321.1575061422,38649.1462031843,8.99605485150144e-05,0.000109999999999988,0.000237000000000009,0.0002525,"summary-fit-mplus-priors-diagnostics"
11,10,10,"psi[2,1]","BMLVAR",FALSE,100,,0.5707633058,0.5706745,0.0144833366724183,0.54259395,0.5994022,1.00003375700418,35835.1230179102,38470.397014052,7.66710219470199e-05,9.44999999999974e-05,0.000188999999999995,0.000192500000000007,"summary-fit-mplus-priors-diagnostics"
11,10,10,"psi[2,2]","BMLVAR",FALSE,100,,1.562832168575,1.5626105,0.0208158257283885,1.5226277,1.604300125,1.00005538254885,34450.3665799633,38018.9379882429,0.000112295379621371,0.000140499999999999,0.000258500000000006,0.000292500000000007,"summary-fit-mplus-priors-diagnostics"
11,10,10,"mean(beta[1,1])","BMLVAR",FALSE,100,,0.28183064065,0.2818815,0.0168133274050777,0.24868375,0.31470525,1.0003218022139,8136.32077863444,19793.2521444162,0.000191702893345544,0.0001945,0.000306499999999998,0.000290999999999997,"summary-fit-mplus-priors-diagnostics"
11,10,10,"mean(beta[2,1])","BMLVAR",FALSE,100,,-0.03654486365,-0.0365405,0.0141256017223013,-0.064359225,-0.00884087499999999,1.00093684836065,3879.48668258457,9021.81823960925,0.000248628500909663,0.0002585,0.000338999999999999,0.000376,"summary-fit-mplus-priors-diagnostics"
11,10,10,"mean(beta[1,2])","BMLVAR",FALSE,100,,-0.047226955225,-0.0472315,0.00995640452790657,-0.06671415,-0.02765785,1.00150783873341,1828.20719485754,4497.09928928216,0.000234149892940993,0.000238499999999999,0.000345,0.000368,"summary-fit-mplus-priors-diagnostics"
11,10,10,"mean(beta[2,2])","BMLVAR",FALSE,100,,0.268818910475,0.268861,0.0193223264463562,0.2306878,0.306637225,1.0002368950237,9777.92649982603,22246.3043096795,0.000202282328390711,0.000214000000000007,0.000327499999999999,0.000311999999999996,"summary-fit-mplus-priors-diagnostics"
11,10,10,"mean(mu[1,1])","BMLVAR",FALSE,100,,2.845976346325,2.8459925,0.114358929745224,2.621747,3.0708458,1.000022796668,38008.7142135189,38459.7126857941,0.000586392004489238,0.000750499999999987,0.00155800000000001,0.00156249999999998,"summary-fit-mplus-priors-diagnostics"
11,10,10,"mean(mu[2,1])","BMLVAR",FALSE,100,,2.033889239375,2.0339425,0.105128714386483,1.827175425,2.239868375,1.00001316633919,37096.5667441487,38228.4971123156,0.000545844426884788,0.000680500000000017,0.00146449999999997,0.00142549999999997,"summary-fit-mplus-priors-diagnostics"
11,10,10,"cov(beta[1,1],beta[1,1])","BMLVAR",FALSE,100,,0.017088377925,0.016691,0.00393544075544653,0.010533,0.025904,1.00073802477452,3616.4961207149,8330.30733062489,6.53302032037398e-05,6.54999999999999e-05,6.80000000000001e-05,0.0001065,"summary-fit-mplus-priors-diagnostics"
11,10,10,"cov(beta[2,1],beta[1,1])","BMLVAR",FALSE,100,,0.0047747336,0.00459,0.00245312730548063,0.000474975000000001,0.010113025,1.0011289624415,1879.87398908381,4688.42633106772,5.74391120065584e-05,5.9e-05,6.55e-05,8.95000000000001e-05,"summary-fit-mplus-priors-diagnostics"
11,10,10,"cov(beta[2,1],beta[2,1])","BMLVAR",FALSE,100,,0.007640656425,0.0073255,0.00258366041935581,0.003538,0.013566125,1.00125483546719,1495.39236320828,2956.53523951412,6.49770085839669e-05,6.7e-05,7e-05,0.0001185,"summary-fit-mplus-priors-diagnostics"
11,10,10,"cov(beta[1,2],beta[1,1])","BMLVAR",FALSE,100,,0.001854273425,0.001866,0.00149455863350159,-0.001154025,0.004796,1.00141696535033,1487.81456999283,3402.76370756398,3.9306525676244e-05,4e-05,7.1e-05,5.2e-05,"summary-fit-mplus-priors-diagnostics"
11,10,10,"cov(beta[1,2],beta[2,1])","BMLVAR",FALSE,100,,0.0010414367,0.001022,0.00107587070940793,-0.001061,0.003221025,1.00147062882397,1495.3375453002,3312.61135520337,2.81608406136311e-05,2.8e-05,5.2e-05,4.35e-05,"summary-fit-mplus-priors-diagnostics"
11,10,10,"cov(beta[1,2],beta[1,2])","BMLVAR",FALSE,100,,0.001816113625,0.001674,0.000702073056915785,0.000878,0.003557,1.00119652228167,2581.01565331978,5056.19273575228,1.4985690556802e-05,1.4e-05,5.5e-06,4.54999999999999e-05,"summary-fit-mplus-priors-diagnostics"
11,10,10,"cov(beta[2,2],beta[1,1])","BMLVAR",FALSE,100,,0.009432107575,0.009271,0.00336073325253775,0.003271925,0.01652815,1.00022559228449,5177.73881722786,12296.4232602422,4.70158256918847e-05,4.85e-05,6.8e-05,7.5e-05,"summary-fit-mplus-priors-diagnostics"
11,10,10,"cov(beta[2,2],beta[2,1])","BMLVAR",FALSE,100,,0.007748465825,0.007664,0.00269324921049847,0.002679925,0.01331905,1.00090758171266,2779.0856035352,6946.87032056265,5.23655172820798e-05,5.35e-05,7.2e-05,7.35e-05,"summary-fit-mplus-priors-diagnostics"
11,10,10,"cov(beta[2,2],beta[1,2])","BMLVAR",FALSE,100,,0.002426592375,0.002334,0.00181897716889225,-0.000903,0.00625905,1.00158711708643,1588.03661275062,3936.82338464799,4.54011778452293e-05,4.55e-05,6e-05,7.65e-05,"summary-fit-mplus-priors-diagnostics"
11,10,10,"cov(beta[2,2],beta[2,2])","BMLVAR",FALSE,100,,0.026117319975,0.025614,0.00523478568273653,0.01733595,0.037783075,1.00048207225985,5036.72111843564,11383.090523197,7.36744528170475e-05,7.44999999999999e-05,8.00000000000002e-05,0.0001345,"summary-fit-mplus-priors-diagnostics"
11,10,10,"cov(mu[1,1],mu[1,1])","BMLVAR",FALSE,100,,1.292093608325,1.2744695,0.189884084636107,0.97215005,1.713939975,1.00003904359401,35317.2327197164,38385.3138521252,0.00100627123053094,0.00122549999999999,0.001796,0.0038475,"summary-fit-mplus-priors-diagnostics"
11,10,10,"cov(mu[2,1],mu[1,1])","BMLVAR",FALSE,100,,0.464366449025,0.4557505,0.131006631858388,0.230952575,0.7461088,1.00000775063814,34798.1553845821,37759.0257266822,0.000700481284793875,0.000811499999999997,0.0015765,0.0023085,"summary-fit-mplus-priors-diagnostics"
11,10,10,"cov(mu[2,1],mu[2,1])","BMLVAR",FALSE,100,,1.073008343425,1.0580905,0.159778334053501,0.80309615,1.4275636,1.00001364304309,34188.8915940472,37877.4504270695,0.000860403068366284,0.00105699999999999,0.001492,0.00316500000000001,"summary-fit-mplus-priors-diagnostics"
12,10,10,"psi[1,1]","BMLVAR",TRUE,200,,1.29533729295,1.295284,0.0121205404540767,1.2718268,1.319302125,1.00003223607816,37345.336724153,39007.7919735894,6.27407750592471e-05,7.60000000000205e-05,0.000164999999999982,0.000177999999999978,"summary-fit-mplus-diagnostics"
12,10,10,"psi[2,1]","BMLVAR",TRUE,200,,0.5679622022,0.567934,0.0101202309382377,0.54821485,0.587869025,1.0000647575892,37461.5293781647,38931.6471445465,5.22986514791299e-05,6.29999999999964e-05,0.000142999999999993,0.000139499999999992,"summary-fit-mplus-diagnostics"
12,10,10,"psi[2,2]","BMLVAR",TRUE,200,,1.553711406925,1.5536145,0.0146168014102411,1.52537185,1.58266615,1.0000043679451,37284.2267097762,38743.6404896173,7.57091010620711e-05,9.05000000000267e-05,0.000199000000000005,0.000213499999999989,"summary-fit-mplus-diagnostics"
12,10,10,"mean(beta[1,1])","BMLVAR",TRUE,200,,0.2793011111,0.2793545,0.0122691230612594,0.255101825,0.3033581,1.00010564811406,12761.7898157501,24561.1972847141,0.000109188957023854,0.000114499999999995,0.000211000000000001,0.000201000000000004,"summary-fit-mplus-diagnostics"
12,10,10,"mean(beta[2,1])","BMLVAR",TRUE,200,,-0.03576048595,-0.0357265,0.0106912488782197,-0.056819125,-0.014860825,1.00024708495883,7896.73860109431,16647.4883216084,0.000121360666729125,0.0001245,0.0002035,0.0002145,"summary-fit-mplus-diagnostics"
12,10,10,"mean(beta[1,2])","BMLVAR",TRUE,200,,-0.046623558625,-0.046642,0.00705112237495854,-0.06043205,-0.032784875,1.00068343067083,2786.22175985793,6181.57203927603,0.000134967198546497,0.0001415,0.000215,0.0002255,"summary-fit-mplus-diagnostics"
12,10,10,"mean(beta[2,2])","BMLVAR",TRUE,200,,0.256099972225,0.2561265,0.014408543930109,0.227757875,0.284293125,1.00007324848277,15730.9754245588,28138.8317778773,0.000115429056746385,0.000133499999999999,0.000232499999999999,0.000215499999999996,"summary-fit-mplus-diagnostics"
12,10,10,"mean(mu[1,1])","BMLVAR",TRUE,200,,2.8984296611,2.898347,0.0802003558604142,2.7410594,3.05570165,1.00001554095838,37916.7617413434,38802.5411407065,0.000411874851930941,0.000509499999999985,0.00104699999999998,0.00114799999999997,"summary-fit-mplus-diagnostics"
12,10,10,"mean(mu[2,1])","BMLVAR",TRUE,200,,2.0448338484,2.044969,0.0745518404206091,1.898588125,2.191162625,1.00003376089642,36828.707907915,38499.4878651457,0.000388500541918467,0.000500500000000026,0.000985499999999984,0.001071,"summary-fit-mplus-diagnostics"
12,10,10,"cov(beta[1,1],beta[1,1])","BMLVAR",TRUE,200,,0.018724450025,0.018514,0.00299095380592679,0.013480975,0.02515505,1.00028922500645,6173.16933140858,12399.2405305819,3.7899789066915e-05,3.94999999999998e-05,5.20000000000001e-05,7.2e-05,"summary-fit-mplus-diagnostics"
12,10,10,"cov(beta[2,1],beta[1,1])","BMLVAR",TRUE,200,,0.00581166965,0.005708,0.00195813846554622,0.002254,0.00993805,1.00050331989425,4028.08759280579,8906.23219155122,3.11078497016157e-05,3.1e-05,4.45e-05,5.40000000000003e-05,"summary-fit-mplus-diagnostics"
12,10,10,"cov(beta[2,1],beta[2,1])","BMLVAR",TRUE,200,,0.010055056425,0.009881,0.00223082012147374,0.00620095,0.01490405,1.00055060886351,2758.51510137333,4964.42369859437,4.23170141070047e-05,4.3e-05,5.70000000000001e-05,7.04999999999999e-05,"summary-fit-mplus-diagnostics"
12,10,10,"cov(beta[1,2],beta[1,1])","BMLVAR",TRUE,200,,0.0007094319,0.00073,0.00116951438208051,-0.00163705,0.002964025,1.00104439789517,1699.39289150175,3697.50052785911,2.8312592169475e-05,2.85e-05,4.15e-05,4.9e-05,"summary-fit-mplus-diagnostics"
12,10,10,"cov(beta[1,2],beta[2,1])","BMLVAR",TRUE,200,,0.001024532625,0.001025,0.000957088097934021,-0.000858024999999999,0.002918,1.00137634928132,1306.40503959868,3421.65453697464,2.66427968014772e-05,2.75e-05,4.05e-05,3.70000000000001e-05,"summary-fit-mplus-diagnostics"
12,10,10,"cov(beta[1,2],beta[1,2])","BMLVAR",TRUE,200,,0.001848508575,0.001731,0.000650658631174923,0.000942,0.003415,1.00141047870902,1607.31115510095,3556.63226913249,1.70779901322159e-05,1.75e-05,7.99999999999999e-06,4.19999999999999e-05,"summary-fit-mplus-diagnostics"
12,10,10,"cov(beta[2,2],beta[1,1])","BMLVAR",TRUE,200,,0.009613209675,0.009529,0.00259995568500918,0.004754975,0.014981025,1.00019160313496,8701.32495564075,17982.2720430701,2.78491746524637e-05,2.94999999999999e-05,4.6e-05,5.29999999999998e-05,"summary-fit-mplus-diagnostics"
12,10,10,"cov(beta[2,2],beta[2,1])","BMLVAR",TRUE,200,,0.006679619,0.006645,0.00216611029544025,0.002513975,0.011053075,1.00024059744508,5375.81977266075,12810.1504250612,2.9849363232502e-05,3.05e-05,4.85e-05,4.75000000000001e-05,"summary-fit-mplus-diagnostics"
12,10,10,"cov(beta[2,2],beta[1,2])","BMLVAR",TRUE,200,,0.00261736895,0.002569,0.00141310762737735,-1.4e-05,0.005542025,1.0007804199507,2203.61168239598,4920.37926090532,3.01014253502968e-05,3.15e-05,4.5e-05,5e-05,"summary-fit-mplus-diagnostics"
12,10,10,"cov(beta[2,2],beta[2,2])","BMLVAR",TRUE,200,,0.029722676425,0.029428,0.0041250600708406,0.022465,0.038596075,1.00020271286265,9302.01466200371,18920.5930063057,4.25965127655811e-05,4.65000000000004e-05,5.54999999999998e-05,9.30000000000002e-05,"summary-fit-mplus-diagnostics"
12,10,10,"cov(mu[1,1],mu[1,1])","BMLVAR",TRUE,200,,1.25559714255,1.2466095,0.13164885701704,1.022892925,1.538397225,1.0000508918136,35980.1897993495,38273.5225372073,0.000693155204567795,0.000860499999999997,0.001439,0.002404,"summary-fit-mplus-diagnostics"
12,10,10,"cov(mu[2,1],mu[1,1])","BMLVAR",TRUE,200,,0.43955546305,0.4353585,0.0924642079597541,0.2698371,0.632951025,1.00001909279212,35035.6710507532,38165.4301008762,0.000493871853525222,0.000618500000000002,0.0010415,0.00151049999999999,"summary-fit-mplus-diagnostics"
12,10,10,"cov(mu[2,1],mu[2,1])","BMLVAR",TRUE,200,,1.0783284966,1.0708495,0.114180315016457,0.87647295,1.3235721,1.0000272736106,34156.3882175985,37925.3681003934,0.00061686678126697,0.000781000000000004,0.001171,0.00186250000000001,"summary-fit-mplus-diagnostics"
12,10,10,"psi[1,1]","BMLVAR",FALSE,200,,1.295770884625,1.295717,0.012116289752297,1.272237825,1.319673075,1.00002077023558,37151.879279756,38683.8977116765,6.28806448849188e-05,7.70000000000271e-05,0.000159500000000012,0.000165499999999996,"summary-fit-mplus-priors-diagnostics"
12,10,10,"psi[2,1]","BMLVAR",FALSE,200,,0.568452546,0.568416,0.0101393698729502,0.548733925,0.58845305,1.00002592978003,36473.9378639571,38709.5460210285,5.30888387483707e-05,6.35000000000052e-05,0.000134500000000004,0.000143999999999989,"summary-fit-mplus-priors-diagnostics"
12,10,10,"psi[2,2]","BMLVAR",FALSE,200,,1.55506419025,1.5549665,0.0146448011639801,1.5266359,1.5840592,1.00000390733427,35485.2913223478,38535.0870225573,7.78197884779789e-05,9.39999999999941e-05,0.000193500000000002,0.000210999999999995,"summary-fit-mplus-priors-diagnostics"
12,10,10,"mean(beta[1,1])","BMLVAR",FALSE,200,,0.279466901,0.2795105,0.0117622853410959,0.2562429,0.302465275,1.00026031159607,9584.09566434337,21590.9196396581,0.000122657525028823,0.000130500000000003,0.000194500000000003,2e-04,"summary-fit-mplus-priors-diagnostics"
12,10,10,"mean(beta[2,1])","BMLVAR",FALSE,200,,-0.0357482966,-0.035716,0.00994762055952715,-0.0553281,-0.01630485,1.00059524990026,4538.84250279977,10731.784984969,0.000157446664426932,0.000163,0.000229999999999999,0.000249,"summary-fit-mplus-priors-diagnostics"
12,10,10,"mean(beta[1,2])","BMLVAR",FALSE,200,,-0.04648438165,-0.046473,0.0068641431489486,-0.05999405,-0.033018925,1.00098650745464,1965.67866445207,4508.50807210943,0.000156423926548028,0.000166000000000001,0.000244999999999999,0.000242,"summary-fit-mplus-priors-diagnostics"
12,10,10,"mean(beta[2,2])","BMLVAR",FALSE,200,,0.25648688795,0.2564925,0.0138677404670162,0.229200825,0.283622175,1.00010603676875,11392.1686376987,23970.5835832362,0.00013247717731886,0.000137999999999999,0.000217999999999999,0.000215500000000002,"summary-fit-mplus-priors-diagnostics"
12,10,10,"mean(mu[1,1])","BMLVAR",FALSE,200,,2.897701825375,2.8975985,0.0790936034373917,2.7423901,3.0529783,1.00003165271968,37521.0850943351,38763.2212499768,0.00040836161232987,0.000488000000000044,0.00116049999999996,0.00108000000000004,"summary-fit-mplus-priors-diagnostics"
12,10,10,"mean(mu[2,1])","BMLVAR",FALSE,200,,2.0440914121,2.0442005,0.0736224082758867,1.899576625,2.18848315,1.0000337431735,36708.9192697854,38100.4598987511,0.00038428031899637,0.000475999999999999,0.00102850000000001,0.00105700000000004,"summary-fit-mplus-priors-diagnostics"
12,10,10,"cov(beta[1,1],beta[1,1])","BMLVAR",FALSE,200,,0.016385514125,0.016201,0.00267090077397162,0.011676,0.022122,1.00041927058802,4301.73314128686,9509.92344995704,4.10280263985234e-05,4.25000000000001e-05,4.95000000000001e-05,7.14999999999999e-05,"summary-fit-mplus-priors-diagnostics"
12,10,10,"cov(beta[2,1],beta[1,1])","BMLVAR",FALSE,200,,0.004742288325,0.004662,0.00169830655473736,0.00163795,0.00829605,1.00114428834287,2383.29278061647,5387.31720204677,3.60197308023062e-05,3.7e-05,5.05e-05,5.49999999999999e-05,"summary-fit-mplus-priors-diagnostics"
12,10,10,"cov(beta[2,1],beta[2,1])","BMLVAR",FALSE,200,,0.007368061,0.007208,0.00185900080116972,0.004197,0.011449075,1.00077158994703,1411.79140871408,2617.4133445566,4.99088067592145e-05,5.1e-05,6.35000000000001e-05,7.49999999999998e-05,"summary-fit-mplus-priors-diagnostics"
12,10,10,"cov(beta[1,2],beta[1,1])","BMLVAR",FALSE,200,,0.0010391939,0.001053,0.00102108407821247,-0.001002,0.003016,1.00159172863582,1362.21781180593,3326.81504880309,2.7738949920167e-05,2.95e-05,4.35e-05,3.95e-05,"summary-fit-mplus-priors-diagnostics"
12,10,10,"cov(beta[1,2],beta[2,1])","BMLVAR",FALSE,200,,0.001100414175,0.001095,0.000748807742394014,-0.000355,0.002605,1.00181002908703,1274.12308519045,2980.14721578235,2.1098343329564e-05,2.1e-05,3.45e-05,3.05e-05,"summary-fit-mplus-priors-diagnostics"
12,10,10,"cov(beta[1,2],beta[1,2])","BMLVAR",FALSE,200,,0.0014047222,0.001318,0.000410871592744256,0.000854,0.002419,1.0004719764685,2690.97541496174,4431.25735095685,8.86907665073074e-06,8.5e-06,2.50000000000001e-06,2.8e-05,"summary-fit-mplus-priors-diagnostics"
12,10,10,"cov(beta[2,2],beta[1,1])","BMLVAR",FALSE,200,,0.00954446425,0.009466,0.00234487517935455,0.005158,0.014376025,1.00029680391749,6204.32233885685,14753.1876222115,3.01512765636576e-05,3.04999999999998e-05,4.14999999999999e-05,4.9e-05,"summary-fit-mplus-priors-diagnostics"
12,10,10,"cov(beta[2,2],beta[2,1])","BMLVAR",FALSE,200,,0.0072203003,0.007185,0.00189220551159542,0.003597,0.011043,1.00078417576124,3111.79585954059,8137.65061663762,3.49717829182446e-05,3.55e-05,4.8e-05,4.69999999999999e-05,"summary-fit-mplus-priors-diagnostics"
12,10,10,"cov(beta[2,2],beta[1,2])","BMLVAR",FALSE,200,,0.002168129625,0.002128,0.00125727142764461,-0.000186,0.004754025,1.00144808831621,1612.33822272074,3900.78036881021,3.14280160848885e-05,3.2e-05,4.5e-05,5.1e-05,"summary-fit-mplus-priors-diagnostics"
12,10,10,"cov(beta[2,2],beta[2,2])","BMLVAR",FALSE,200,,0.0268761974,0.026622,0.00372205156515195,0.020309,0.034891075,1.0003995916012,6366.44981580663,14996.6195627497,4.73683241435006e-05,4.94999999999999e-05,5.65000000000002e-05,8.00000000000006e-05,"summary-fit-mplus-priors-diagnostics"
12,10,10,"cov(mu[1,1],mu[1,1])","BMLVAR",FALSE,200,,1.2217016073,1.2131705,0.126011721746044,0.999032475,1.49263025,1.00002321792099,35659.0239941414,38433.9681716422,0.000666811905032931,0.000805499999999992,0.00138600000000002,0.00209999999999998,"summary-fit-mplus-priors-diagnostics"
12,10,10,"cov(mu[2,1],mu[1,1])","BMLVAR",FALSE,200,,0.425820190425,0.421882,0.0885976265969367,0.2635773,0.61134165,1.00003533188277,34898.4862926369,38294.2386561305,0.000473919071216939,0.000575500000000001,0.001053,0.00150150000000001,"summary-fit-mplus-priors-diagnostics"
12,10,10,"cov(mu[2,1],mu[2,1])","BMLVAR",FALSE,200,,1.0494003252,1.0423665,0.109451878226981,0.8556604,1.28430365,1.00004988202666,34150.1056311851,37952.7314723907,0.000591403785559294,0.000700000000000012,0.0011365,0.00195700000000002,"summary-fit-mplus-priors-diagnostics"
13,10,10,"psi[1,1]","BMLVAR",TRUE,50,50,1.30822354235,1.3074705,0.0380250014356739,1.235979625,1.3847704,1.00003192749433,34648.4831233163,37904.0024192188,0.000204769767263131,0.000249999999999995,0.00048450000000001,0.00058649999999999,"summary-fit-mplus-diagnostics"
13,10,10,"psi[2,1]","BMLVAR",TRUE,50,50,0.584715110225,0.584292,0.0319983883267931,0.523261775,0.6488112,1.00004065669091,34452.5683224082,38155.0227005754,0.000172595239952225,0.000211,0.000420499999999993,0.000464999999999993,"summary-fit-mplus-diagnostics"
13,10,10,"psi[2,2]","BMLVAR",TRUE,50,50,1.5802043946,1.57934,0.0460354277463923,1.49228665,1.67263085,1.00003237855655,33819.5300442918,38140.7119659073,0.000250712234600767,0.000308499999999967,0.00057799999999999,0.000672499999999987,"summary-fit-mplus-diagnostics"
13,10,10,"mean(beta[1,1])","BMLVAR",TRUE,50,50,0.273194962225,0.2734775,0.038970007412306,0.195777425,0.34948125,1.0001727114149,12362.7164447358,24969.9935279016,0.000358895878638671,0.000383499999999996,0.000657000000000001,0.000614499999999996,"summary-fit-mplus-diagnostics"
13,10,10,"mean(beta[2,1])","BMLVAR",TRUE,50,50,-0.047421909025,-0.047416,0.0329456607615868,-0.11232545,0.017407425,1.00035405074434,6494.92919589533,14555.3117135959,0.000438573065990573,0.000476,0.000669499999999997,0.000772000000000001,"summary-fit-mplus-diagnostics"
13,10,10,"mean(beta[1,2])","BMLVAR",TRUE,50,50,-0.04733548195,-0.0473795,0.0234410944804358,-0.0932312,-0.00128082499999999,1.00072549279888,3334.01034677226,8215.61967414745,0.000436751136104762,0.000465,0.0005935,0.0006545,"summary-fit-mplus-diagnostics"
13,10,10,"mean(beta[2,2])","BMLVAR",TRUE,50,50,0.242564645825,0.2427655,0.0449629431943282,0.153715525,0.33094045,1.00008946643095,15746.6828123717,28600.0847748371,0.000367341689526788,0.000391499999999997,0.000722999999999997,0.000724999999999998,"summary-fit-mplus-diagnostics"
13,10,10,"mean(mu[1,1])","BMLVAR",TRUE,50,50,2.806131489075,2.8058375,0.163273170754423,2.48475145,3.12778715,1.00004884403062,35694.8727267576,37938.8717344119,0.000863759904215995,0.00105250000000003,0.00246750000000004,0.00236099999999999,"summary-fit-mplus-diagnostics"
13,10,10,"mean(mu[2,1])","BMLVAR",TRUE,50,50,2.0005282676,2.0008795,0.161537793463007,1.682006775,2.3181112,1.00003970253517,34263.9468246193,36945.4522186858,0.000872427674251747,0.00104400000000001,0.00239450000000001,0.00221500000000001,"summary-fit-mplus-diagnostics"
13,10,10,"cov(beta[1,1],beta[1,1])","BMLVAR",TRUE,50,50,0.052745444275,0.050264,0.0171217586877408,0.026658925,0.093040175,1.00037327763366,5773.37396427586,11062.5159179583,0.000214842376467674,0.000212,0.0002125,0.0004675,"summary-fit-mplus-diagnostics"
13,10,10,"cov(beta[2,1],beta[1,1])","BMLVAR",TRUE,50,50,0.015646507625,0.014496,0.010889253824691,-0.00248714999999999,0.040306175,1.00100899353142,3469.52403638599,7152.7623267578,0.000181320148265298,0.000177,0.0002345,0.00034,"summary-fit-mplus-diagnostics"
13,10,10,"cov(beta[2,1],beta[2,1])","BMLVAR",TRUE,50,50,0.0267649075,0.024846,0.0118820073180691,0.009353975,0.0552332,1.00120728658805,2405.46439715252,3375.8783023101,0.000222766992448221,0.000227,0.000258,0.000423,"summary-fit-mplus-diagnostics"
13,10,10,"cov(beta[1,2],beta[1,1])","BMLVAR",TRUE,50,50,0.002360816775,0.002553,0.00686123286066237,-0.011869125,0.015554125,1.00125182302039,2192.74702997462,6566.37790851457,0.000147498120842723,0.0001445,0.000233,0.000209,"summary-fit-mplus-diagnostics"
13,10,10,"cov(beta[1,2],beta[2,1])","BMLVAR",TRUE,50,50,0.000755376,0.00081,0.00541847870525524,-0.0102961,0.011462075,1.00134241979167,1674.41371175636,5073.60947818647,0.00013036341398942,0.0001295,0.000205,0.0001955,"summary-fit-mplus-diagnostics"
13,10,10,"cov(beta[1,2],beta[1,2])","BMLVAR",TRUE,50,50,0.00913921735,0.008193,0.0051213618256873,0.002144,0.021730125,1.00179202549527,1458.10106240551,2379.06830393251,0.000119105662564125,0.000122,9.65e-05,0.000252,"summary-fit-mplus-diagnostics"
13,10,10,"cov(beta[2,2],beta[1,1])","BMLVAR",TRUE,50,50,0.023955705425,0.0230055,0.0144856363764507,-0.00210714999999999,0.055403375,1.00025091011756,8824.89240779626,17614.3886275381,0.000152329128460377,0.000155,0.0002505,0.0003405,"summary-fit-mplus-diagnostics"
13,10,10,"cov(beta[2,2],beta[2,1])","BMLVAR",TRUE,50,50,0.012009905375,0.0118135,0.0117626873438108,-0.010969125,0.035973175,1.00058025358712,4716.96416380221,11769.2651912889,0.000175366921854319,0.0001745,0.000304,0.000282,"summary-fit-mplus-diagnostics"
13,10,10,"cov(beta[2,2],beta[1,2])","BMLVAR",TRUE,50,50,0.0075673791,0.006941,0.00799504905522684,-0.00654617499999999,0.025233075,1.00065181229137,2873.48771804612,7164.39210352682,0.000148206393395597,0.000147,0.0002115,0.000265,"summary-fit-mplus-diagnostics"
13,10,10,"cov(beta[2,2],beta[2,2])","BMLVAR",TRUE,50,50,0.078154206025,0.074937,0.0226213822268194,0.043637875,0.131336725,1.00014503686239,9926.7876819131,17865.3321337037,0.000218757983402208,0.000218500000000001,0.000231500000000001,0.000615,"summary-fit-mplus-diagnostics"
13,10,10,"cov(mu[1,1],mu[1,1])","BMLVAR",TRUE,50,50,1.271341438,1.231157,0.294221930674318,0.8148795,1.956878975,1.00000708373718,31672.1219755597,36541.2162595382,0.00163940077484748,0.00186600000000002,0.002218,0.0066335,"summary-fit-mplus-diagnostics"
13,10,10,"cov(mu[2,1],mu[1,1])","BMLVAR",TRUE,50,50,0.488630712625,0.4683155,0.220827376159124,0.1120981,0.982008,1.00002909135732,29758.8086187411,36001.0409065752,0.00127079048251393,0.0014035,0.002448,0.00489250000000001,"summary-fit-mplus-diagnostics"
13,10,10,"cov(mu[2,1],mu[2,1])","BMLVAR",TRUE,50,50,1.231065318175,1.190079,0.294760237222418,0.7748284,1.9206039,1.00005647799679,26678.8058328773,34062.3693698919,0.00178414315746688,0.00193700000000001,0.00231149999999999,0.00719649999999998,"summary-fit-mplus-diagnostics"
13,10,10,"psi[1,1]","BMLVAR",FALSE,50,50,1.312317805175,1.31153,0.0382206808141245,1.23959175,1.389337575,1.00008617617675,32235.3785272987,37527.395629079,0.000214723632475655,0.000260999999999989,0.000485500000000016,0.000559999999999983,"summary-fit-mplus-priors-diagnostics"
13,10,10,"psi[2,1]","BMLVAR",FALSE,50,50,0.587285736875,0.5868645,0.0321025699748687,0.525706625,0.651402175,1.0000271864144,31305.4849167412,37557.14585109,0.00018332343129163,0.000211500000000009,0.000411500000000009,0.000488999999999995,"summary-fit-mplus-priors-diagnostics"
13,10,10,"psi[2,2]","BMLVAR",FALSE,50,50,1.587264821325,1.5864525,0.0461756883219735,1.49907045,1.679884675,1.00009271278399,32598.7621671317,38226.5570214641,0.000257541734575315,0.000307499999999994,0.000640500000000033,0.00068149999999999,"summary-fit-mplus-priors-diagnostics"
13,10,10,"mean(beta[1,1])","BMLVAR",FALSE,50,50,0.27604984395,0.2763655,0.0328515282433932,0.210578725,0.33986935,1.00077438006315,3156.01747906285,10441.1787905264,0.000648600603770287,0.000665,0.0008145,0.000731500000000004,"summary-fit-mplus-priors-diagnostics"
13,10,10,"mean(beta[2,1])","BMLVAR",FALSE,50,50,-0.047735761425,-0.0477935,0.0271346486906419,-0.100845275,0.00554040000000002,1.00315236516248,844.362466581305,2431.57968943594,0.000958027720914686,0.0010025,0.001238,0.001324,"summary-fit-mplus-priors-diagnostics"
13,10,10,"mean(beta[1,2])","BMLVAR",FALSE,50,50,-0.047588141025,-0.047579,0.0205740525062965,-0.088040175,-0.00735484999999999,1.00111005160265,889.276513676527,2222.49638301153,0.000696450332047899,0.000728000000000001,0.000976500000000001,0.0010005,"summary-fit-mplus-priors-diagnostics"
13,10,10,"mean(beta[2,2])","BMLVAR",FALSE,50,50,0.244976646,0.245174,0.0389091669454761,0.16778555,0.320931775,1.00042047039873,4403.99572396748,14484.6526239512,0.000626257970911962,0.000624999999999998,0.000784500000000002,0.000692499999999999,"summary-fit-mplus-priors-diagnostics"
13,10,10,"mean(mu[1,1])","BMLVAR",FALSE,50,50,2.802107642825,2.802373,0.154291267969986,2.4974617,3.10544195,1.00006172941014,35154.6747018754,37407.5945251531,0.000822701861247176,0.00100849999999999,0.00218750000000001,0.00228549999999996,"summary-fit-mplus-priors-diagnostics"
13,10,10,"mean(mu[2,1])","BMLVAR",FALSE,50,50,1.997136259225,1.997422,0.15204167183329,1.697455325,2.29589275,1.00003171530458,33844.3875168589,37175.7490202314,0.000825943574091877,0.00100549999999997,0.002207,0.0022035,"summary-fit-mplus-priors-diagnostics"
13,10,10,"cov(beta[1,1],beta[1,1])","BMLVAR",FALSE,50,50,0.03124199995,0.029795,0.0105920973826415,0.014783925,0.0558341,1.00165265814996,1594.3675443173,3460.00604028951,0.000251880744886341,0.0002505,0.000246,0.000414,"summary-fit-mplus-priors-diagnostics"
13,10,10,"cov(beta[2,1],beta[1,1])","BMLVAR",FALSE,50,50,0.007170063675,0.006637,0.00601341189831277,-0.003144075,0.0205771,1.00195245869864,736.16186199349,1446.65994056484,0.00021876857701965,0.0002155,0.0002695,0.000368,"summary-fit-mplus-priors-diagnostics"
13,10,10,"cov(beta[2,1],beta[2,1])","BMLVAR",FALSE,50,50,0.00974351885,0.00882,0.00503718208399982,0.002767,0.02206105,1.00267257433338,791.743661625941,1884.01681578578,0.000174457792379462,0.000172,0.00011,0.0004005,"summary-fit-mplus-priors-diagnostics"
13,10,10,"cov(beta[1,2],beta[1,1])","BMLVAR",FALSE,50,50,0.00441092355,0.004356,0.00384561194696931,-0.003142075,0.012268075,1.00182780479735,1097.32717032183,2122.03864682201,0.000119287689835441,0.0001145,0.000239,0.0001535,"summary-fit-mplus-priors-diagnostics"
13,10,10,"cov(beta[1,2],beta[2,1])","BMLVAR",FALSE,50,50,0.000984104175,0.000933,0.00217742360010811,-0.003273,0.00552605,1.00152598693075,994.677497288014,2276.46269831834,6.91938624684396e-05,6.45e-05,0.0001345,0.0001195,"summary-fit-mplus-priors-diagnostics"
13,10,10,"cov(beta[1,2],beta[1,2])","BMLVAR",FALSE,50,50,0.0031828352,0.002742,0.00187704877577247,0.000931,0.00794205,1.0016095631498,1408.15765447194,3610.22958636827,5.4020300507038e-05,5.15e-05,1.3e-05,0.00016,"summary-fit-mplus-priors-diagnostics"
13,10,10,"cov(beta[2,2],beta[1,1])","BMLVAR",FALSE,50,50,0.0224860916,0.021722,0.00948008875614006,0.005937925,0.04332615,1.00084396556074,3356.9356107804,7711.04619295687,0.000165161225079932,0.000163,0.0002115,0.0002515,"summary-fit-mplus-priors-diagnostics"
13,10,10,"cov(beta[2,2],beta[2,1])","BMLVAR",FALSE,50,50,0.0134515576,0.013075,0.00697581102646663,0.000636925000000003,0.028341075,1.00140613582631,1162.26848915772,2375.46537196369,0.000210434550990499,0.000206,0.0003515,0.000276,"summary-fit-mplus-priors-diagnostics"
13,10,10,"cov(beta[2,2],beta[1,2])","BMLVAR",FALSE,50,50,0.00379581605,0.003507,0.00484279130459413,-0.005000025,0.01420805,1.0014896976297,1053.22684914839,2653.1601843024,0.000150103165609498,0.0001465,0.000189,0.000258,"summary-fit-mplus-priors-diagnostics"
13,10,10,"cov(beta[2,2],beta[2,2])","BMLVAR",FALSE,50,50,0.05376950485,0.051842,0.0148969341639455,0.03039395,0.0883102,1.0008457710049,3085.92210154617,7341.75505995559,0.000267353575553765,0.0002605,0.000254500000000001,0.000469000000000001,"summary-fit-mplus-priors-diagnostics"
13,10,10,"cov(mu[1,1],mu[1,1])","BMLVAR",FALSE,50,50,1.128593705,1.096809,0.244613534071959,0.7434225,1.6947153,1.00002491293493,30967.7578055735,36634.382341826,0.00138244316688304,0.00153799999999999,0.00191050000000001,0.005608,"summary-fit-mplus-priors-diagnostics"
13,10,10,"cov(mu[2,1],mu[1,1])","BMLVAR",FALSE,50,50,0.425022693325,0.409415,0.182691777948058,0.109873825,0.82974975,1.0000355941943,29305.196948457,36038.2737601281,0.00106160892367645,0.00119099999999999,0.001885,0.0035685,"summary-fit-mplus-priors-diagnostics"
13,10,10,"cov(mu[2,1],mu[2,1])","BMLVAR",FALSE,50,50,1.088402720575,1.0564455,0.244194122544547,0.705189525,1.655222025,1.00005009649723,26819.838802776,34544.4153015362,0.00147516611910144,0.001634,0.001951,0.00540349999999999,"summary-fit-mplus-priors-diagnostics"
14,10,10,"psi[1,1]","BMLVAR",TRUE,100,50,1.302275438675,1.3019225,0.0267429805647823,1.25076475,1.355618075,1.00006993692732,33261.7821550034,38231.2669948041,0.000146870432203435,0.000178999999999996,0.000372000000000006,0.000377999999999989,"summary-fit-mplus-diagnostics"
14,10,10,"psi[2,1]","BMLVAR",TRUE,100,50,0.5719672393,0.571805,0.022430809269892,0.528543775,0.6165393,1.00007104000158,33428.6174699907,37864.9738543201,0.000122727867882809,0.000157000000000002,0.000296500000000008,0.000301499999999993,"summary-fit-mplus-diagnostics"
14,10,10,"psi[2,2]","BMLVAR",TRUE,100,50,1.570767161175,1.5703105,0.0324117906014088,1.5085018,1.6355284,1.00004756631137,32292.839409333,37648.5234151628,0.000180818537286456,0.000220999999999993,0.000416999999999978,0.000448999999999999,"summary-fit-mplus-diagnostics"
14,10,10,"mean(beta[1,1])","BMLVAR",TRUE,100,50,0.28278827035,0.282891,0.0246913512596269,0.23408275,0.331057225,1.00026110072967,9411.12876826728,21854.2086533839,0.000259300808235981,0.000275,0.000427999999999999,0.000414500000000009,"summary-fit-mplus-diagnostics"
14,10,10,"mean(beta[2,1])","BMLVAR",TRUE,100,50,-0.0356943857,-0.035664,0.0217775087421845,-0.07851725,0.00694120000000001,1.00032069671157,5841.3656846598,13705.2292117893,0.000307207242494066,0.000335,0.000470500000000001,0.0004605,"summary-fit-mplus-diagnostics"
14,10,10,"mean(beta[1,2])","BMLVAR",TRUE,100,50,-0.05317554855,-0.053151,0.01563344964922,-0.0837701,-0.022582825,1.00090670818504,2403.26097131475,5899.92801798455,0.000329842290144942,0.0003525,0.000478000000000002,0.0004455,"summary-fit-mplus-diagnostics"
14,10,10,"mean(beta[2,2])","BMLVAR",TRUE,100,50,0.2670052051,0.267078,0.0280918081441501,0.211706625,0.32184545,1.00018574382228,12820.3425679727,25901.0375435093,0.000252870514695886,0.000261999999999994,0.000451,0.000431999999999996,"summary-fit-mplus-diagnostics"
14,10,10,"mean(mu[1,1])","BMLVAR",TRUE,100,50,2.809042649475,2.809182,0.117945263244916,2.57747115,3.03995295,1.00002342992774,36413.6717397697,38439.2764547117,0.000617885341838746,0.000757500000000011,0.00172349999999994,0.00155649999999998,"summary-fit-mplus-diagnostics"
14,10,10,"mean(mu[2,1])","BMLVAR",TRUE,100,50,1.96362203755,1.9638015,0.112945828985996,1.741782425,2.184984175,1.00002620263904,34194.9911383414,37330.1523322585,0.000610731908276704,0.000730000000000008,0.001566,0.00158999999999999,"summary-fit-mplus-diagnostics"
14,10,10,"cov(beta[1,1],beta[1,1])","BMLVAR",TRUE,100,50,0.037588577075,0.0366865,0.00892067324878831,0.02275195,0.05759815,1.00086589811799,4453.78900250563,8670.09254479572,0.000130905865752684,0.000131500000000001,0.000164,0.000235,"summary-fit-mplus-diagnostics"
14,10,10,"cov(beta[2,1],beta[1,1])","BMLVAR",TRUE,100,50,0.010454457525,0.010039,0.00587365888730257,8.59250000000028e-05,0.0232231,1.00085846609594,2598.4066198494,5606.37718993358,0.000115190304522311,0.000117,0.000165,0.0001865,"summary-fit-mplus-diagnostics"
14,10,10,"cov(beta[2,1],beta[2,1])","BMLVAR",TRUE,100,50,0.020262791675,0.0195075,0.00684562111485905,0.009131925,0.03567705,1.00168225566467,1902.92083600412,2685.80175130228,0.000157637675829333,0.0001615,0.000232,0.0002555,"summary-fit-mplus-diagnostics"
14,10,10,"cov(beta[1,2],beta[1,1])","BMLVAR",TRUE,100,50,0.0028129476,0.002894,0.00383221788360081,-0.005035025,0.010142075,1.00263563132391,1362.52963419117,3614.58947572587,0.000103679411302556,0.0001065,0.0001515,0.000144,"summary-fit-mplus-diagnostics"
14,10,10,"cov(beta[1,2],beta[2,1])","BMLVAR",TRUE,100,50,0.002096705675,0.002105,0.00318445631846415,-0.00423,0.008406025,1.00279870990093,1054.39459542602,3236.55838546115,9.83567745304684e-05,0.0001025,0.000129,0.0001245,"summary-fit-mplus-diagnostics"
14,10,10,"cov(beta[1,2],beta[1,2])","BMLVAR",TRUE,100,50,0.00598491275,0.005547,0.00283205075606192,0.001823975,0.012663025,1.00217644225876,896.277848850605,1718.68713368607,8.89577728692887e-05,9.55e-05,6.8e-05,0.000145,"summary-fit-mplus-diagnostics"
14,10,10,"cov(beta[2,2],beta[1,1])","BMLVAR",TRUE,100,50,0.015331136175,0.015065,0.00742314418120252,0.001407925,0.03074615,1.00027437382981,5825.33991909581,14603.6736189623,9.69285255521001e-05,0.0001015,0.0001435,0.0001605,"summary-fit-mplus-diagnostics"
14,10,10,"cov(beta[2,2],beta[2,1])","BMLVAR",TRUE,100,50,0.01221278205,0.012121,0.00633900534635615,-6.21749999999934e-05,0.0250611,1.0007241486989,3548.20258540455,9436.03902124356,0.000110129241464376,0.0001125,0.000171,0.000159,"summary-fit-mplus-diagnostics"
14,10,10,"cov(beta[2,2],beta[1,2])","BMLVAR",TRUE,100,50,0.0070933057,0.006804,0.00439268930647243,-0.000761049999999998,0.016550025,1.00088969225303,1875.19501413288,3917.1315910564,0.000101310003372816,0.000105,0.0001435,0.00015,"summary-fit-mplus-diagnostics"
14,10,10,"cov(beta[2,2],beta[2,2])","BMLVAR",TRUE,100,50,0.056045632125,0.054918,0.0114038766766771,0.036978975,0.081536075,1.00031513290815,7001.3170961767,14667.6056652187,0.000136667453675529,0.000138,0.000153000000000001,0.000286500000000001,"summary-fit-mplus-diagnostics"
14,10,10,"cov(mu[1,1],mu[1,1])","BMLVAR",TRUE,100,50,1.339467328675,1.3195195,0.207751910106283,0.99078445,1.80288305,1.00003466163611,32398.5273935277,36977.9284406766,0.0011479075840743,0.00138899999999999,0.0020085,0.00425600000000001,"summary-fit-mplus-diagnostics"
14,10,10,"cov(mu[2,1],mu[1,1])","BMLVAR",TRUE,100,50,0.5091440698,0.4988605,0.150227166270977,0.242266975,0.833360875,1.00003013362227,30565.3670415961,36777.8030229726,0.000856456857282552,0.000977500000000001,0.0017295,0.00291199999999999,"summary-fit-mplus-diagnostics"
14,10,10,"cov(mu[2,1],mu[2,1])","BMLVAR",TRUE,100,50,1.200984632875,1.1827955,0.191079434914945,0.8795528,1.6264094,1.00005355352512,28756.2224009067,35327.427720065,0.00112079707313666,0.00127250000000004,0.00173300000000001,0.00400199999999997,"summary-fit-mplus-diagnostics"
14,10,10,"psi[1,1]","BMLVAR",FALSE,100,50,1.3056192774,1.305291,0.0268285768521661,1.254021825,1.3592023,1.00002198621897,33471.173196257,37594.794748344,0.000146854440907363,0.000175500000000028,0.000365999999999989,0.0003915,"summary-fit-mplus-priors-diagnostics"
14,10,10,"psi[2,1]","BMLVAR",FALSE,100,50,0.57436083155,0.574127,0.0225150727660685,0.530845825,0.619057125,1.00004005915037,30307.8133810802,37193.8737759891,0.000130648867469238,0.000152000000000002,0.000299499999999997,0.000306499999999993,"summary-fit-mplus-priors-diagnostics"
14,10,10,"psi[2,2]","BMLVAR",FALSE,100,50,1.577685660075,1.577232,0.0325411302612083,1.51520465,1.642765325,1.00002045301472,30159.9370284768,36769.743779985,0.000204233088059965,0.000234000000000012,0.000405,0.000450499999999976,"summary-fit-mplus-priors-diagnostics"
14,10,10,"mean(beta[1,1])","BMLVAR",FALSE,100,50,0.28478239145,0.2848865,0.0225477512531851,0.240258725,0.32877215,1.00102938118344,3072.36010418636,11284.6759462461,0.000418708677894866,0.000422499999999998,0.000505000000000003,0.000479499999999994,"summary-fit-mplus-priors-diagnostics"
14,10,10,"mean(beta[2,1])","BMLVAR",FALSE,100,50,-0.03694770035,-0.036915,0.0193654054976377,-0.075004175,0.00109520000000001,1.00350003608383,942.775728440546,2632.30901540719,0.000688555234688588,0.000700999999999999,0.001004,0.0008885,"summary-fit-mplus-priors-diagnostics"
14,10,10,"mean(beta[1,2])","BMLVAR",FALSE,100,50,-0.053195124675,-0.0532395,0.0143727535732382,-0.0813452,-0.0249718,1.00244794965362,885.499407874819,2228.20981537387,0.00048841626130977,0.000517,0.000653,0.000698,"summary-fit-mplus-priors-diagnostics"
14,10,10,"mean(beta[2,2])","BMLVAR",FALSE,100,50,0.270056747225,0.270193,0.0261270644487722,0.218445625,0.32101535,1.0008433222457,3848.40775299567,14183.5919920731,0.000449396200433918,0.000450000000000002,0.000551500000000005,0.000548999999999997,"summary-fit-mplus-priors-diagnostics"
14,10,10,"mean(mu[1,1])","BMLVAR",FALSE,100,50,2.80705831895,2.8069795,0.11465588228192,2.581363475,3.03230825,1.00000502342444,36304.3310272075,38343.042920337,0.000601514131874567,0.000739999999999963,0.00161000000000007,0.00154799999999999,"summary-fit-mplus-priors-diagnostics"
14,10,10,"mean(mu[2,1])","BMLVAR",FALSE,100,50,1.962233890175,1.9625155,0.109862483846377,1.745890075,2.1770674,1.00004119937485,34306.9257947045,37615.213091423,0.000592834013031181,0.000708499999999979,0.00154549999999997,0.00155999999999997,"summary-fit-mplus-priors-diagnostics"
14,10,10,"cov(beta[1,1],beta[1,1])","BMLVAR",FALSE,100,50,0.027807086975,0.027122,0.00696685286818841,0.0161859,0.0433761,1.00093330866294,1540.01216049393,3912.94160404052,0.00017760058092306,0.0001765,0.000192,0.000256499999999999,"summary-fit-mplus-priors-diagnostics"
14,10,10,"cov(beta[2,1],beta[1,1])","BMLVAR",FALSE,100,50,0.0060339099,0.0057295,0.00421770163044395,-0.001409025,0.015177,1.00271710639878,600.139354030097,1601.79682281549,0.000171518165033443,0.0001715,0.000203,0.000268,"summary-fit-mplus-priors-diagnostics"
14,10,10,"cov(beta[2,1],beta[2,1])","BMLVAR",FALSE,100,50,0.009711749775,0.0091675,0.00409773038790968,0.003427,0.019132,1.00266538529677,522.108902325531,1114.12242691875,0.000178625989988764,0.000184,0.0001415,0.0002815,"summary-fit-mplus-priors-diagnostics"
14,10,10,"cov(beta[1,2],beta[1,1])","BMLVAR",FALSE,100,50,0.0041812004,0.004198,0.00275608661451412,-0.001326075,0.00959905,1.00179573708418,847.539851496099,1993.27812563767,9.56529046530208e-05,9.9e-05,0.0001655,0.0001065,"summary-fit-mplus-priors-diagnostics"
14,10,10,"cov(beta[1,2],beta[2,1])","BMLVAR",FALSE,100,50,0.001904763325,0.00182,0.00166066078529472,-0.001186025,0.005446025,1.00219714790841,914.289922214604,2186.51297431988,5.57423502875492e-05,5.55e-05,8.65e-05,9.35e-05,"summary-fit-mplus-priors-diagnostics"
14,10,10,"cov(beta[1,2],beta[1,2])","BMLVAR",FALSE,100,50,0.002873006675,0.002602,0.00133437845361902,0.001107,0.006186025,1.00187549148582,1222.28845217285,2405.02723237141,4.27749568234312e-05,4.20000000000001e-05,1.9e-05,0.0001155,"summary-fit-mplus-priors-diagnostics"
14,10,10,"cov(beta[2,2],beta[1,1])","BMLVAR",FALSE,100,50,0.0161419464,0.01589,0.00599585387028181,0.00503795,0.0286841,1.00054596315927,2533.78103061076,6986.69801091541,0.000119404934838098,0.00012,0.000151,0.0001445,"summary-fit-mplus-priors-diagnostics"
14,10,10,"cov(beta[2,2],beta[2,1])","BMLVAR",FALSE,100,50,0.0143586815,0.0141625,0.00465608171144539,0.00575795,0.02411205,1.00129208809338,1045.67904159516,2440.58557178404,0.000145081225285867,0.000148,0.000201,0.000171,"summary-fit-mplus-priors-diagnostics"
14,10,10,"cov(beta[2,2],beta[1,2])","BMLVAR",FALSE,100,50,0.005240148925,0.005065,0.00333643643926783,-0.000811024999999999,0.01238105,1.00251071091759,878.635366881038,2113.30918903268,0.000113536219592818,0.000112,0.0001555,0.000192,"summary-fit-mplus-priors-diagnostics"
14,10,10,"cov(beta[2,2],beta[2,2])","BMLVAR",FALSE,100,50,0.04559905025,0.0447315,0.00923607456073082,0.03002695,0.06617415,1.0007990856332,2510.12545328664,6647.59563688025,0.000196156095048916,0.000197,0.0001945,0.000284,"summary-fit-mplus-priors-diagnostics"
14,10,10,"cov(mu[1,1],mu[1,1])","BMLVAR",FALSE,100,50,1.264189162475,1.246551,0.190149648634553,0.943857775,1.68665385,1.00002077919867,31925.4644307097,36905.5477260776,0.00105914942738646,0.001262,0.00179549999999999,0.00353850000000001,"summary-fit-mplus-priors-diagnostics"
14,10,10,"cov(mu[2,1],mu[1,1])","BMLVAR",FALSE,100,50,0.476059367775,0.4670825,0.137442658431526,0.23175065,0.772107225,1.00004588285985,30619.8706959896,36315.85001534,0.00078253384183379,0.00088049999999999,0.0015995,0.00263049999999999,"summary-fit-mplus-priors-diagnostics"
14,10,10,"cov(mu[2,1],mu[2,1])","BMLVAR",FALSE,100,50,1.130662659175,1.114495,0.174257285134699,0.83646335,1.51663635,1.00003767089403,28813.9490795616,35257.4804364672,0.00102014014277452,0.00117700000000001,0.001713,0.00351699999999998,"summary-fit-mplus-priors-diagnostics"
15,10,10,"psi[1,1]","BMLVAR",TRUE,200,50,1.301760918875,1.3015665,0.0189425640991062,1.265204875,1.3394941,1.00004408886844,32564.9913014698,37403.2051694368,0.000105433585946236,0.000124000000000002,0.00026400000000002,0.000261499999999992,"summary-fit-mplus-diagnostics"
15,10,10,"psi[2,1]","BMLVAR",TRUE,200,50,0.5749984691,0.574845,0.0158432132724405,0.544310925,0.60638415,1.00006242124783,32663.4947835469,37496.9222837032,8.77638622200605e-05,0.000108999999999992,0.000203999999999993,0.000237500000000002,"summary-fit-mplus-diagnostics"
15,10,10,"psi[2,2]","BMLVAR",TRUE,200,50,1.561670180125,1.561444,0.0228456542360882,1.5173659,1.6069722,1.00001708911099,30734.6603708505,37349.9389324823,0.000130617329185972,0.000156000000000012,0.000294999999999956,0.000333499999999998,"summary-fit-mplus-diagnostics"
15,10,10,"mean(beta[1,1])","BMLVAR",TRUE,200,50,0.278652202525,0.2786745,0.0172567510945357,0.244666775,0.312320175,1.0002319450822,9748.21786558776,21541.3556779546,0.00018235650510476,0.000194000000000001,0.000286999999999998,0.000275000000000006,"summary-fit-mplus-diagnostics"
15,10,10,"mean(beta[2,1])","BMLVAR",TRUE,200,50,-0.03558154935,-0.0355205,0.0154302029287681,-0.065943275,-0.00542682499999999,1.00051202993404,6823.50418814775,15374.6546464265,0.000197741525411785,0.000205499999999999,0.000331499999999999,0.0003155,"summary-fit-mplus-diagnostics"
15,10,10,"mean(beta[1,2])","BMLVAR",TRUE,200,50,-0.049233015625,-0.049302,0.0104354483344195,-0.06954915,-0.028685975,1.00208006937217,1378.33807761699,3354.72049990641,0.00029471657831331,0.000306,0.0004345,0.000421,"summary-fit-mplus-diagnostics"
15,10,10,"mean(beta[2,2])","BMLVAR",TRUE,200,50,0.2649913165,0.265024,0.0194717753145268,0.22670885,0.303092125,1.00030119356185,11705.7270621478,24773.2966635677,0.000185218585269899,0.000198499999999996,0.000324499999999998,0.000291999999999998,"summary-fit-mplus-diagnostics"
15,10,10,"mean(mu[1,1])","BMLVAR",TRUE,200,50,2.872541381375,2.8723925,0.0799477942501908,2.7157883,3.029734425,1.00002542588463,35809.8376054932,38077.4699551255,0.000422602040811264,0.000514000000000037,0.00105649999999999,0.00102250000000002,"summary-fit-mplus-diagnostics"
15,10,10,"mean(mu[2,1])","BMLVAR",TRUE,200,50,2.032763136875,2.032851,0.0790478608587121,1.877746125,2.187328275,1.00002668261962,34104.8298876302,37835.7960782347,0.000428023850374227,0.000517999999999952,0.00108499999999998,0.00110700000000004,"summary-fit-mplus-diagnostics"
15,10,10,"cov(beta[1,1],beta[1,1])","BMLVAR",TRUE,200,50,0.035978432275,0.035577,0.00579893204729582,0.02579495,0.048492075,1.00067932647996,4827.30188663363,11102.5087784524,8.74202672071028e-05,8.80000000000001e-05,9.99999999999999e-05,0.000142,"summary-fit-mplus-diagnostics"
15,10,10,"cov(beta[2,1],beta[1,1])","BMLVAR",TRUE,200,50,0.0104246633,0.010225,0.00393259405178493,0.003271,0.01872205,1.00057896938675,3197.78154529802,7493.79953944388,7.34444108690081e-05,7.35e-05,9.25e-05,0.0001185,"summary-fit-mplus-diagnostics"
15,10,10,"cov(beta[2,1],beta[2,1])","BMLVAR",TRUE,200,50,0.020184057,0.019836,0.00481325770657073,0.011759975,0.030579125,1.0014673393532,2116.56373134883,3546.73308273246,0.000110778579172295,0.000114,0.000159,0.000155,"summary-fit-mplus-diagnostics"
15,10,10,"cov(beta[1,2],beta[1,1])","BMLVAR",TRUE,200,50,0.001473593725,0.001537,0.00242745696774001,-0.003454025,0.00609005,1.00302722517536,900.209345716067,2325.58326477735,8.45769816526077e-05,8.9e-05,0.000119,0.0001105,"summary-fit-mplus-diagnostics"
15,10,10,"cov(beta[1,2],beta[2,1])","BMLVAR",TRUE,200,50,0.001369035325,0.001384,0.00207388418409579,-0.002756025,0.005406,1.00244317122133,732.672670682447,2011.30330845278,7.75594734633397e-05,7.9e-05,0.0001155,9.6e-05,"summary-fit-mplus-diagnostics"
15,10,10,"cov(beta[1,2],beta[1,2])","BMLVAR",TRUE,200,50,0.003707030525,0.0034705,0.0015782335676981,0.001367,0.00739905,1.00361640725534,610.076728464639,1508.36720445865,6.63268116994418e-05,7.3e-05,4.6e-05,0.00011,"summary-fit-mplus-diagnostics"
15,10,10,"cov(beta[2,2],beta[1,1])","BMLVAR",TRUE,200,50,0.01358199615,0.013476,0.00487749000995237,0.004293925,0.02347715,1.00026361491133,5261.26993205715,14639.7881110284,7.02825986629538e-05,7.19999999999999e-05,9.4e-05,9.75e-05,"summary-fit-mplus-diagnostics"
15,10,10,"cov(beta[2,2],beta[2,1])","BMLVAR",TRUE,200,50,0.009231141775,0.009226,0.00424350796348521,0.000885975000000001,0.01758305,1.00067854879421,3256.3767264581,9356.85311323025,7.91909560180455e-05,7.80000000000001e-05,0.000108,0.000109,"summary-fit-mplus-diagnostics"
15,10,10,"cov(beta[2,2],beta[1,2])","BMLVAR",TRUE,200,50,0.004866395925,0.004756,0.00278525701482523,-0.000281074999999997,0.010652075,1.00170300813854,1120.96912961968,2496.22544091279,8.53841428781146e-05,8.8e-05,0.0001195,0.0001235,"summary-fit-mplus-diagnostics"
15,10,10,"cov(beta[2,2],beta[2,2])","BMLVAR",TRUE,200,50,0.0525356578,0.0520075,0.00748855193557777,0.03936495,0.0686462,1.00016757088557,6535.13891002603,14405.5956288894,9.61147326345604e-05,9.95000000000003e-05,0.0001145,0.000172499999999999,"summary-fit-mplus-diagnostics"
15,10,10,"cov(mu[1,1],mu[1,1])","BMLVAR",TRUE,200,50,1.219383231,1.2107075,0.130817456778269,0.988211025,1.500151225,1.00001404112558,32210.4572708696,37508.1828986832,0.00072795190255838,0.000873000000000002,0.00137200000000001,0.00238600000000001,"summary-fit-mplus-diagnostics"
15,10,10,"cov(mu[2,1],mu[1,1])","BMLVAR",TRUE,200,50,0.446440356625,0.4420205,0.0976520176991901,0.26737615,0.650551575,1.00002770465637,30950.1750000536,36842.6015217569,0.00055447105665996,0.000674000000000002,0.0011725,0.0016425,"summary-fit-mplus-diagnostics"
15,10,10,"cov(mu[2,1],mu[2,1])","BMLVAR",TRUE,200,50,1.1643551521,1.155637,0.127951591004818,0.939101475,1.439633025,1.00003777903578,28790.9254168289,35722.7136589214,0.000751377245568351,0.000888500000000025,0.001428,0.00237950000000001,"summary-fit-mplus-diagnostics"
15,10,10,"psi[1,1]","BMLVAR",FALSE,200,50,1.303504595325,1.303313,0.0189365647654908,1.2669038,1.3411581,1.00003713532694,33111.7434645124,37381.9582242778,0.000104206299199923,0.000126000000000004,0.000252999999999992,0.000259500000000012,"summary-fit-mplus-priors-diagnostics"
15,10,10,"psi[2,1]","BMLVAR",FALSE,200,50,0.576780250575,0.57668,0.0159159515596049,0.54589785,0.60822615,1.00013617578278,27040.5495961081,36586.540690381,0.000100695094508982,0.000113999999999981,0.000212499999999999,0.000214500000000006,"summary-fit-mplus-priors-diagnostics"
15,10,10,"psi[2,2]","BMLVAR",FALSE,200,50,1.56715618095,1.5669145,0.0230573683344884,1.522496825,1.61291025,1.00015976677328,18193.7102008021,33416.2858313599,0.000198685965786004,0.000201000000000018,0.000318500000000022,0.00032899999999999,"summary-fit-mplus-priors-diagnostics"
15,10,10,"mean(beta[1,1])","BMLVAR",FALSE,200,50,0.279809972425,0.279862,0.0164888924806973,0.247441825,0.31198515,1.00051500437594,4860.19739726745,14709.0225304429,0.0002543929083615,0.000257999999999996,0.000303500000000002,0.000309999999999996,"summary-fit-mplus-priors-diagnostics"
15,10,10,"mean(beta[2,1])","BMLVAR",FALSE,200,50,-0.035647249075,-0.035662,0.0141249298542634,-0.06325905,-0.00792784999999999,1.0015453483515,2302.8843763763,5772.23881417171,0.000347937174380521,0.0003605,0.000460500000000001,0.0004715,"summary-fit-mplus-priors-diagnostics"
15,10,10,"mean(beta[1,2])","BMLVAR",FALSE,200,50,-0.0490472265,-0.049049,0.0101847074751409,-0.06908405,-0.02910885,1.00305367602502,743.701626650022,1718.45416529966,0.000379373398257053,0.0003905,0.0005565,0.00057,"summary-fit-mplus-priors-diagnostics"
15,10,10,"mean(beta[2,2])","BMLVAR",FALSE,200,50,0.2667197831,0.266785,0.0186703593799091,0.2300406,0.303176225,1.00051248776438,5662.59794879936,17515.911477318,0.00026475656388714,0.000270500000000001,0.000323500000000002,0.000345499999999999,"summary-fit-mplus-priors-diagnostics"
15,10,10,"mean(mu[1,1])","BMLVAR",FALSE,200,50,2.871711621925,2.871698,0.0786631565634491,2.717368925,3.025969125,1.00002523868477,35928.6514991754,38203.8292413401,0.000415125699032447,0.000524000000000013,0.00096449999999999,0.00106199999999999,"summary-fit-mplus-priors-diagnostics"
15,10,10,"mean(mu[2,1])","BMLVAR",FALSE,200,50,2.0321298073,2.0321345,0.0777044155736327,1.87939725,2.1842498,1.00003869033921,33779.2074680621,37932.4817650593,0.00042276465855174,0.000516500000000009,0.0011145,0.00112600000000003,"summary-fit-mplus-priors-diagnostics"
15,10,10,"cov(beta[1,1],beta[1,1])","BMLVAR",FALSE,200,50,0.0311406818,0.0307825,0.00519641073208482,0.0220079,0.042324025,1.00107566357817,2006.69116154428,5593.35336039334,0.000118339793907181,0.0001205,0.0001245,0.0001495,"summary-fit-mplus-priors-diagnostics"
15,10,10,"cov(beta[2,1],beta[1,1])","BMLVAR",FALSE,200,50,0.00768514955,0.0075155,0.00337799583293158,0.001539,0.014779025,1.00369532075699,918.837059205767,2222.10215248188,0.00011984024123483,0.000122,0.000142,0.000142,"summary-fit-mplus-priors-diagnostics"
15,10,10,"cov(beta[2,1],beta[2,1])","BMLVAR",FALSE,200,50,0.01263922575,0.0122525,0.00400446258123779,0.006046975,0.021508025,1.00411678176267,654.244525951788,1158.00033746203,0.000181684833802945,0.000186500000000001,0.0001745,0.0002365,"summary-fit-mplus-priors-diagnostics"
15,10,10,"cov(beta[1,2],beta[1,1])","BMLVAR",FALSE,200,50,0.002343853525,0.002384,0.00209340064367242,-0.00187605,0.006361025,1.00444848402532,595.913135068572,1419.65794239208,8.60504396697051e-05,8.85e-05,0.000141,0.0001095,"summary-fit-mplus-priors-diagnostics"
15,10,10,"cov(beta[1,2],beta[2,1])","BMLVAR",FALSE,200,50,0.001478750475,0.001484,0.00152562031461904,-0.00155,0.00448105,1.00482877982634,533.543683294207,1092.3058545815,6.71617806611396e-05,6.6e-05,0.0001145,9e-05,"summary-fit-mplus-priors-diagnostics"
15,10,10,"cov(beta[1,2],beta[1,2])","BMLVAR",FALSE,200,50,0.00231492765,0.002142,0.000926385814083296,0.001045,0.004559025,1.00218627566204,828.626431167333,1784.57389236809,3.58432423918501e-05,3.4e-05,1.35e-05,8.95000000000001e-05,"summary-fit-mplus-priors-diagnostics"
15,10,10,"cov(beta[2,2],beta[1,1])","BMLVAR",FALSE,200,50,0.014547459675,0.014441,0.00444020370458298,0.006113975,0.02358405,1.00154731690786,2348.42973744254,8648.58425149987,9.57385240101413e-05,9.59999999999999e-05,0.0001015,0.000106,"summary-fit-mplus-priors-diagnostics"
15,10,10,"cov(beta[2,2],beta[2,1])","BMLVAR",FALSE,200,50,0.011624416025,0.011629,0.00370031731220212,0.004314,0.018927075,1.00352900701632,1059.76612675352,3478.97399914668,0.000130446517420958,0.0001325,0.0001495,0.0001395,"summary-fit-mplus-priors-diagnostics"
15,10,10,"cov(beta[2,2],beta[1,2])","BMLVAR",FALSE,200,50,0.003855609425,0.003776,0.00240086582448024,-0.000643049999999998,0.00879710000000001,1.00221978136929,678.958092891889,1606.36359603723,9.34077072245464e-05,9.25e-05,0.00013,0.0001425,"summary-fit-mplus-priors-diagnostics"
15,10,10,"cov(beta[2,2],beta[2,2])","BMLVAR",FALSE,200,50,0.046760838275,0.046314,0.00674762559475587,0.03484795,0.061221125,1.00109911210581,2617.45663427371,7984.27413988701,0.000137686530761493,0.0001425,0.00014,0.000185499999999999,"summary-fit-mplus-priors-diagnostics"
15,10,10,"cov(mu[1,1],mu[1,1])","BMLVAR",FALSE,200,50,1.18575164015,1.1774855,0.125300745453698,0.9641538,1.454458125,1.00003820670148,32417.2874480884,37215.0022889396,0.000695630331387053,0.000825500000000012,0.0013485,0.00227850000000002,"summary-fit-mplus-priors-diagnostics"
15,10,10,"cov(mu[2,1],mu[1,1])","BMLVAR",FALSE,200,50,0.4320628534,0.4278465,0.0934112909162696,0.260456075,0.627260025,1.00004504576304,30873.1190937428,36649.6490497161,0.000531079306701322,0.000621499999999997,0.001057,0.00148500000000001,"summary-fit-mplus-priors-diagnostics"
15,10,10,"cov(mu[2,1],mu[2,1])","BMLVAR",FALSE,200,50,1.13128405095,1.1229665,0.122520774459382,0.9151647,1.39449535,1.00003298627266,28746.5966113849,35498.4721428632,0.000720516771008025,0.000863999999999987,0.00121249999999999,0.00219200000000001,"summary-fit-mplus-priors-diagnostics"
16,10,10,"psi[1,1]","BMLVAR",TRUE,50,100,1.3094663658,1.3090325,0.0265738637702376,1.2584149,1.362702325,1.00002572804013,37043.3773048629,38967.4238789586,0.000138119069086272,0.000169499999999989,0.000350500000000009,0.000385500000000005,"summary-fit-mplus-diagnostics"
16,10,10,"psi[2,1]","BMLVAR",TRUE,50,100,0.572606941,0.5723235,0.0221057793389698,0.529961825,0.6164572,1.00002580003615,37264.2698368632,38694.0579403749,0.000114530492645312,0.000143499999999996,0.000265999999999997,0.000334999999999985,"summary-fit-mplus-diagnostics"
16,10,10,"psi[2,2]","BMLVAR",TRUE,50,100,1.561781528925,1.561376,0.0317021883022065,1.50064365,1.6251133,1.00004954641772,37049.9496095601,38454.7732476579,0.000164704408745116,0.000201999999999991,0.000421499999999975,0.000465500000000008,"summary-fit-mplus-diagnostics"
16,10,10,"mean(beta[1,1])","BMLVAR",TRUE,50,100,0.27606738565,0.276181,0.0310600135945348,0.21459975,0.336996325,1.00011708537579,18594.9298380859,29891.4011322433,0.000229804183489066,0.000248500000000001,0.000468499999999999,0.000487999999999994,"summary-fit-mplus-diagnostics"
16,10,10,"mean(beta[2,1])","BMLVAR",TRUE,50,100,-0.04872714965,-0.0487705,0.0263552540764928,-0.100656175,0.00307417500000001,1.00017770664022,13021.2165525718,23176.2464245124,0.000237118800440362,0.000256000000000001,0.000462999999999998,0.0004275,"summary-fit-mplus-diagnostics"
16,10,10,"mean(beta[1,2])","BMLVAR",TRUE,50,100,-0.047498717975,-0.04749,0.0172990956849013,-0.08159715,-0.0135478,1.00064580184583,4992.73073430505,11732.1463336455,0.000251375121664423,0.000262,0.000418999999999999,0.0003785,"summary-fit-mplus-diagnostics"
16,10,10,"mean(beta[2,2])","BMLVAR",TRUE,50,100,0.235586193625,0.235728,0.0404348592893856,0.155661625,0.31479335,1.00004574724489,24829.7019479599,34360.6045127193,0.000257370936678822,0.000299499999999998,0.000633500000000001,0.000613,"summary-fit-mplus-diagnostics"
16,10,10,"mean(mu[1,1])","BMLVAR",TRUE,50,100,2.932769268525,2.9329675,0.170826950352178,2.596589875,3.268657025,0.99999957076964,37954.9044593856,38360.7889235083,0.000876415966746926,0.00108300000000001,0.00238800000000003,0.00241449999999996,"summary-fit-mplus-diagnostics"
16,10,10,"mean(mu[2,1])","BMLVAR",TRUE,50,100,2.06068209615,2.0608865,0.171493102132615,1.7229027,2.398445775,1.0000120204209,37090.3812870396,38288.5870945862,0.000889938910205099,0.00109499999999999,0.00245049999999999,0.00243149999999999,"summary-fit-mplus-diagnostics"
16,10,10,"cov(beta[1,1],beta[1,1])","BMLVAR",TRUE,50,100,0.037537472675,0.0359465,0.0111347038877945,0.02050995,0.0637181,1.00015772712413,9788.91269529805,16659.182793068,0.000107669502043997,0.0001105,0.000117000000000001,0.000289,"summary-fit-mplus-diagnostics"
16,10,10,"cov(beta[2,1],beta[1,1])","BMLVAR",TRUE,50,100,0.00933859165,0.008732,0.00695411374509792,-0.002641075,0.0248461,1.00015781123633,6954.00161073674,14802.3344934275,8.36839244686044e-05,8.45e-05,0.0001225,0.0001765,"summary-fit-mplus-diagnostics"
16,10,10,"cov(beta[2,1],beta[2,1])","BMLVAR",TRUE,50,100,0.0217773254,0.020619,0.00801913229654554,0.009597,0.04068115,1.00038993981608,4869.79134040461,6931.44521789057,0.000110115549875916,0.000111,0.0001455,0.0002385,"summary-fit-mplus-diagnostics"
16,10,10,"cov(beta[1,2],beta[1,1])","BMLVAR",TRUE,50,100,0.0029683727,0.002985,0.00425338712322509,-0.0055471,0.0114481,1.0007452625505,3435.05567979485,9423.76739918278,7.26776118948796e-05,7.25e-05,0.0001275,0.000116,"summary-fit-mplus-diagnostics"
16,10,10,"cov(beta[1,2],beta[2,1])","BMLVAR",TRUE,50,100,0.003658075675,0.00353,0.00349651623685233,-0.0029461,0.010985075,1.00069223153049,3032.35978549563,8095.0812888589,6.34359509715116e-05,6.45e-05,0.0001045,9.95e-05,"summary-fit-mplus-diagnostics"
16,10,10,"cov(beta[1,2],beta[1,2])","BMLVAR",TRUE,50,100,0.0061617118,0.005636,0.00301430237160962,0.001901975,0.013452025,1.00117432120509,2142.17202806799,3918.85947215636,6.03218058738577e-05,6.40000000000001e-05,4.7e-05,0.0001215,"summary-fit-mplus-diagnostics"
16,10,10,"cov(beta[2,2],beta[1,1])","BMLVAR",TRUE,50,100,0.01539580935,0.01476,0.0104597729628311,-0.003562125,0.037998325,1.00015894861447,14148.7726843713,25072.1474905563,8.70196429293888e-05,9.19999999999998e-05,0.0001575,0.0002295,"summary-fit-mplus-diagnostics"
16,10,10,"cov(beta[2,2],beta[2,1])","BMLVAR",TRUE,50,100,0.01156606115,0.0112125,0.00869527008363096,-0.00476305,0.029891075,1.00012760048957,9729.21434986448,20498.5115806598,8.84776895895997e-05,9.1e-05,0.0001655,0.0001865,"summary-fit-mplus-diagnostics"
16,10,10,"cov(beta[2,2],beta[1,2])","BMLVAR",TRUE,50,100,0.0071278473,0.006677,0.00567488509968347,-0.002846025,0.01967305,1.00033848836672,4327.33490177338,9577.81926739043,8.53028151052566e-05,8.50000000000001e-05,0.000127,0.0001795,"summary-fit-mplus-diagnostics"
16,10,10,"cov(beta[2,2],beta[2,2])","BMLVAR",TRUE,50,100,0.07083521375,0.068177,0.0186692086136841,0.042246875,0.114775675,1.00006221394487,17522.0659014227,27508.3989774197,0.000137442929589676,0.000141000000000001,0.0001635,0.000465499999999997,"summary-fit-mplus-diagnostics"
16,10,10,"cov(mu[1,1],mu[1,1])","BMLVAR",TRUE,50,100,1.436940672425,1.392659,0.324333969473244,0.934765475,2.196589925,1.00003234130861,35154.9647399396,38032.6502910609,0.00172519664944827,0.00194500000000004,0.00236499999999999,0.00752949999999998,"summary-fit-mplus-diagnostics"
16,10,10,"cov(mu[2,1],mu[1,1])","BMLVAR",TRUE,50,100,0.5820387316,0.5586015,0.245871537389204,0.16451105,1.133193125,1.00004322871622,34100.9310337933,37411.4709991728,0.00132750674071232,0.00152650000000001,0.00279,0.00519299999999998,"summary-fit-mplus-diagnostics"
16,10,10,"cov(mu[2,1],mu[2,1])","BMLVAR",TRUE,50,100,1.4312853777,1.3865785,0.324675912987989,0.92825535,2.187983825,1.00005218717797,33638.8793452319,37298.4742542575,0.00176143692465446,0.00197850000000003,0.0025795,0.00775650000000002,"summary-fit-mplus-diagnostics"
16,10,10,"psi[1,1]","BMLVAR",FALSE,50,100,1.31117594255,1.31073,0.0266174219024046,1.26022875,1.364606325,1.00004246194945,36678.1217143563,38909.2952791343,0.000139102790011567,0.000174500000000011,0.000354999999999983,0.000382499999999997,"summary-fit-mplus-priors-diagnostics"
16,10,10,"psi[2,1]","BMLVAR",FALSE,50,100,0.573903082775,0.573647,0.0222020788251188,0.531057725,0.617858275,1.00000629825362,35844.5797641511,38481.6996409981,0.000117380280518278,0.000147000000000008,0.000294999999999998,0.000306000000000006,"summary-fit-mplus-priors-diagnostics"
16,10,10,"psi[2,2]","BMLVAR",FALSE,50,100,1.5664239369,1.5660275,0.0318504731936992,1.50509075,1.6299812,1.00003445598811,33447.0713636894,38128.6761218523,0.000175271972384401,0.000214499999999995,0.000390499999999994,0.000440000000000029,"summary-fit-mplus-priors-diagnostics"
16,10,10,"mean(beta[1,1])","BMLVAR",FALSE,50,100,0.277031617,0.2771185,0.0265220190249884,0.22460275,0.3289193,1.00026716674575,7860.58776032201,20048.7530707748,0.00031112712550427,0.000326500000000003,0.000483500000000001,0.000464500000000004,"summary-fit-mplus-priors-diagnostics"
16,10,10,"mean(beta[2,1])","BMLVAR",FALSE,50,100,-0.04930646805,-0.0493165,0.0212748693664759,-0.0911053,-0.00754974999999999,1.00047452381855,2988.98279403779,8063.04277124292,0.000424644146013891,0.000442999999999999,0.000601000000000001,0.0006235,"summary-fit-mplus-priors-diagnostics"
16,10,10,"mean(beta[1,2])","BMLVAR",FALSE,50,100,-0.0472620439,-0.0472035,0.015427210705369,-0.0777151,-0.01708785,1.00097169724826,1703.12383592834,4358.19613132572,0.000375800184593562,0.000380999999999999,0.0005555,0.0005365,"summary-fit-mplus-priors-diagnostics"
16,10,10,"mean(beta[2,2])","BMLVAR",FALSE,50,100,0.237256318275,0.237405,0.0354219408968447,0.167055525,0.30619235,1.00014622480994,12419.3358368368,28107.1026191709,0.000321647978640284,0.000344500000000005,0.000585,0.000502999999999995,"summary-fit-mplus-priors-diagnostics"
16,10,10,"mean(mu[1,1])","BMLVAR",FALSE,50,100,2.928763277475,2.928714,0.161151530435403,2.611618475,3.246683975,1.00000916321914,38317.6114028111,38564.8772454107,0.000823126311714592,0.00100849999999999,0.00231549999999998,0.00232949999999998,"summary-fit-mplus-priors-diagnostics"
16,10,10,"mean(mu[2,1])","BMLVAR",FALSE,50,100,2.0567551708,2.056611,0.161434955809665,1.74008195,2.373485775,1.00006149330752,37282.6083580115,38410.5245138645,0.000835921035415739,0.00104149999999996,0.00220100000000001,0.00244249999999995,"summary-fit-mplus-priors-diagnostics"
16,10,10,"cov(beta[1,1],beta[1,1])","BMLVAR",FALSE,50,100,0.024603921075,0.0236665,0.00721595328331091,0.013286875,0.041372175,1.00052448617953,4060.71950562045,8534.61600828715,0.000110148127952803,0.000109500000000001,0.000112,0.000214,"summary-fit-mplus-priors-diagnostics"
16,10,10,"cov(beta[2,1],beta[1,1])","BMLVAR",FALSE,50,100,0.0048562406,0.004537,0.00418193253163759,-0.00249605,0.014061,1.0008348477293,2012.40778164866,5316.98246723182,9.25320818910848e-05,9.05e-05,0.0001155,0.0001625,"summary-fit-mplus-priors-diagnostics"
16,10,10,"cov(beta[2,1],beta[2,1])","BMLVAR",FALSE,50,100,0.00963698105,0.008945,0.00428212999741549,0.003387975,0.0198621,1.00133742880908,1477.74868342049,2783.86284612874,0.000104500932885272,0.0001095,8.35e-05,0.00021,"summary-fit-mplus-priors-diagnostics"
16,10,10,"cov(beta[1,2],beta[1,1])","BMLVAR",FALSE,50,100,0.00364410955,0.003582,0.00266435948490015,-0.001477025,0.00912205,1.00108899316949,1866.33254401621,4091.53303070751,6.27435078873696e-05,6e-05,0.0001105,8.40000000000001e-05,"summary-fit-mplus-priors-diagnostics"
16,10,10,"cov(beta[1,2],beta[2,1])","BMLVAR",FALSE,50,100,0.002372822075,0.002217,0.00178070101467169,-0.000731024999999999,0.006348025,1.00095390679578,2030.92086011039,4229.86382931834,3.8607967464979e-05,3.8e-05,6.35e-05,7.24999999999999e-05,"summary-fit-mplus-priors-diagnostics"
16,10,10,"cov(beta[1,2],beta[1,2])","BMLVAR",FALSE,50,100,0.00300885345,0.002718,0.0014507295829261,0.001069,0.00658605,1.00111194868378,2173.95683696012,5438.48648268933,3.25503059903737e-05,3.3e-05,1.45e-05,8.3e-05,"summary-fit-mplus-priors-diagnostics"
16,10,10,"cov(beta[2,2],beta[1,1])","BMLVAR",FALSE,50,100,0.01400464805,0.013535,0.00706161540025364,0.0013319,0.02930205,1.00026324605204,6213.52767851479,13887.3788850801,8.90766800480243e-05,8.69999999999999e-05,0.0001255,0.000148,"summary-fit-mplus-priors-diagnostics"
16,10,10,"cov(beta[2,2],beta[2,1])","BMLVAR",FALSE,50,100,0.012181939,0.0118545,0.0054697977360429,0.002308975,0.02395215,1.00057209554273,3019.92820808699,7256.76861425046,0.000100935622281025,0.000103,0.0001445,0.000162,"summary-fit-mplus-priors-diagnostics"
16,10,10,"cov(beta[2,2],beta[1,2])","BMLVAR",FALSE,50,100,0.004865447625,0.004618,0.00376918609056985,-0.00188305,0.013014075,1.00127248230032,1831.9418654639,4458.89817922602,8.79200968278006e-05,9.00000000000001e-05,0.0001185,0.0001455,"summary-fit-mplus-priors-diagnostics"
16,10,10,"cov(beta[2,2],beta[2,2])","BMLVAR",FALSE,50,100,0.0520046975,0.050383,0.0126842025187298,0.032021925,0.08129735,1.00033547561165,7574.31074989194,17756.4396764883,0.000140665475199515,0.0001425,0.000127,0.000324999999999999,"summary-fit-mplus-priors-diagnostics"
16,10,10,"cov(mu[1,1],mu[1,1])","BMLVAR",FALSE,50,100,1.2760231836,1.2412805,0.269469645680366,0.851957,1.90135765,0.999998768813114,34990.3518242779,38265.5025394538,0.00143660175669385,0.00164650000000003,0.00208050000000001,0.00648549999999998,"summary-fit-mplus-priors-diagnostics"
16,10,10,"cov(mu[2,1],mu[1,1])","BMLVAR",FALSE,50,100,0.50833090635,0.490358,0.203694132096909,0.159187175,0.96121515,1.00003605055122,34137.3632006111,37524.5564865391,0.00109853213291685,0.00127450000000001,0.002383,0.00438300000000002,"summary-fit-mplus-priors-diagnostics"
16,10,10,"cov(mu[2,1],mu[2,1])","BMLVAR",FALSE,50,100,1.269415309025,1.2347185,0.269218979436808,0.845464175,1.89162175,1.00004458546467,33775.3354161807,37405.6552031494,0.00145925030942559,0.00168599999999999,0.00212250000000001,0.00622950000000001,"summary-fit-mplus-priors-diagnostics"
17,10,10,"psi[1,1]","BMLVAR",TRUE,100,100,1.30262954555,1.302477,0.018674040982903,1.266471725,1.339788175,1.00002574252567,36827.974633036,38548.8995308423,9.72844713902044e-05,0.000119000000000002,0.000239500000000004,0.000260499999999997,"summary-fit-mplus-diagnostics"
17,10,10,"psi[2,1]","BMLVAR",TRUE,100,100,0.572697841725,0.5725585,0.015620865280015,0.542465875,0.603614225,1.00001472205002,36742.2179455612,38602.2466729753,8.15207179230236e-05,9.80000000000036e-05,0.000205500000000003,0.000211000000000006,"summary-fit-mplus-diagnostics"
17,10,10,"psi[2,2]","BMLVAR",TRUE,100,100,1.569837849625,1.5696165,0.0225760097826421,1.526141775,1.6146533,1.00003605305455,36171.9190453721,38345.2801494744,0.000118722536889339,0.000145999999999979,0.000285999999999986,0.000346999999999997,"summary-fit-mplus-diagnostics"
17,10,10,"mean(beta[1,1])","BMLVAR",TRUE,100,100,0.2747116971,0.2747745,0.0221506952207375,0.230971725,0.317984225,1.00005239048004,17521.2570574479,30527.268654386,0.000169105662649833,0.000186499999999998,0.000342500000000003,0.000334499999999996,"summary-fit-mplus-diagnostics"
17,10,10,"mean(beta[2,1])","BMLVAR",TRUE,100,100,-0.03875874555,-0.038758,0.0177824784205833,-0.07370525,-0.00390282499999999,1.00015504621423,11625.0801210693,22399.9238915783,0.000171269522608616,0.000187,0.000297999999999999,0.0003135,"summary-fit-mplus-diagnostics"
17,10,10,"mean(beta[1,2])","BMLVAR",TRUE,100,100,-0.04897674,-0.0490105,0.0111813003220087,-0.0709302,-0.0270319,1.00066976334157,3648.88098361729,8554.49598749876,0.000196215332602773,0.0002065,0.0002935,0.000304500000000001,"summary-fit-mplus-diagnostics"
17,10,10,"mean(beta[2,2])","BMLVAR",TRUE,100,100,0.27597652465,0.2760105,0.0257899487383044,0.22524285,0.326453225,1.00002219116815,22050.4171676028,33127.4368200521,0.000174752159971969,0.000199499999999998,0.000388999999999998,0.000373000000000009,"summary-fit-mplus-diagnostics"
17,10,10,"mean(mu[1,1])","BMLVAR",TRUE,100,100,2.89406623205,2.8939345,0.111264379793699,2.6755783,3.112059,1.00001332954517,37378.6055146931,38760.4738689685,0.000575374336369177,0.000696500000000011,0.00150049999999999,0.00149249999999996,"summary-fit-mplus-diagnostics"
17,10,10,"mean(mu[2,1])","BMLVAR",TRUE,100,100,2.03431899345,2.034121,0.109195265137032,1.820223375,2.248715,1.00003915275918,36664.987126811,38034.993586315,0.000570269430160472,0.000689499999999987,0.00154350000000001,0.00147550000000001,"summary-fit-mplus-diagnostics"
17,10,10,"cov(beta[1,1],beta[1,1])","BMLVAR",TRUE,100,100,0.03810953715,0.037384,0.0073049610508311,0.025893,0.054405175,1.00044995921492,9593.57844140021,18463.9046031846,7.38870971896115e-05,7.75000000000001e-05,8.74999999999996e-05,0.000162499999999999,"summary-fit-mplus-diagnostics"
17,10,10,"cov(beta[2,1],beta[1,1])","BMLVAR",TRUE,100,100,0.01040838645,0.010099,0.0044168098084777,0.002587,0.01996,1.00045243944276,6524.97475964371,14422.2654673293,5.50796941119334e-05,5.84999999999998e-05,7.45e-05,0.0001005,"summary-fit-mplus-diagnostics"
17,10,10,"cov(beta[2,1],beta[2,1])","BMLVAR",TRUE,100,100,0.018668961075,0.0181885,0.0048023072696484,0.01065895,0.029404125,1.00038829222925,4811.02897003127,8043.9044292394,6.95476041514672e-05,7.29999999999995e-05,9.45e-05,0.000136,"summary-fit-mplus-diagnostics"
17,10,10,"cov(beta[1,2],beta[1,1])","BMLVAR",TRUE,100,100,0.003701066325,0.0036965,0.0025287577986742,-0.001293,0.00873805,1.00119054287011,2508.99597934999,6738.54997445803,5.26114155797762e-05,5.45e-05,7.15e-05,7.99999999999999e-05,"summary-fit-mplus-diagnostics"
17,10,10,"cov(beta[1,2],beta[2,1])","BMLVAR",TRUE,100,100,0.002131893525,0.002114,0.00200611378302719,-0.001781,0.00616905,1.00179881697819,1979.021953456,5154.09228831666,4.78735199030712e-05,4.8e-05,6.6e-05,6.6e-05,"summary-fit-mplus-diagnostics"
17,10,10,"cov(beta[1,2],beta[1,2])","BMLVAR",TRUE,100,100,0.003825850225,0.003597,0.00159209284356154,0.001435,0.00754905,1.00168489328841,1312.0118814618,2872.92833912187,4.26346261933835e-05,4.65000000000001e-05,3.3e-05,7.45e-05,"summary-fit-mplus-diagnostics"
17,10,10,"cov(beta[2,2],beta[1,1])","BMLVAR",TRUE,100,100,0.017213396525,0.016898,0.00627962527345995,0.0057179,0.030505025,1.00003062990697,13772.337315538,25086.4365760238,5.34330553968858e-05,5.65e-05,9.8e-05,0.000118499999999999,"summary-fit-mplus-diagnostics"
17,10,10,"cov(beta[2,2],beta[2,1])","BMLVAR",TRUE,100,100,0.0114608574,0.011304,0.00493150473137126,0.00216395,0.021658025,1.00019191374632,9058.29127028876,18779.3280586882,5.29343656725497e-05,5.4e-05,9.15e-05,9.69999999999997e-05,"summary-fit-mplus-diagnostics"
17,10,10,"cov(beta[2,2],beta[1,2])","BMLVAR",TRUE,100,100,0.005278246175,0.005101,0.00298896435454151,-0.000101,0.01167805,1.00031575171361,3372.93255937215,7188.55396294546,5.24813594141497e-05,5.25e-05,7.7e-05,9.25e-05,"summary-fit-mplus-diagnostics"
17,10,10,"cov(beta[2,2],beta[2,2])","BMLVAR",TRUE,100,100,0.05597582945,0.055028,0.00988063650197416,0.0393989,0.078032075,1.00007935262832,15864.3452298212,26555.6488649465,7.79435211047271e-05,8.34999999999992e-05,0.000105,0.000214999999999999,"summary-fit-mplus-diagnostics"
17,10,10,"cov(mu[1,1],mu[1,1])","BMLVAR",TRUE,100,100,1.2119832616,1.1943905,0.184946984074672,0.90160985,1.6235102,1.00004564743143,34912.3187374457,37874.5009983624,0.000989217885887554,0.00118650000000001,0.00175399999999998,0.00352049999999999,"summary-fit-mplus-diagnostics"
17,10,10,"cov(mu[2,1],mu[1,1])","BMLVAR",TRUE,100,100,0.407737915825,0.399459,0.134667282425953,0.1663686,0.696846,1.00001935598782,33853.3852363473,38090.850033803,0.000731773640887728,0.000848500000000002,0.0015,0.002566,"summary-fit-mplus-diagnostics"
17,10,10,"cov(mu[2,1],mu[2,1])","BMLVAR",TRUE,100,100,1.14251914335,1.125226,0.176928202371456,0.845438225,1.5367716,1.000026957336,32539.7612539705,37152.6146242052,0.000981013252506318,0.00118650000000001,0.0016835,0.00341500000000001,"summary-fit-mplus-diagnostics"
17,10,10,"psi[1,1]","BMLVAR",FALSE,100,100,1.3036381191,1.3034735,0.0186600644715479,1.267545925,1.34075735,1.00002486030105,37374.1846360828,38649.1453455045,9.65352170375759e-05,0.000120999999999993,0.000228499999999998,0.000272500000000009,"summary-fit-mplus-priors-diagnostics"
17,10,10,"psi[2,1]","BMLVAR",FALSE,100,100,0.57375236475,0.573655,0.015665170362537,0.543358625,0.604760125,1.00000970537918,35460.091076646,38502.2404398705,8.32405678016806e-05,9.79999999999981e-05,0.000206000000000001,0.000217499999999998,"summary-fit-mplus-priors-diagnostics"
17,10,10,"psi[2,2]","BMLVAR",FALSE,100,100,1.572439822025,1.5722235,0.0226666350627705,1.528602775,1.6175813,1.0000285599958,32102.8206047948,37498.3344825241,0.000127323807532258,0.000155999999999989,0.000309999999999999,0.000327499999999992,"summary-fit-mplus-priors-diagnostics"
17,10,10,"mean(beta[1,1])","BMLVAR",FALSE,100,100,0.2750482529,0.275085,0.0205854645576734,0.2343468,0.3152852,1.00021439989883,10788.6314373012,25124.6212140408,0.000202050755198277,0.0002085,0.000329999999999998,0.0003165,"summary-fit-mplus-priors-diagnostics"
17,10,10,"mean(beta[2,1])","BMLVAR",FALSE,100,100,-0.039203056775,-0.0391915,0.0158619527890449,-0.0703593,-0.00812779999999999,1.00044347545731,6041.5541422729,14218.9306906448,0.000231819149896274,0.000238,0.000335999999999998,0.000337000000000001,"summary-fit-mplus-priors-diagnostics"
17,10,10,"mean(beta[1,2])","BMLVAR",FALSE,100,100,-0.048778846675,-0.048746,0.0103813395655104,-0.06922715,-0.028580875,1.00117859878661,1711.2175303558,4241.0096468028,0.000253120194411488,0.000262999999999999,0.000380499999999999,0.000361,"summary-fit-mplus-priors-diagnostics"
17,10,10,"mean(beta[2,2])","BMLVAR",FALSE,100,100,0.276793907575,0.2768425,0.0241841140580395,0.2292027,0.324234175,1.00009568648189,14682.5503560109,28412.193051371,0.00020406076420114,0.000220499999999997,0.000376499999999999,0.000363499999999997,"summary-fit-mplus-priors-diagnostics"
17,10,10,"mean(mu[1,1])","BMLVAR",FALSE,100,100,2.8927497886,2.8927805,0.10821673822334,2.680073925,3.104762675,1.00001811781232,37438.5344891342,38686.5013336459,0.000559194741445072,0.000695500000000004,0.00155249999999998,0.00143449999999996,"summary-fit-mplus-priors-diagnostics"
17,10,10,"mean(mu[2,1])","BMLVAR",FALSE,100,100,2.033255228325,2.0334015,0.10603736962244,1.825114125,2.240761375,1.00002427892046,36505.7241762635,38530.2072355644,0.000554973486361472,0.000690499999999972,0.0015055,0.00155149999999997,"summary-fit-mplus-priors-diagnostics"
17,10,10,"cov(beta[1,1],beta[1,1])","BMLVAR",FALSE,100,100,0.031722959125,0.03116,0.00598686900655457,0.021621975,0.044992025,1.00049157176204,5379.57331025865,12551.2046785384,8.08007548502858e-05,8.24999999999999e-05,8.84999999999999e-05,0.0001475,"summary-fit-mplus-priors-diagnostics"
17,10,10,"cov(beta[2,1],beta[1,1])","BMLVAR",FALSE,100,100,0.007784478275,0.007556,0.00349430763378343,0.001554975,0.015310025,1.00102468907096,2783.0825276668,6756.73866961226,6.87567230600249e-05,6.9e-05,9.15e-05,9.99999999999997e-05,"summary-fit-mplus-priors-diagnostics"
17,10,10,"cov(beta[2,1],beta[2,1])","BMLVAR",FALSE,100,100,0.0122951206,0.011937,0.00369588627789902,0.006101,0.02051705,1.00143761512074,1711.27080051822,2617.55213926292,9.12588150782895e-05,9.2e-05,0.0001255,0.000141,"summary-fit-mplus-priors-diagnostics"
17,10,10,"cov(beta[1,2],beta[1,1])","BMLVAR",FALSE,100,100,0.00417721505,0.004149,0.00198578429286961,0.000313950000000002,0.008199025,1.00184623065254,1574.03726028643,3848.94226806952,5.01654913633303e-05,5.1e-05,8.1e-05,6.65e-05,"summary-fit-mplus-priors-diagnostics"
17,10,10,"cov(beta[1,2],beta[2,1])","BMLVAR",FALSE,100,100,0.002184161875,0.002142,0.00143215182811465,-0.000550074999999997,0.00514005,1.00241002343072,1279.51288809949,2920.91101669435,4.10792551709512e-05,4.1e-05,6.75e-05,5.55e-05,"summary-fit-mplus-priors-diagnostics"
17,10,10,"cov(beta[1,2],beta[1,2])","BMLVAR",FALSE,100,100,0.002332102025,0.002168,0.000915025206972924,0.001051,0.004538025,1.00166276448951,1644.30413635397,3907.42866077625,2.33128051562423e-05,2.35e-05,1.15e-05,6e-05,"summary-fit-mplus-priors-diagnostics"
17,10,10,"cov(beta[2,2],beta[1,1])","BMLVAR",FALSE,100,100,0.01662960295,0.016351,0.00523392160634661,0.007116975,0.02772205,1.00015155660993,9304.46802651185,20169.44559176,5.46107261363567e-05,5.60000000000002e-05,8.05e-05,9.74999999999994e-05,"summary-fit-mplus-priors-diagnostics"
17,10,10,"cov(beta[2,2],beta[2,1])","BMLVAR",FALSE,100,100,0.01218850195,0.012046,0.00395967744273219,0.004772,0.0204181,1.00034822892932,4084.63977218427,10156.489811044,6.43037538500693e-05,6.49999999999998e-05,8.85e-05,9.15e-05,"summary-fit-mplus-priors-diagnostics"
17,10,10,"cov(beta[2,2],beta[1,2])","BMLVAR",FALSE,100,100,0.00398881455,0.003873,0.0023711641313095,-0.000346,0.009011025,1.000868647986,1903.34879480688,4644.43793692261,5.42211492096379e-05,5.5e-05,7e-05,9.05e-05,"summary-fit-mplus-priors-diagnostics"
17,10,10,"cov(beta[2,2],beta[2,2])","BMLVAR",FALSE,100,100,0.047991594925,0.047224,0.00820622172848905,0.0341599,0.0661782,1.00012264387896,9905.31764753134,20921.5344452897,8.29996205529381e-05,8.64999999999994e-05,9.64999999999997e-05,0.0001785,"summary-fit-mplus-priors-diagnostics"
17,10,10,"cov(mu[1,1],mu[1,1])","BMLVAR",FALSE,100,100,1.14470177265,1.1288115,0.169054963542989,0.8588897,1.51976615,1.00000221708301,34893.1582294328,38114.2427766096,0.000903136983278437,0.00101849999999999,0.00159000000000001,0.00336399999999999,"summary-fit-mplus-priors-diagnostics"
17,10,10,"cov(mu[2,1],mu[1,1])","BMLVAR",FALSE,100,100,0.38105579485,0.3737915,0.122992924465439,0.1596291,0.643793575,1.00005824113007,33881.9057661765,37836.1276141939,0.000668125603125358,0.000770499999999999,0.0015215,0.00229500000000001,"summary-fit-mplus-priors-diagnostics"
17,10,10,"cov(mu[2,1],mu[2,1])","BMLVAR",FALSE,100,100,1.0786390874,1.0635975,0.161858472256277,0.8054402,1.438623675,1.00004777905668,32525.784341534,37547.143854401,0.000896518182787241,0.00105000000000001,0.00148949999999999,0.0030505,"summary-fit-mplus-priors-diagnostics"
18,10,10,"psi[1,1]","BMLVAR",TRUE,200,100,1.29578831195,1.295676,0.0131482646846175,1.27025485,1.321732175,1.00000610226051,36253.222370016,38399.7525532071,6.90926907704736e-05,8.70000000000037e-05,0.000169999999999992,0.000173500000000004,"summary-fit-mplus-diagnostics"
18,10,10,"psi[2,1]","BMLVAR",TRUE,200,100,0.5725970005,0.572546,0.011031106369974,0.5510798,0.594444175,1.00003552620562,36482.1951713404,38444.1310510538,5.77548776811922e-05,7.35000000000097e-05,0.000154999999999983,0.000151000000000018,"summary-fit-mplus-diagnostics"
18,10,10,"psi[2,2]","BMLVAR",TRUE,200,100,1.563104499625,1.563024,0.015903829436601,1.5321978,1.594579125,1.00000855107831,36252.7909225201,38630.2949650761,8.35529216197221e-05,0.000104499999999963,0.000194500000000009,0.000229999999999986,"summary-fit-mplus-diagnostics"
18,10,10,"mean(beta[1,1])","BMLVAR",TRUE,200,100,0.27108480615,0.2710945,0.0151698824890836,0.241300625,0.30081815,1.00005499445992,16127.0153728946,29162.1498171969,0.000120096911245567,0.000129999999999998,0.000223000000000004,0.000230499999999997,"summary-fit-mplus-diagnostics"
18,10,10,"mean(beta[2,1])","BMLVAR",TRUE,200,100,-0.039934293675,-0.039945,0.0122770660316537,-0.063971125,-0.015915925,1.0001458403666,11127.0478964559,22338.411788148,0.000117111332715055,0.0001255,0.000208999999999999,2e-04,"summary-fit-mplus-diagnostics"
18,10,10,"mean(beta[1,2])","BMLVAR",TRUE,200,100,-0.047453544525,-0.047454,0.00743303379203872,-0.062012075,-0.0328879,1.0004123461883,2623.11588659234,6298.25391056498,0.000147115317014425,0.000155,0.0002125,0.000231,"summary-fit-mplus-diagnostics"
18,10,10,"mean(beta[2,2])","BMLVAR",TRUE,200,100,0.258782283225,0.2588145,0.0181247978048136,0.2231749,0.294335175,1.00004593968816,21220.0765548581,32783.5818037225,0.000124695357263126,0.000139500000000002,0.00025,0.0002495,"summary-fit-mplus-diagnostics"
18,10,10,"mean(mu[1,1])","BMLVAR",TRUE,200,100,2.8623398434,2.8623125,0.0804838442486973,2.7043118,3.020366375,1.0000378267375,37874.6985342716,38916.9119189405,0.000413614455869202,0.000510499999999992,0.00109250000000001,0.001125,"summary-fit-mplus-diagnostics"
18,10,10,"mean(mu[2,1])","BMLVAR",TRUE,200,100,2.0329484543,2.032916,0.0769366276867916,1.88172215,2.18388895,1.00005053297679,36745.0676077454,38705.7585164997,0.000401260399798186,0.000507000000000013,0.00107900000000002,0.00109000000000001,"summary-fit-mplus-diagnostics"
18,10,10,"cov(beta[1,1],beta[1,1])","BMLVAR",TRUE,200,100,0.03516939835,0.034855,0.00468091254787216,0.026926975,0.04523905,1.00020503407314,9066.0131339383,18822.4673636971,4.87067819105185e-05,4.90000000000003e-05,6.19999999999999e-05,0.0001025,"summary-fit-mplus-diagnostics"
18,10,10,"cov(beta[2,1],beta[1,1])","BMLVAR",TRUE,200,100,0.009315760075,0.00919,0.00284022760710411,0.004109975,0.015271025,1.00020384002229,5923.23248720694,13426.155761919,3.6810390374307e-05,3.7e-05,5.35e-05,6.15000000000004e-05,"summary-fit-mplus-diagnostics"
18,10,10,"cov(beta[2,1],beta[2,1])","BMLVAR",TRUE,200,100,0.016963098325,0.016757,0.00310952095096072,0.011470975,0.0236181,1.00031346263756,4305.37983441876,7644.59849573261,4.7097018927786e-05,4.99999999999999e-05,7.35e-05,7.39999999999999e-05,"summary-fit-mplus-diagnostics"
18,10,10,"cov(beta[1,2],beta[1,1])","BMLVAR",TRUE,200,100,0.002626098575,0.002628,0.00159157481106471,-0.000521024999999999,0.00574205,1.00135293380319,1671.72540447973,3760.51517869414,3.9388422401088e-05,3.85e-05,5.3e-05,6.05e-05,"summary-fit-mplus-diagnostics"
18,10,10,"cov(beta[1,2],beta[2,1])","BMLVAR",TRUE,200,100,0.002527343775,0.002524,0.0012534126611818,7.4e-05,0.005021,1.00119674119692,1515.03045995355,4027.55376156271,3.22492572193207e-05,3.35e-05,4.95e-05,4.34999999999999e-05,"summary-fit-mplus-diagnostics"
18,10,10,"cov(beta[1,2],beta[1,2])","BMLVAR",TRUE,200,100,0.00246062695,0.002336,0.000898672725313762,0.001109,0.004540025,1.0015569917841,923.807836945761,2467.83100878153,2.97019712116554e-05,3.2e-05,1.35e-05,5.25e-05,"summary-fit-mplus-diagnostics"
18,10,10,"cov(beta[2,2],beta[1,1])","BMLVAR",TRUE,200,100,0.016974973575,0.01683,0.00415014023530657,0.009247975,0.025544075,1.00020190856589,13083.2673271333,25631.2955379211,3.62811419634161e-05,3.90000000000001e-05,5.89999999999999e-05,7.34999999999998e-05,"summary-fit-mplus-diagnostics"
18,10,10,"cov(beta[2,2],beta[2,1])","BMLVAR",TRUE,200,100,0.012555647675,0.012472,0.00327213434644065,0.006339,0.019199025,1.00033581865016,8245.23483438051,18881.9566480065,3.61710789713687e-05,3.8e-05,6.2e-05,6.19999999999999e-05,"summary-fit-mplus-diagnostics"
18,10,10,"cov(beta[2,2],beta[1,2])","BMLVAR",TRUE,200,100,0.00429690225,0.004222,0.00186465285844473,0.000828975000000001,0.008175025,1.000949887268,2428.67075241476,5216.974805859,3.79770076934117e-05,3.89999999999999e-05,5.8e-05,5.70000000000001e-05,"summary-fit-mplus-diagnostics"
18,10,10,"cov(beta[2,2],beta[2,2])","BMLVAR",TRUE,200,100,0.05506654085,0.054611,0.00662625102414727,0.043345975,0.069290175,1.00008260964119,15435.4572519005,27595.8061272051,5.309497020673e-05,5.90000000000004e-05,7.95000000000004e-05,0.0001215,"summary-fit-mplus-diagnostics"
18,10,10,"cov(mu[1,1],mu[1,1])","BMLVAR",TRUE,200,100,1.266375000125,1.257771,0.132525687274113,1.0319158,1.55073585,1.00001813162518,36052.5998396796,38177.468360328,0.000697176495874973,0.000831999999999988,0.00142199999999998,0.002378,"summary-fit-mplus-diagnostics"
18,10,10,"cov(mu[2,1],mu[1,1])","BMLVAR",TRUE,200,100,0.4552981723,0.450952,0.0957319315398407,0.279621325,0.656008625,1.00000882253877,34488.4373218786,37894.182292941,0.000515746444772448,0.000607499999999994,0.0011495,0.0015965,"summary-fit-mplus-diagnostics"
18,10,10,"cov(mu[2,1],mu[2,1])","BMLVAR",TRUE,200,100,1.1407963645,1.1327045,0.121383393336929,0.926504125,1.40070505,1.00001950790411,33498.1671488027,37571.3376335534,0.000662310387057149,0.000798999999999989,0.00126299999999999,0.0022455,"summary-fit-mplus-diagnostics"
18,10,10,"psi[1,1]","BMLVAR",FALSE,200,100,1.296424360925,1.2963225,0.0131305371143431,1.27089985,1.3223902,1.00003505536058,37465.3152499314,39229.620560817,6.78471805462544e-05,8.35000000000252e-05,0.000168999999999975,0.000180000000000013,"summary-fit-mplus-priors-diagnostics"
18,10,10,"psi[2,1]","BMLVAR",FALSE,200,100,0.5731106548,0.5730345,0.0110075020510794,0.551717875,0.5948981,1.00006666020522,36461.7064186619,38571.9602081334,5.76794441729116e-05,7.30000000000008e-05,0.000141500000000011,0.000146999999999997,"summary-fit-mplus-priors-diagnostics"
18,10,10,"psi[2,2]","BMLVAR",FALSE,200,100,1.564158056525,1.564061,0.0159131887268832,1.53322685,1.595594175,1.0001060597348,34032.946855553,38377.4195084139,8.66341795269206e-05,0.00010699999999999,0.000198500000000013,0.000221000000000005,"summary-fit-mplus-priors-diagnostics"
18,10,10,"mean(beta[1,1])","BMLVAR",FALSE,200,100,0.27131076735,0.2713405,0.0146654571980855,0.24242085,0.3000011,1.00015446707524,11950.3969702468,25933.5562219299,0.000135772426201251,0.000141499999999999,0.000236000000000003,0.000212999999999994,"summary-fit-mplus-priors-diagnostics"
18,10,10,"mean(beta[2,1])","BMLVAR",FALSE,200,100,-0.0400414237,-0.0400455,0.0116279226544366,-0.06288505,-0.017269875,1.00031330564304,7335.82890638945,17633.6912268016,0.000139387360086457,0.00015,0.000227,0.000228,"summary-fit-mplus-priors-diagnostics"
18,10,10,"mean(beta[1,2])","BMLVAR",FALSE,200,100,-0.0473515991,-0.0473335,0.00721672679280715,-0.061539025,-0.033261925,1.00165823671949,1517.05815941007,3549.66486845517,0.000185938154160848,0.0001935,0.000287000000000001,0.000273,"summary-fit-mplus-priors-diagnostics"
18,10,10,"mean(beta[2,2])","BMLVAR",FALSE,200,100,0.25914527165,0.259156,0.0175893155788307,0.22471185,0.29368825,1.00013364036448,16681.7139022433,31201.6512605006,0.000137667953828652,0.000152000000000006,0.000257499999999999,0.000265999999999997,"summary-fit-mplus-priors-diagnostics"
18,10,10,"mean(mu[1,1])","BMLVAR",FALSE,200,100,2.861347008075,2.861364,0.0793286872620305,2.70566195,3.01752205,1.00001651494321,37841.3204925193,39052.9913215016,0.00040780928708998,0.000521999999999956,0.00111150000000002,0.00115749999999999,"summary-fit-mplus-priors-diagnostics"
18,10,10,"mean(mu[2,1])","BMLVAR",FALSE,200,100,2.032377621225,2.0322975,0.0757727650898326,1.8837813,2.180582825,1.00004198989015,36589.8765862106,38432.941008231,0.000396121079879695,0.00048649999999999,0.00103949999999999,0.001129,"summary-fit-mplus-priors-diagnostics"
18,10,10,"cov(beta[1,1],beta[1,1])","BMLVAR",FALSE,200,100,0.03210464745,0.031824,0.00424783401499074,0.024594975,0.0412331,1.00016694420893,6610.42878885832,15442.281532658,5.21732283836825e-05,5.45000000000002e-05,6.65000000000004e-05,9.0000000000001e-05,"summary-fit-mplus-priors-diagnostics"
18,10,10,"cov(beta[2,1],beta[1,1])","BMLVAR",FALSE,200,100,0.0080146714,0.007902,0.00252941849616646,0.003379,0.013315025,1.00035904390367,3681.27641674749,9617.96233432741,4.23165641338266e-05,4.2e-05,5.30000000000001e-05,6.25e-05,"summary-fit-mplus-priors-diagnostics"
18,10,10,"cov(beta[2,1],beta[2,1])","BMLVAR",FALSE,200,100,0.0138338436,0.013648,0.00278258793877025,0.008917925,0.01980805,1.00107968445864,2274.17239857332,4429.03251314178,5.9595380925429e-05,6.1e-05,8.9e-05,9e-05,"summary-fit-mplus-priors-diagnostics"
18,10,10,"cov(beta[1,2],beta[1,1])","BMLVAR",FALSE,200,100,0.002975851775,0.002975,0.00139516071194304,0.000234,0.00572405,1.00130235956947,1335.42063425508,3285.46444116485,3.82874771259392e-05,4e-05,6.05e-05,5.34999999999999e-05,"summary-fit-mplus-priors-diagnostics"
18,10,10,"cov(beta[1,2],beta[2,1])","BMLVAR",FALSE,200,100,0.00259370465,0.002578,0.00103863606234486,0.000587,0.004692,1.00270883674941,1130.73599847819,2532.56800221583,3.11212574485697e-05,3.15e-05,5.2e-05,4.14999999999999e-05,"summary-fit-mplus-priors-diagnostics"
18,10,10,"cov(beta[1,2],beta[1,2])","BMLVAR",FALSE,200,100,0.0017454831,0.001653,0.00055172391136413,0.000958,0.003056,1.0014752500209,1394.19637598977,3161.43038741656,1.53728224517883e-05,1.65e-05,5.00000000000001e-06,3.8e-05,"summary-fit-mplus-priors-diagnostics"
18,10,10,"cov(beta[2,2],beta[1,1])","BMLVAR",FALSE,200,100,0.01663452095,0.016492,0.00379851803045958,0.009567975,0.024494075,1.00008648557414,10315.9427216793,22058.1807242602,3.75208087460812e-05,3.95e-05,5.65000000000002e-05,6.85000000000002e-05,"summary-fit-mplus-priors-diagnostics"
18,10,10,"cov(beta[2,2],beta[2,1])","BMLVAR",FALSE,200,100,0.01286670485,0.012786,0.00295627018668467,0.00727395,0.018904025,1.00034349026751,5109.20731560958,14148.0905202894,4.220570129495e-05,4.20000000000001e-05,5.9e-05,5.95e-05,"summary-fit-mplus-priors-diagnostics"
18,10,10,"cov(beta[2,2],beta[1,2])","BMLVAR",FALSE,200,100,0.003733547475,0.003679,0.00164081906213438,0.000668975000000001,0.007123,1.00152024999646,1659.4762339881,4122.05078093317,4.03636341793676e-05,4.1e-05,5.45e-05,6.44999999999999e-05,"summary-fit-mplus-priors-diagnostics"
18,10,10,"cov(beta[2,2],beta[2,2])","BMLVAR",FALSE,200,100,0.051125343,0.050733,0.00605336915007555,0.040380925,0.064106075,1.00014140940369,10978.8845690688,24547.1561031959,5.77347808042406e-05,5.95000000000005e-05,7.00000000000001e-05,0.000117999999999999,"summary-fit-mplus-priors-diagnostics"
18,10,10,"cov(mu[1,1],mu[1,1])","BMLVAR",FALSE,200,100,1.2321292865,1.2240625,0.127135148544955,1.007208425,1.5053139,1.00002800840951,35658.6044152774,38217.1839170712,0.000672009063865879,0.000828000000000006,0.001258,0.00237349999999999,"summary-fit-mplus-priors-diagnostics"
18,10,10,"cov(mu[2,1],mu[1,1])","BMLVAR",FALSE,200,100,0.4408151934,0.4366385,0.0916349238542691,0.27264735,0.632859975,1.00003791354014,34584.6669793953,38044.8755986992,0.000492621134809609,0.000588000000000005,0.001105,0.0015165,"summary-fit-mplus-priors-diagnostics"
18,10,10,"cov(mu[2,1],mu[2,1])","BMLVAR",FALSE,200,100,1.1096917337,1.1019175,0.116524926625179,0.90389885,1.359846225,1.00004919077293,33415.1875523678,37018.4704924699,0.000637163662112193,0.000764000000000004,0.00126249999999998,0.00210450000000001,"summary-fit-mplus-priors-diagnostics"
19,10,10,"psi[1,1]","BMLVAR",TRUE,50,200,1.30194809585,1.3017615,0.0185470513038567,1.2661118,1.338786225,1.00001644053005,38270.9306155868,39058.8049802357,9.48305053976367e-05,0.00012049999999999,0.0002305,0.000268500000000016,"summary-fit-mplus-diagnostics"
19,10,10,"psi[2,1]","BMLVAR",TRUE,50,200,0.570005687275,0.5698795,0.0154740245405451,0.54003675,0.60062205,1.00005012297775,38298.8463088675,39191.7174012631,7.90787370441953e-05,9.75000000000059e-05,0.000215500000000007,0.000224000000000002,"summary-fit-mplus-diagnostics"
19,10,10,"psi[2,2]","BMLVAR",TRUE,50,200,1.56303756165,1.5628045,0.0222984013966446,1.51995375,1.60731515,1.0000251635458,38340.9886256046,39144.7673053509,0.00011388189130201,0.000141499999999994,0.000288500000000003,0.000317500000000004,"summary-fit-mplus-diagnostics"
19,10,10,"mean(beta[1,1])","BMLVAR",TRUE,50,200,0.27811837615,0.278121,0.0309194142248276,0.217008575,0.33888745,1.00006117690555,26906.1064600505,34623.4791694165,0.000188695598881166,0.000209999999999999,0.0004775,0.000437999999999994,"summary-fit-mplus-diagnostics"
19,10,10,"mean(beta[2,1])","BMLVAR",TRUE,50,200,-0.040290293325,-0.0402395,0.0233818727110171,-0.0863943,0.00550930000000002,1.00005454143308,21473.2785877993,31393.5809775817,0.000159927388311976,0.000185,0.000356499999999998,0.0003425,"summary-fit-mplus-diagnostics"
19,10,10,"mean(beta[1,2])","BMLVAR",TRUE,50,200,-0.049194409775,-0.0491605,0.0121090186486408,-0.0730081,-0.025436875,1.00032447035793,5474.91523763527,12280.0857000595,0.000171591060918434,0.000180000000000001,0.000290000000000001,0.000261,"summary-fit-mplus-diagnostics"
19,10,10,"mean(beta[2,2])","BMLVAR",TRUE,50,200,0.2539593411,0.254013,0.0378377232661617,0.17942755,0.328343625,1.00004606659218,31955.6350002448,36602.5025946308,0.000211657356775173,0.000250000000000002,0.0005435,0.000555000000000003,"summary-fit-mplus-diagnostics"
19,10,10,"mean(mu[1,1])","BMLVAR",TRUE,50,200,2.880621086325,2.8808655,0.159649621327035,2.5661717,3.1954527,1.00000547139838,38664.4796099667,38608.5735728179,0.000811731827293965,0.000992000000000015,0.002271,0.00214099999999997,"summary-fit-mplus-diagnostics"
19,10,10,"mean(mu[2,1])","BMLVAR",TRUE,50,200,2.012046733525,2.0116975,0.153581137565227,1.7097456,2.3138877,1.00002684279668,37735.5602579772,38319.6827454412,0.000790623792712041,0.00095400000000001,0.00213099999999998,0.002362,"summary-fit-mplus-diagnostics"
19,10,10,"cov(beta[1,1],beta[1,1])","BMLVAR",TRUE,50,200,0.042905565125,0.04133,0.011096626120049,0.02589495,0.0689591,1.00005899646778,19762.7404321208,28906.7335354883,7.68193026283542e-05,8.75000000000004e-05,9.19999999999997e-05,0.000262500000000001,"summary-fit-mplus-diagnostics"
19,10,10,"cov(beta[2,1],beta[1,1])","BMLVAR",TRUE,50,200,0.0123373009,0.011704,0.00628244967054401,0.00176195,0.026492025,1.00005529598185,14961.8780724623,25517.8782785774,5.07642668859138e-05,5.3e-05,7.8e-05,0.000152,"summary-fit-mplus-diagnostics"
19,10,10,"cov(beta[2,1],beta[2,1])","BMLVAR",TRUE,50,200,0.021165809975,0.0202555,0.00640371660481105,0.011355925,0.0362131,1.00019497422373,11406.3065550631,17570.8398211914,5.74638562280417e-05,6.04999999999999e-05,6.95000000000003e-05,0.0001665,"summary-fit-mplus-diagnostics"
19,10,10,"cov(beta[1,2],beta[1,1])","BMLVAR",TRUE,50,200,0.0038385603,0.003724,0.00304076413505573,-0.00190205,0.010218,1.0005357630405,4842.54104971316,11615.4530599233,4.51404231947037e-05,4.55000000000001e-05,7.4e-05,8.5e-05,"summary-fit-mplus-diagnostics"
19,10,10,"cov(beta[1,2],beta[2,1])","BMLVAR",TRUE,50,200,0.0014092777,0.0013755,0.00225327948563103,-0.002983,0.005997025,1.00072203282074,4200.25948648966,10076.8995288454,3.48728196583184e-05,3.5e-05,6.35e-05,5.85e-05,"summary-fit-mplus-diagnostics"
19,10,10,"cov(beta[1,2],beta[1,2])","BMLVAR",TRUE,50,200,0.00307632745,0.00281,0.0014200539964528,0.00112,0.006536,1.00068014131934,3354.11973202817,7600.93703462536,2.37571697796559e-05,2.4e-05,1.35e-05,6.15000000000001e-05,"summary-fit-mplus-diagnostics"
19,10,10,"cov(beta[2,2],beta[1,1])","BMLVAR",TRUE,50,200,0.01693443085,0.016215,0.00999741185670161,-0.000768124999999995,0.03877415,1.00010796787982,23603.4968212078,32892.8807392473,6.43599640036331e-05,7.1e-05,0.0001295,0.000214500000000001,"summary-fit-mplus-diagnostics"
19,10,10,"cov(beta[2,2],beta[2,1])","BMLVAR",TRUE,50,200,0.01383628675,0.013306,0.00749786747829023,0.000472950000000002,0.030188125,1.00006049353609,18825.9428225012,27987.5219357159,5.38590145658006e-05,5.80000000000003e-05,0.0001025,0.000168,"summary-fit-mplus-diagnostics"
19,10,10,"cov(beta[2,2],beta[1,2])","BMLVAR",TRUE,50,200,0.0049636473,0.004686,0.0037119446297547,-0.0015791,0.01312305,1.00075214704399,5744.40971806328,12439.8488355356,4.92269496477295e-05,4.89999999999999e-05,7.15e-05,0.000104,"summary-fit-mplus-diagnostics"
19,10,10,"cov(beta[2,2],beta[2,2])","BMLVAR",TRUE,50,200,0.066595713075,0.0642025,0.0165572158326448,0.041281875,0.105661325,1.00003095938494,26165.8520303469,34540.1170930178,0.000100653097383639,0.0001075,0.0001185,0.000391999999999999,"summary-fit-mplus-diagnostics"
19,10,10,"cov(mu[1,1],mu[1,1])","BMLVAR",TRUE,50,200,1.2685716259,1.229013,0.284379500922073,0.828289625,1.9347872,1.00002575888444,36018.8199313974,38249.9686004158,0.00149423646018044,0.00167600000000001,0.00220899999999999,0.00663899999999999,"summary-fit-mplus-diagnostics"
19,10,10,"cov(mu[2,1],mu[1,1])","BMLVAR",TRUE,50,200,0.411861790025,0.395385,0.200695793484543,0.0629632750000001,0.855785325,1.00002763703422,35731.7632623494,38398.2076946666,0.00106055915508059,0.00122399999999999,0.002265,0.00411400000000001,"summary-fit-mplus-diagnostics"
19,10,10,"cov(mu[2,1],mu[2,1])","BMLVAR",TRUE,50,200,1.161942555725,1.126241,0.260995789167391,0.756867975,1.770196025,1.00002930666724,35364.3131295036,37885.0644209694,0.00138659925209036,0.00156749999999999,0.00201549999999999,0.00634499999999999,"summary-fit-mplus-diagnostics"
19,10,10,"psi[1,1]","BMLVAR",FALSE,50,200,1.30192124345,1.3017575,0.0185132729930215,1.266078875,1.3387162,1.0000133470106,38663.2279653338,38985.9011398627,9.41615402212628e-05,0.00011450000000004,0.000244500000000014,0.000277500000000019,"summary-fit-mplus-priors-diagnostics"
19,10,10,"psi[2,1]","BMLVAR",FALSE,50,200,0.57041574175,0.570309,0.0155128434310712,0.5403248,0.60115215,1.00002544686308,37854.2605111329,38977.0268909108,7.97731448239263e-05,0.0001025,0.000200499999999998,0.000215999999999988,"summary-fit-mplus-priors-diagnostics"
19,10,10,"psi[2,2]","BMLVAR",FALSE,50,200,1.564252859525,1.5640365,0.0223232810477475,1.521105625,1.608521275,1.00004027538645,36736.0000798477,38948.6400218991,0.000116550975675577,0.000144500000000014,0.000261999999999996,0.000315500000000002,"summary-fit-mplus-priors-diagnostics"
19,10,10,"mean(beta[1,1])","BMLVAR",FALSE,50,200,0.2778074384,0.277934,0.0272140181942919,0.224056625,0.331107225,1.00007800577801,20956.3002198775,32474.2306807941,0.000189136428752742,0.000202999999999999,0.000411999999999998,0.000399000000000002,"summary-fit-mplus-priors-diagnostics"
19,10,10,"mean(beta[2,1])","BMLVAR",FALSE,50,200,-0.04070144385,-0.040673,0.0196953147245022,-0.07964115,-0.00217587499999999,1.00008505794409,13297.6980483424,24408.77368268,0.000175743640675836,0.000194,0.0003455,0.0003115,"summary-fit-mplus-priors-diagnostics"
19,10,10,"mean(beta[1,2])","BMLVAR",FALSE,50,200,-0.049249752425,-0.049228,0.0110958474364692,-0.0711141,-0.027549875,1.00065132378676,3224.59219901757,7838.2215311884,0.000196834299872695,0.000205,0.000303000000000001,0.0003145,"summary-fit-mplus-priors-diagnostics"
19,10,10,"mean(beta[2,2])","BMLVAR",FALSE,50,200,0.253628927375,0.253703,0.0333969748915756,0.18748975,0.31917935,1.00002942669099,27062.7360242268,35787.6789168584,0.000203621339374194,0.000227000000000002,0.000525,0.000481000000000001,"summary-fit-mplus-priors-diagnostics"
19,10,10,"mean(mu[1,1])","BMLVAR",FALSE,50,200,2.87760734215,2.8779135,0.15107368395707,2.579714625,3.174253975,1.00004056249774,38695.9807800544,38576.6319423292,0.000767734995673257,0.000921499999999931,0.002054,0.00216099999999997,"summary-fit-mplus-priors-diagnostics"
19,10,10,"mean(mu[2,1])","BMLVAR",FALSE,50,200,2.009677219275,2.0097105,0.144943872625499,1.7237343,2.294808,1.00001824203341,38021.6700857538,38732.6673098498,0.000743541668175387,0.00091900000000007,0.00207649999999998,0.00219599999999998,"summary-fit-mplus-priors-diagnostics"
19,10,10,"cov(beta[1,1],beta[1,1])","BMLVAR",FALSE,50,200,0.032085702075,0.0311185,0.0076140309410779,0.02009295,0.04970715,1.00004170545649,14166.3623289599,25636.1647631322,6.25598697679924e-05,6.54999999999996e-05,6.60000000000001e-05,0.000187000000000001,"summary-fit-mplus-priors-diagnostics"
19,10,10,"cov(beta[2,1],beta[1,1])","BMLVAR",FALSE,50,200,0.008554410325,0.008171,0.0041527955137643,0.001484925,0.017828075,1.00014991511834,9155.40903862682,18162.7499797547,4.35144125632319e-05,4.4e-05,6.10000000000001e-05,0.0001005,"summary-fit-mplus-priors-diagnostics"
19,10,10,"cov(beta[2,1],beta[2,1])","BMLVAR",FALSE,50,200,0.013252800375,0.012709,0.00412887036704365,0.006810975,0.022830075,1.00025611532197,5791.22800729758,9542.83589178492,5.29446997890203e-05,5.35e-05,6.5e-05,0.000118,"summary-fit-mplus-priors-diagnostics"
19,10,10,"cov(beta[1,2],beta[1,1])","BMLVAR",FALSE,50,200,0.00356859175,0.00348,0.00211917831941308,-0.000376024999999999,0.008044025,1.00046357565138,3416.44106761756,7402.2377352822,3.59505494061471e-05,3.7e-05,6e-05,6.45e-05,"summary-fit-mplus-priors-diagnostics"
19,10,10,"cov(beta[1,2],beta[2,1])","BMLVAR",FALSE,50,200,0.00139250235,0.0013545,0.00142268732074116,-0.001319075,0.004334,1.00091339969467,3169.64699930719,6832.80420420349,2.52333816949355e-05,2.4e-05,4.3e-05,4.2e-05,"summary-fit-mplus-priors-diagnostics"
19,10,10,"cov(beta[1,2],beta[1,2])","BMLVAR",FALSE,50,200,0.001906511175,0.001759,0.000772992664560229,0.000846975000000001,0.003799,1.00039072102226,4319.30136416291,8556.26294999919,1.23517419204069e-05,1.15e-05,6.00000000000001e-06,3.59999999999999e-05,"summary-fit-mplus-priors-diagnostics"
19,10,10,"cov(beta[2,2],beta[1,1])","BMLVAR",FALSE,50,200,0.014153466825,0.0136805,0.00696056643925082,0.00174595,0.02930205,1.00009037324318,18662.0681611542,29571.700462054,5.03701143887276e-05,5.45000000000002e-05,9.6e-05,0.000137000000000001,"summary-fit-mplus-priors-diagnostics"
19,10,10,"cov(beta[2,2],beta[2,1])","BMLVAR",FALSE,50,200,0.0124732735,0.012105,0.00507730672793123,0.0034799,0.023569125,1.0001971433557,12339.8952764076,20976.645397536,4.60510656408696e-05,4.8e-05,7.80000000000001e-05,0.000114,"summary-fit-mplus-priors-diagnostics"
19,10,10,"cov(beta[2,2],beta[1,2])","BMLVAR",FALSE,50,200,0.003408997475,0.003245,0.00259706227565248,-0.001280025,0.009001,1.00039395217112,3646.61611967179,8267.83231203403,4.26281922007767e-05,4.3e-05,6.15e-05,7.95e-05,"summary-fit-mplus-priors-diagnostics"
19,10,10,"cov(beta[2,2],beta[2,2])","BMLVAR",FALSE,50,200,0.050886899125,0.0494255,0.0114330607757857,0.03286295,0.077315175,1.00004353730422,21149.7625069946,31277.6297779748,7.75875329051637e-05,8.54999999999991e-05,9.99999999999999e-05,0.0002675,"summary-fit-mplus-priors-diagnostics"
19,10,10,"cov(mu[1,1],mu[1,1])","BMLVAR",FALSE,50,200,1.1310392992,1.1004975,0.236702130290721,0.7577325,1.677947825,1.00000181509936,36607.9075507605,38716.0222033864,0.00123487737256197,0.00145049999999998,0.00182349999999998,0.0055555,"summary-fit-mplus-priors-diagnostics"
19,10,10,"cov(mu[2,1],mu[1,1])","BMLVAR",FALSE,50,200,0.360767830775,0.3476555,0.167460474182389,0.067790875,0.72797585,1.000028733101,35633.4187690373,38126.3577062831,0.0008858311370245,0.00103350000000001,0.001792,0.003276,"summary-fit-mplus-priors-diagnostics"
19,10,10,"cov(mu[2,1],mu[2,1])","BMLVAR",FALSE,50,200,1.035177743575,1.0075855,0.21691772952646,0.69315915,1.53570805,1.00002587419531,35377.5813290988,37891.4207636135,0.00115163937282592,0.00136100000000001,0.0018785,0.004503,"summary-fit-mplus-priors-diagnostics"
20,10,10,"psi[1,1]","BMLVAR",TRUE,100,200,1.29956668425,1.299488,0.0130973810612516,1.2741408,1.32547415,1.0000422331106,38385.1301326957,39075.6442727104,6.68636450591615e-05,8.30000000000108e-05,0.000178000000000011,0.000184000000000006,"summary-fit-mplus-diagnostics"
20,10,10,"psi[2,1]","BMLVAR",TRUE,100,200,0.566083120875,0.566041,0.0108815551034328,0.54492595,0.587548125,1.00000119183823,38408.7787058803,38853.1294885637,5.55333105205753e-05,6.80000000000125e-05,0.000148000000000004,0.000148000000000009,"summary-fit-mplus-diagnostics"
20,10,10,"psi[2,2]","BMLVAR",TRUE,100,200,1.55409599965,1.553992,0.0156518702982272,1.523605775,1.58496315,1.00002330829506,38418.0618064249,39238.883491129,7.98527103297357e-05,9.7999999999987e-05,0.000208499999999989,0.000223499999999988,"summary-fit-mplus-diagnostics"
20,10,10,"mean(beta[1,1])","BMLVAR",TRUE,100,200,0.2686896283,0.268689,0.0212098244899623,0.226999475,0.310198375,1.0000280589348,26787.2196731465,35060.0937087914,0.000129753157050818,0.000148999999999999,0.000335499999999998,0.000299999999999997,"summary-fit-mplus-diagnostics"
20,10,10,"mean(beta[2,1])","BMLVAR",TRUE,100,200,-0.02974599585,-0.0297315,0.0153279210932889,-0.059821125,0.00036217500000001,1.00007941005286,19552.9935880844,30110.3979244282,0.000110102735434816,0.000125,0.000229500000000001,0.000242,"summary-fit-mplus-diagnostics"
20,10,10,"mean(beta[1,2])","BMLVAR",TRUE,100,200,-0.04754511065,-0.047526,0.00813387572908407,-0.063526125,-0.03162795,1.00027247895848,5225.70279687439,11352.0790173838,0.000114905828831902,0.000121499999999999,0.0001875,0.000184499999999999,"summary-fit-mplus-diagnostics"
20,10,10,"mean(beta[2,2])","BMLVAR",TRUE,100,200,0.249756171075,0.249782,0.0246130173766921,0.201389825,0.298029225,1.00005637890111,30022.678744472,36083.7193471007,0.000142036786921643,0.000176499999999999,0.000353999999999997,0.000348999999999997,"summary-fit-mplus-diagnostics"
20,10,10,"mean(mu[1,1])","BMLVAR",TRUE,100,200,2.821157685225,2.821207,0.114788044521174,2.595705175,3.04668255,1.00000661556593,38358.1845676778,38896.4050716155,0.000585944837397972,0.000744000000000011,0.00160850000000003,0.001553,"summary-fit-mplus-diagnostics"
20,10,10,"mean(mu[2,1])","BMLVAR",TRUE,100,200,2.02633352365,2.0263825,0.109756698111133,1.8109136,2.241824325,1.00002718771823,38094.1656781183,38747.5387345199,0.000562349047088102,0.000680999999999965,0.00157950000000001,0.00143949999999995,"summary-fit-mplus-diagnostics"
20,10,10,"cov(beta[1,1],beta[1,1])","BMLVAR",TRUE,100,200,0.0396514249,0.038995,0.00677442415431157,0.0283039,0.054746125,1.00009740437369,18954.3301679231,30138.2188974416,4.86706181337466e-05,5.45e-05,7.29999999999998e-05,0.000145,"summary-fit-mplus-diagnostics"
20,10,10,"cov(beta[2,1],beta[1,1])","BMLVAR",TRUE,100,200,0.010698512925,0.010437,0.0037000097014287,0.004154975,0.018675025,1.00016058478414,13775.7583472944,25074.0367942358,3.14455289615893e-05,3.3e-05,4.4e-05,7.55e-05,"summary-fit-mplus-diagnostics"
20,10,10,"cov(beta[2,1],beta[2,1])","BMLVAR",TRUE,100,200,0.017197337,0.0168505,0.0035658703069428,0.011225,0.0251611,1.0002070903825,11055.3405553097,18467.0148190895,3.35734515877609e-05,3.45000000000003e-05,4.29999999999999e-05,8.49999999999997e-05,"summary-fit-mplus-diagnostics"
20,10,10,"cov(beta[1,2],beta[1,1])","BMLVAR",TRUE,100,200,0.0029270651,0.002901,0.00181696572665733,-0.000589024999999999,0.006603075,1.00067057799993,4150.9079484996,10006.217078697,2.86645658939041e-05,2.9e-05,4.35e-05,4.99999999999999e-05,"summary-fit-mplus-diagnostics"
20,10,10,"cov(beta[1,2],beta[2,1])","BMLVAR",TRUE,100,200,0.0023087876,0.002273,0.00129948304373769,-0.000161,0.004969,1.00070901368275,3524.81455374397,8723.76145137568,2.24825329633237e-05,2.3e-05,3.25e-05,3.65000000000001e-05,"summary-fit-mplus-diagnostics"
20,10,10,"cov(beta[1,2],beta[1,2])","BMLVAR",TRUE,100,200,0.00228452375,0.00216,0.000830778187267029,0.001047,0.00424,1.00084590475221,2460.17573036139,5474.67466743242,1.73887765249416e-05,1.7e-05,1.05e-05,3.80000000000001e-05,"summary-fit-mplus-diagnostics"
20,10,10,"cov(beta[2,2],beta[1,1])","BMLVAR",TRUE,100,200,0.018077016775,0.0177165,0.00587430134608028,0.007512925,0.030665,1.00003800299599,23924.5038897059,32079.9156011207,3.77438004946129e-05,4.20000000000001e-05,7.5e-05,0.0001055,"summary-fit-mplus-diagnostics"
20,10,10,"cov(beta[2,2],beta[2,1])","BMLVAR",TRUE,100,200,0.01009637175,0.009923,0.00409722171288654,0.002479975,0.018671075,1.00014140523633,16780.5135764464,27305.5471020207,3.17448169797781e-05,3.4e-05,5.55e-05,7.70000000000002e-05,"summary-fit-mplus-diagnostics"
20,10,10,"cov(beta[2,2],beta[1,2])","BMLVAR",TRUE,100,200,0.003764129825,0.00366,0.00208535775128415,-4.5024999999999e-05,0.00817905,1.00024941038685,5197.41084437001,11193.3601278838,2.9125210100529e-05,3.1e-05,4.35e-05,5.6e-05,"summary-fit-mplus-diagnostics"
20,10,10,"cov(beta[2,2],beta[2,2])","BMLVAR",TRUE,100,200,0.055599735125,0.0547,0.00910522877467393,0.0403369,0.0759781,1.00004377228258,24917.5595985887,33948.046947125,5.71823475995928e-05,6.64999999999999e-05,8.35000000000001e-05,0.0001845,"summary-fit-mplus-diagnostics"
20,10,10,"cov(mu[1,1],mu[1,1])","BMLVAR",TRUE,100,200,1.3144974737,1.29562,0.196606977150484,0.984214,1.750850775,1.00000557981261,37176.5361516739,38594.5555536662,0.00101845002943949,0.00119600000000001,0.0018095,0.00400699999999999,"summary-fit-mplus-diagnostics"
20,10,10,"cov(mu[2,1],mu[1,1])","BMLVAR",TRUE,100,200,0.471736042275,0.4625675,0.141547648051792,0.2193472,0.777652525,0.999993115851052,36597.1700410338,38521.2440660743,0.000740004462532185,0.000842999999999999,0.0016385,0.00265699999999998,"summary-fit-mplus-diagnostics"
20,10,10,"cov(mu[2,1],mu[2,1])","BMLVAR",TRUE,100,200,1.1855668083,1.1682175,0.17893700068397,0.885163625,1.583457675,1.00002686397451,36005.4690487409,38156.326945888,0.000942200794156756,0.00116299999999997,0.0017535,0.00342650000000002,"summary-fit-mplus-diagnostics"
20,10,10,"psi[1,1]","BMLVAR",FALSE,100,200,1.299776523525,1.299674,0.0130737912105156,1.27440985,1.325641075,1.00004175380024,38343.0373617665,39155.4606411963,6.67819270804616e-05,8.04999999999945e-05,0.000172499999999998,0.000170000000000015,"summary-fit-mplus-priors-diagnostics"
20,10,10,"psi[2,1]","BMLVAR",FALSE,100,200,0.56630015235,0.566245,0.0108775115797067,0.54515195,0.58775905,1.00000250826654,38611.1434041655,39053.1212496305,5.53606451516006e-05,6.90000000000024e-05,0.000146000000000002,0.00015400000000001,"summary-fit-mplus-priors-diagnostics"
20,10,10,"psi[2,2]","BMLVAR",FALSE,100,200,1.554337762925,1.5542315,0.0156736381530158,1.5239078,1.585348125,1.00001315031946,38060.1485186532,38896.6142599408,8.03535664439576e-05,0.000103500000000001,0.000212500000000027,0.000224000000000013,"summary-fit-mplus-priors-diagnostics"
20,10,10,"mean(beta[1,1])","BMLVAR",FALSE,100,200,0.2685197137,0.268532,0.01991700936554,0.229370825,0.307493325,1.00010277269179,23301.1504475124,33986.4068427419,0.000130922101818636,0.000153500000000004,0.000282500000000002,0.0002805,"summary-fit-mplus-priors-diagnostics"
20,10,10,"mean(beta[2,1])","BMLVAR",FALSE,100,200,-0.03002168595,-0.029975,0.0142127284959037,-0.058026175,-0.00220577499999999,1.000106711657,16127.4499621714,27913.7828192016,0.000113398699614861,0.000129,0.000223499999999999,0.0002205,"summary-fit-mplus-priors-diagnostics"
20,10,10,"mean(beta[1,2])","BMLVAR",FALSE,100,200,-0.0475420231,-0.047536,0.0076857515958088,-0.06263905,-0.032495925,1.0007012256117,3437.63232074177,8039.31661893804,0.000132152143822918,0.000139000000000001,0.000206,0.000206,"summary-fit-mplus-priors-diagnostics"
20,10,10,"mean(beta[2,2])","BMLVAR",FALSE,100,200,0.249548330725,0.249561,0.0232131292345673,0.204031825,0.2951331,1.00002773123265,28196.2041272885,35942.2523345982,0.000138385418077007,0.000162499999999997,0.000323499999999997,0.000322500000000001,"summary-fit-mplus-priors-diagnostics"
20,10,10,"mean(mu[1,1])","BMLVAR",FALSE,100,200,2.819502521075,2.819247,0.111858588373403,2.599956875,3.03942635,1.00006661096271,38549.3457064992,39054.959278509,0.000569576544314835,0.000709000000000004,0.00152349999999997,0.00153749999999999,"summary-fit-mplus-priors-diagnostics"
20,10,10,"mean(mu[2,1])","BMLVAR",FALSE,100,200,2.025301958575,2.0255545,0.10676882313523,1.814943925,2.2344385,1.0000244052762,37804.5521905937,38564.7953128317,0.000549158421948284,0.000669000000000008,0.00153250000000001,0.00154649999999996,"summary-fit-mplus-priors-diagnostics"
20,10,10,"cov(beta[1,1],beta[1,1])","BMLVAR",FALSE,100,200,0.03449629305,0.0339785,0.00566574298649441,0.024926925,0.047052025,1.00013375974003,15746.3413675653,27417.2728310809,4.46738497905115e-05,4.95000000000004e-05,6.04999999999998e-05,0.0001265,"summary-fit-mplus-priors-diagnostics"
20,10,10,"cov(beta[2,1],beta[1,1])","BMLVAR",FALSE,100,200,0.009012100625,0.0088165,0.00306181088970396,0.00357195,0.015596,1.00024509716652,10779.511469046,21750.374365252,2.96109202178202e-05,3.14999999999999e-05,4.05e-05,6.35000000000002e-05,"summary-fit-mplus-priors-diagnostics"
20,10,10,"cov(beta[2,1],beta[2,1])","BMLVAR",FALSE,100,200,0.013875757925,0.013601,0.00291786172817039,0.008959,0.020352025,1.00030220001454,7910.97258574234,14708.3048007805,3.25053545924402e-05,3.50000000000001e-05,3.99999999999999e-05,7.10000000000001e-05,"summary-fit-mplus-priors-diagnostics"
20,10,10,"cov(beta[1,2],beta[1,1])","BMLVAR",FALSE,100,200,0.00303385715,0.003005,0.00152166513908811,0.000132,0.006132025,1.00069034141306,3046.07178441864,7466.82892645729,2.7570392498568e-05,2.85e-05,4.35e-05,4.3e-05,"summary-fit-mplus-priors-diagnostics"
20,10,10,"cov(beta[1,2],beta[2,1])","BMLVAR",FALSE,100,200,0.0022129972,0.002179,0.00104421135672115,0.000242,0.004371025,1.00076490930467,2726.83761817071,6133.51951163448,1.99999198805561e-05,2.04999999999999e-05,3.15e-05,3.05e-05,"summary-fit-mplus-priors-diagnostics"
20,10,10,"cov(beta[1,2],beta[1,2])","BMLVAR",FALSE,100,200,0.0016216479,0.001536,0.000511390895904866,0.000879,0.002846,1.00048241304503,3994.1630045017,7404.13281148533,8.85932426596662e-06,8.99999999999999e-06,4.50000000000001e-06,2.65e-05,"summary-fit-mplus-priors-diagnostics"
20,10,10,"cov(beta[2,2],beta[1,1])","BMLVAR",FALSE,100,200,0.01660628075,0.016322,0.00496284334659623,0.0076399,0.02716905,1.00002277477223,20602.7907212473,30631.2196486709,3.43884717381473e-05,4.10000000000001e-05,6.10000000000001e-05,9.50000000000001e-05,"summary-fit-mplus-priors-diagnostics"
20,10,10,"cov(beta[2,2],beta[2,1])","BMLVAR",FALSE,100,200,0.009701673625,0.009556,0.00341787023318637,0.00336695,0.01686705,1.00018718225386,13280.0865727794,24009.275222319,2.98120919485358e-05,3.09999999999999e-05,5.2e-05,5.75000000000003e-05,"summary-fit-mplus-priors-diagnostics"
20,10,10,"cov(beta[2,2],beta[1,2])","BMLVAR",FALSE,100,200,0.00309375465,0.003023,0.00172730477477838,-0.000107,0.006713,1.00076900404712,3692.35353263688,8462.01164034424,2.85226333810469e-05,2.85000000000001e-05,4.5e-05,4.65000000000002e-05,"summary-fit-mplus-priors-diagnostics"
20,10,10,"cov(beta[2,2],beta[2,2])","BMLVAR",FALSE,100,200,0.048998830475,0.048275,0.00767255372205164,0.03604395,0.0660131,1.00002592818076,21819.7617698433,32374.4519960316,5.14633436502239e-05,5.64999999999996e-05,7.49999999999997e-05,0.000147,"summary-fit-mplus-priors-diagnostics"
20,10,10,"cov(mu[1,1],mu[1,1])","BMLVAR",FALSE,100,200,1.2439922542,1.2268925,0.180830252907213,0.93929055,1.644757325,1.00001540851498,36797.9263366501,38780.1063608276,0.000940866258190191,0.0011235,0.00169449999999998,0.00363049999999999,"summary-fit-mplus-priors-diagnostics"
20,10,10,"cov(mu[2,1],mu[1,1])","BMLVAR",FALSE,100,200,0.442679403325,0.4344905,0.130042137653731,0.211399625,0.7231026,1.00002258218676,36385.2456880976,38224.5117148422,0.000681864065012341,0.000810500000000003,0.0014865,0.00246899999999999,"summary-fit-mplus-priors-diagnostics"
20,10,10,"cov(mu[2,1],mu[2,1])","BMLVAR",FALSE,100,200,1.1218471571,1.1062255,0.16415401563738,0.84527535,1.486272625,1.00002738517415,35960.9712765046,38619.3295181772,0.000864904669308664,0.00109250000000001,0.001595,0.00323249999999998,"summary-fit-mplus-priors-diagnostics"
21,10,10,"psi[1,1]","BMLVAR",TRUE,200,200,1.29453971895,1.294515,0.00922467051608157,1.276555925,1.3127651,1.00000556001142,38341.2251364844,39040.0231356609,4.71213889884437e-05,5.79999999999914e-05,0.000124000000000002,0.00013200000000001,"summary-fit-mplus-diagnostics"
21,10,10,"psi[2,1]","BMLVAR",TRUE,200,200,0.567763311975,0.567729,0.00771646345140655,0.55273885,0.583002075,1.00000702396571,38071.6261600738,39137.6825545794,3.95514336037163e-05,4.89999999999935e-05,0.000104500000000002,0.000115999999999988,"summary-fit-mplus-diagnostics"
21,10,10,"psi[2,2]","BMLVAR",TRUE,200,200,1.5618347929,1.561776,0.0111482888825435,1.540108925,1.58385015,1.00002632241417,38085.1585987903,38784.5543796221,5.71263935123644e-05,7.10000000000099e-05,0.000149500000000014,0.000154500000000002,"summary-fit-mplus-diagnostics"
21,10,10,"mean(beta[1,1])","BMLVAR",TRUE,200,200,0.276093264525,0.276088,0.0144351239622637,0.247707875,0.30439515,1.00002490720141,26674.8660288456,35405.5150155609,8.84253800953096e-05,0.000102999999999998,0.000204999999999995,0.0001945,"summary-fit-mplus-diagnostics"
21,10,10,"mean(beta[2,1])","BMLVAR",TRUE,200,200,-0.032706701875,-0.032714,0.0107145505578421,-0.0537131,-0.0117158,1.00005842947744,19584.4981323066,30040.4713337636,7.66739965037584e-05,8.90000000000005e-05,0.0001605,0.000162,"summary-fit-mplus-diagnostics"
21,10,10,"mean(beta[1,2])","BMLVAR",TRUE,200,200,-0.047421061625,-0.047421,0.00560901613080108,-0.058468075,-0.036447875,1.00032717421695,5561.32320826381,11560.8300737679,7.78689879071506e-05,8.45000000000005e-05,0.0001295,0.000126,"summary-fit-mplus-diagnostics"
21,10,10,"mean(beta[2,2])","BMLVAR",TRUE,200,200,0.265267388625,0.265286,0.0174223010314245,0.2309198,0.2993672,1.00004109327625,30749.9458774047,36810.0219322796,9.93895518417622e-05,0.000117999999999999,0.000260499999999997,0.000220499999999996,"summary-fit-mplus-diagnostics"
21,10,10,"mean(mu[1,1])","BMLVAR",TRUE,200,200,2.896568136625,2.896806,0.0787272087922844,2.742134675,3.051075125,1.00000866732432,38576.4508583804,38830.9222301271,0.000400925124174575,0.000507499999999927,0.0011155,0.00110699999999997,"summary-fit-mplus-diagnostics"
21,10,10,"mean(mu[2,1])","BMLVAR",TRUE,200,200,2.029715022975,2.0296855,0.0755222448809825,1.8813684,2.177706925,1.00003375350177,37797.3316217643,39017.4580628143,0.000388626304485162,0.000496000000000008,0.000983000000000012,0.00104600000000001,"summary-fit-mplus-diagnostics"
21,10,10,"cov(beta[1,1],beta[1,1])","BMLVAR",TRUE,200,200,0.03637078545,0.0360695,0.00428480698881997,0.028840925,0.04558505,1.00003328277906,19534.8346639466,31019.7059485524,3.06040782040949e-05,3.34999999999995e-05,4.94999999999999e-05,7.59999999999997e-05,"summary-fit-mplus-diagnostics"
21,10,10,"cov(beta[2,1],beta[1,1])","BMLVAR",TRUE,200,200,0.009927873825,0.009807,0.00241218017375585,0.005529,0.014997,1.00008083630858,14235.6374320912,25452.909319858,2.02342248409062e-05,2.05000000000001e-05,3.2e-05,4.45e-05,"summary-fit-mplus-diagnostics"
21,10,10,"cov(beta[2,1],beta[2,1])","BMLVAR",TRUE,200,200,0.0165588045,0.016398,0.00237532997430831,0.012365925,0.021672,1.00015889284621,10751.3244759647,19248.407430156,2.27317981912467e-05,2.49999999999998e-05,3.44999999999997e-05,5.34999999999999e-05,"summary-fit-mplus-diagnostics"
21,10,10,"cov(beta[1,2],beta[1,1])","BMLVAR",TRUE,200,200,0.0028976464,0.0028835,0.00116287790819978,0.000646975000000001,0.005221,1.00044843234284,4790.94321581288,11111.7542383938,1.72078943843635e-05,1.8e-05,2.8e-05,2.85e-05,"summary-fit-mplus-diagnostics"
21,10,10,"cov(beta[1,2],beta[2,1])","BMLVAR",TRUE,200,200,0.00220857915,0.002192,0.000854603067693693,0.000572975000000001,0.003935,1.00053004735021,4016.60428845522,9268.56157350031,1.38400524483609e-05,1.45e-05,2.15e-05,2.05e-05,"summary-fit-mplus-diagnostics"
21,10,10,"cov(beta[1,2],beta[1,2])","BMLVAR",TRUE,200,200,0.002092786425,0.0020345,0.000563884780552531,0.001167,0.003348,1.00094320021098,2102.29586539901,4254.09097374584,1.23706109164503e-05,1.2e-05,1.35e-05,2.05e-05,"summary-fit-mplus-diagnostics"
21,10,10,"cov(beta[2,2],beta[1,1])","BMLVAR",TRUE,200,200,0.017497541675,0.017333,0.00387056377762311,0.010352,0.025578025,1.00004753731474,24048.5522472153,33382.5989516979,2.48786793367446e-05,2.90000000000002e-05,5e-05,6.9e-05,"summary-fit-mplus-diagnostics"
21,10,10,"cov(beta[2,2],beta[2,1])","BMLVAR",TRUE,200,200,0.01345442315,0.013346,0.00283434622665931,0.00819495,0.01933705,1.00006295720728,18044.6331297186,28190.7094162612,2.10498994677013e-05,2.3e-05,3.90000000000002e-05,4.79999999999998e-05,"summary-fit-mplus-diagnostics"
21,10,10,"cov(beta[2,2],beta[1,2])","BMLVAR",TRUE,200,200,0.004288991125,0.004236,0.00139635404879352,0.0017,0.007189,1.00047071728044,5823.19791944278,11516.6192578362,1.86032120956319e-05,2.10000000000001e-05,3.1e-05,3.49999999999999e-05,"summary-fit-mplus-diagnostics"
21,10,10,"cov(beta[2,2],beta[2,2])","BMLVAR",TRUE,200,200,0.05544633255,0.055045,0.00618966608764091,0.044534975,0.0687181,1.0000356169164,25788.3025853508,34346.2161158097,3.83859946297116e-05,4.49999999999999e-05,6.85000000000002e-05,0.0001125,"summary-fit-mplus-diagnostics"
21,10,10,"cov(mu[1,1],mu[1,1])","BMLVAR",TRUE,200,200,1.2252300314,1.2164755,0.127575074259789,1.00033185,1.50040955,1.00000602930774,36538.4877285585,38694.2104566806,0.000669780528621145,0.000811000000000023,0.00141350000000001,0.00241549999999998,"summary-fit-mplus-diagnostics"
21,10,10,"cov(mu[2,1],mu[1,1])","BMLVAR",TRUE,200,200,0.49917721925,0.494541,0.0934270859856786,0.32899855,0.69570415,1.00003183494132,36513.5184705118,38683.942416645,0.000490234331675428,0.000588999999999995,0.001042,0.001589,"summary-fit-mplus-diagnostics"
21,10,10,"cov(mu[2,1],mu[2,1])","BMLVAR",TRUE,200,200,1.118133368,1.110257,0.117055329432656,0.91166905,1.3699987,1.00001219533904,35779.6890601104,38126.6108409165,0.000618908156268583,0.000761499999999987,0.001198,0.00201899999999999,"summary-fit-mplus-diagnostics"
21,10,10,"psi[1,1]","BMLVAR",FALSE,200,200,1.2948290974,1.294797,0.00922323113536033,1.2768529,1.313085075,1.00001103647449,38385.1822192302,38839.3426816843,4.70839251858045e-05,6.19999999999954e-05,0.000120500000000023,0.000130000000000008,"summary-fit-mplus-priors-diagnostics"
21,10,10,"psi[2,1]","BMLVAR",FALSE,200,200,0.5679663135,0.567939,0.00771379850609159,0.55290095,0.583166075,1.00000299399616,38341.4091181653,38952.2207059572,3.94009684460665e-05,4.5999999999996e-05,0.000103499999999995,0.000113499999999994,"summary-fit-mplus-priors-diagnostics"
21,10,10,"psi[2,2]","BMLVAR",FALSE,200,200,1.56201628465,1.5619625,0.0111563620884605,1.540342875,1.584059175,1.00001687246966,38241.4147293723,38868.8272442654,5.70510094540096e-05,6.99999999999923e-05,0.000143500000000019,0.00015400000000001,"summary-fit-mplus-priors-diagnostics"
21,10,10,"mean(beta[1,1])","BMLVAR",FALSE,200,200,0.2760677465,0.2760755,0.0140043504638797,0.248521825,0.30344715,1.00002973055052,24515.0776589523,34990.8221146762,8.95645655685109e-05,0.0001025,0.000196,0.000187999999999994,"summary-fit-mplus-priors-diagnostics"
21,10,10,"mean(beta[2,1])","BMLVAR",FALSE,200,200,-0.0327927259,-0.0328115,0.0103145580287465,-0.0530171,-0.012537875,1.00006268448533,17073.3261509032,28271.7081012283,7.93896880353935e-05,8.70000000000001e-05,0.000148999999999999,0.0001545,"summary-fit-mplus-priors-diagnostics"
21,10,10,"mean(beta[1,2])","BMLVAR",FALSE,200,200,-0.047380759825,-0.0473785,0.00540302015399069,-0.058011025,-0.036788925,1.00077529480444,3816.30874023433,8642.91369892721,8.9381098320852e-05,9.35000000000009e-05,0.000152,0.0001425,"summary-fit-mplus-priors-diagnostics"
21,10,10,"mean(beta[2,2])","BMLVAR",FALSE,200,200,0.265195135225,0.2652005,0.0169001684843527,0.2319048,0.298347275,1.00005591674957,29042.4580704766,36064.594795353,9.92205656856235e-05,0.000117499999999995,0.000249499999999998,0.0002355,"summary-fit-mplus-priors-diagnostics"
21,10,10,"mean(mu[1,1])","BMLVAR",FALSE,200,200,2.895782478175,2.895796,0.0775405682475427,2.7434158,3.04829775,1.00002965690139,38591.513360218,38620.7417117052,0.000394721655082376,0.000493999999999994,0.00113100000000004,0.00113499999999995,"summary-fit-mplus-priors-diagnostics"
21,10,10,"mean(mu[2,1])","BMLVAR",FALSE,200,200,2.0291447038,2.0291355,0.0744387634624097,1.88318575,2.17484435,1.00002319830427,37877.6340491748,39248.5195886475,0.000382537119351814,0.000454999999999972,0.000977000000000006,0.001051,"summary-fit-mplus-priors-diagnostics"
21,10,10,"cov(beta[1,1],beta[1,1])","BMLVAR",FALSE,200,200,0.033964028675,0.033701,0.00392135583542562,0.027053,0.042383025,1.00001982707772,17261.0886019241,29053.9295503038,2.97979766944541e-05,3.20000000000003e-05,4.75e-05,7.14999999999997e-05,"summary-fit-mplus-priors-diagnostics"
21,10,10,"cov(beta[2,1],beta[1,1])","BMLVAR",FALSE,200,200,0.00908712935,0.008983,0.00219409252482621,0.005073975,0.013680025,1.00012737621918,11807.8475807783,23202.8021321192,2.03225289728036e-05,2.1e-05,3e-05,4.24999999999999e-05,"summary-fit-mplus-priors-diagnostics"
21,10,10,"cov(beta[2,1],beta[2,1])","BMLVAR",FALSE,200,200,0.014892423775,0.014748,0.00215740265955348,0.011083925,0.019525,1.0002357906619,8868.76417787177,16825.7301055829,2.28071518488124e-05,2.55e-05,3.25000000000001e-05,4.84999999999998e-05,"summary-fit-mplus-priors-diagnostics"
21,10,10,"cov(beta[1,2],beta[1,1])","BMLVAR",FALSE,200,200,0.0030085297,0.002994,0.00104845139565422,0.00099,0.005111,1.00052609364088,3523.43415650282,8419.5248869248,1.78482440775624e-05,1.85e-05,2.85e-05,2.89999999999999e-05,"summary-fit-mplus-priors-diagnostics"
21,10,10,"cov(beta[1,2],beta[2,1])","BMLVAR",FALSE,200,200,0.00224069005,0.002224,0.000761894170235226,0.000782975000000001,0.003782025,1.00077880962114,2854.07821960466,6919.104005204,1.44077609799971e-05,1.55e-05,2.1e-05,2.14999999999999e-05,"summary-fit-mplus-priors-diagnostics"
21,10,10,"cov(beta[1,2],beta[1,2])","BMLVAR",FALSE,200,200,0.001616954825,0.00156,0.00042255744238837,0.000969,0.00259105,1.00069836073372,2593.14874483676,5490.46863483993,9.16071272608843e-06,1e-05,5e-06,2.15e-05,"summary-fit-mplus-priors-diagnostics"
21,10,10,"cov(beta[2,2],beta[1,1])","BMLVAR",FALSE,200,200,0.01685333565,0.016709,0.00355754247514047,0.010276975,0.02427405,1.00005635493161,22494.4708197419,32952.9214204947,2.36603314385391e-05,2.59999999999993e-05,4.40000000000002e-05,5.80000000000002e-05,"summary-fit-mplus-priors-diagnostics"
21,10,10,"cov(beta[2,2],beta[2,1])","BMLVAR",FALSE,200,200,0.0131342323,0.013033,0.00259551401846465,0.008324,0.0185121,1.00008886455412,16034.188928149,26682.6517420795,2.04928847732001e-05,2.09999999999999e-05,3.50000000000001e-05,4.64999999999998e-05,"summary-fit-mplus-priors-diagnostics"
21,10,10,"cov(beta[2,2],beta[1,2])","BMLVAR",FALSE,200,200,0.003840481825,0.003792,0.00124931704682139,0.001520975,0.006428,1.00057660710898,4353.88512819258,9174.3034783044,1.90680974820743e-05,1.95000000000001e-05,2.9e-05,3.25e-05,"summary-fit-mplus-priors-diagnostics"
21,10,10,"cov(beta[2,2],beta[2,2])","BMLVAR",FALSE,200,200,0.05214587395,0.051767,0.00570621213267685,0.042059975,0.064366025,1.00003867197313,23829.3957704004,34358.5803912218,3.68723683695045e-05,4.15000000000009e-05,6.39999999999998e-05,0.000108000000000001,"summary-fit-mplus-priors-diagnostics"
21,10,10,"cov(mu[1,1],mu[1,1])","BMLVAR",FALSE,200,200,1.1924074787,1.1842515,0.122177567029846,0.976170325,1.45482235,1.00001554462604,36767.8039550628,38498.5600828363,0.000640088243219797,0.000758000000000014,0.00132850000000003,0.00223100000000001,"summary-fit-mplus-priors-diagnostics"
21,10,10,"cov(mu[2,1],mu[1,1])","BMLVAR",FALSE,200,200,0.483578081025,0.479247,0.0895399216798703,0.32032735,0.6718253,1.0000214909514,36215.6086908974,38701.740651272,0.000471350338799954,0.000577499999999998,0.0010465,0.001549,"summary-fit-mplus-priors-diagnostics"
21,10,10,"cov(mu[2,1],mu[2,1])","BMLVAR",FALSE,200,200,1.08833927695,1.08107,0.112073751238129,0.8900272,1.328555575,1.00001848715973,35725.3230132536,38053.9976992476,0.0005931553643808,0.000744500000000009,0.0012095,0.00184449999999997,"summary-fit-mplus-priors-diagnostics"
22,10,10,"psi[1,1]","BMLVAR",TRUE,50,,1.295342057575,1.2950235,0.0244791703648512,1.24824375,1.34421325,1.0000049506629,37747.3635613143,38862.1305356388,0.000126000150807491,0.000158000000000003,0.000326499999999996,0.000347999999999993,"summary-fit-mplus-diagnostics"
22,10,10,"psi[2,1]","BMLVAR",TRUE,50,,0.5730971468,0.572904,0.0204723396058152,0.5335128,0.6137083,1.00002093459128,37149.2640443978,38783.6104306107,0.000106240717669404,0.000130999999999998,0.000262000000000001,0.000283499999999998,"summary-fit-mplus-diagnostics"
22,10,10,"psi[2,2]","BMLVAR",TRUE,50,,1.5595091776,1.559133,0.0294989921758378,1.5027198,1.6182364,1.0000184587354,36876.1982404169,38832.5909074566,0.000153627966776879,0.00019349999999998,0.000396500000000011,0.000432999999999983,"summary-fit-mplus-diagnostics"
22,10,10,"mean(beta[1,1])","BMLVAR",TRUE,50,,0.28556680265,0.2857115,0.0353845338416174,0.215412775,0.354760325,1.00003329299342,21098.4015897823,31809.0532573167,0.000243853665899456,0.000282500000000004,0.000564500000000002,0.000561499999999998,"summary-fit-mplus-diagnostics"
22,10,10,"mean(beta[2,1])","BMLVAR",TRUE,50,,-0.03209583265,-0.032005,0.028782406739606,-0.0889243,0.0243603,1.00007504036442,14955.2501993585,25912.2013505509,0.000237097107941718,0.0002665,0.000472,0.0004565,"summary-fit-mplus-diagnostics"
22,10,10,"mean(beta[1,2])","BMLVAR",TRUE,50,,-0.0514023884,-0.0513255,0.0160931654598078,-0.083299275,-0.019939775,1.00041704157602,4072.93595669572,9707.28183123008,0.000257358657678594,0.000275,0.0004135,0.0003935,"summary-fit-mplus-diagnostics"
22,10,10,"mean(beta[2,2])","BMLVAR",TRUE,50,,0.269495461675,0.269667,0.0405014975763366,0.189563325,0.348914475,1.00005167148236,24628.9131110273,33244.972779707,0.000257963758478364,0.000285000000000002,0.000593000000000002,0.000569499999999998,"summary-fit-mplus-diagnostics"
22,10,10,"mean(mu[1,1])","BMLVAR",TRUE,50,,2.7854862916,2.7855205,0.168065234577663,2.45498695,3.1148357,1.0000132780678,37122.3422688272,38289.4867943105,0.00087211626857306,0.00106249999999994,0.00242999999999998,0.00235850000000004,"summary-fit-mplus-diagnostics"
22,10,10,"mean(mu[2,1])","BMLVAR",TRUE,50,,1.969119519225,1.9691895,0.160978690792807,1.651918375,2.285945375,1.00005235438218,35989.8052214072,37887.6720637079,0.000848438649167183,0.00103649999999998,0.00223900000000001,0.00223100000000003,"summary-fit-mplus-diagnostics"
22,10,10,"cov(beta[1,1],beta[1,1])","BMLVAR",TRUE,50,,0.050530770225,0.0484075,0.0143939309516685,0.028625975,0.084457225,1.00015946931197,12025.1217474625,21681.9592224859,0.000127274440261418,0.0001315,0.0001275,0.000369000000000001,"summary-fit-mplus-diagnostics"
22,10,10,"cov(beta[2,1],beta[1,1])","BMLVAR",TRUE,50,,0.01547743855,0.0145635,0.00878207868706145,0.000764975000000001,0.03536915,1.00027666280633,9328.205015805,19283.4439748323,8.95560893743933e-05,8.8e-05,0.0001235,0.000224500000000001,"summary-fit-mplus-diagnostics"
22,10,10,"cov(beta[2,1],beta[2,1])","BMLVAR",TRUE,50,,0.028138173625,0.026702,0.0095838069104509,0.013681875,0.050822175,1.00030602363737,6920.57564403152,11740.4007645455,0.000110522912312109,0.0001095,0.0001195,0.000284499999999999,"summary-fit-mplus-diagnostics"
22,10,10,"cov(beta[1,2],beta[1,1])","BMLVAR",TRUE,50,,0.004276751275,0.004206,0.00452487791079668,-0.00456305,0.013508075,1.00069225209419,3131.43971827345,8323.78032185724,7.98067742053569e-05,7.75e-05,0.0001275,0.000138,"summary-fit-mplus-diagnostics"
22,10,10,"cov(beta[1,2],beta[2,1])","BMLVAR",TRUE,50,,0.001787907725,0.001765,0.00360560794571543,-0.005380075,0.009062025,1.00093906971905,2727.92905422627,6979.58536542493,6.95111273175171e-05,6.79999999999999e-05,0.000115,0.000104,"summary-fit-mplus-diagnostics"
22,10,10,"cov(beta[1,2],beta[1,2])","BMLVAR",TRUE,50,,0.00471247775,0.004204,0.00251680079177902,0.001399,0.01097205,1.00075731472658,2025.36384436501,4829.2351719224,5.22023406665989e-05,5.25e-05,2.8e-05,0.0001215,"summary-fit-mplus-diagnostics"
22,10,10,"cov(beta[2,2],beta[1,1])","BMLVAR",TRUE,50,,0.022565441075,0.021598,0.012156278361664,0.001249875,0.049395325,1.00016195845888,16134.8687348491,26279.1353593256,9.39192388388612e-05,9.59999999999998e-05,0.000166,0.0002485,"summary-fit-mplus-diagnostics"
22,10,10,"cov(beta[2,2],beta[2,1])","BMLVAR",TRUE,50,,0.018239415175,0.017602,0.00979303368209891,0.000596875000000005,0.039567175,1.0001768205806,12428.7750212417,21180.4235768417,8.61227185645671e-05,8.95000000000001e-05,0.000157,0.000215,"summary-fit-mplus-diagnostics"
22,10,10,"cov(beta[2,2],beta[1,2])","BMLVAR",TRUE,50,,0.005768528775,0.00538,0.00523783165628361,-0.003538025,0.0172941,1.00046559343092,3829.06252696336,8679.861837882,8.39461199435055e-05,8.4e-05,0.0001255,0.000165,"summary-fit-mplus-diagnostics"
22,10,10,"cov(beta[2,2],beta[2,2])","BMLVAR",TRUE,50,,0.0708204966,0.0681325,0.0188684377468177,0.041957925,0.1150923,1.00008701869989,17313.9072480077,26927.8520232568,0.000138982865786701,0.000150500000000001,0.0001635,0.000491999999999999,"summary-fit-mplus-diagnostics"
22,10,10,"cov(mu[1,1],mu[1,1])","BMLVAR",TRUE,50,,1.389653381175,1.346661,0.315645709665106,0.9000787,2.1250981,1.00001424884347,33843.8957103199,37614.1570007174,0.00171326351329753,0.002022,0.002244,0.00720200000000002,"summary-fit-mplus-diagnostics"
22,10,10,"cov(mu[2,1],mu[1,1])","BMLVAR",TRUE,50,,0.554480275525,0.5315685,0.227711792980078,0.172351725,1.06477375,1.00000446604383,33138.1704028887,37472.4567836336,0.00124630782357369,0.0014165,0.0022985,0.004838,"summary-fit-mplus-diagnostics"
22,10,10,"cov(mu[2,1],mu[2,1])","BMLVAR",TRUE,50,,1.255682715975,1.216906,0.287861340638852,0.809052625,1.92741065,1.00002947916799,32143.5842321324,36568.9071190555,0.0015937964023951,0.00185149999999999,0.00213300000000001,0.006605,"summary-fit-mplus-diagnostics"
22,10,10,"psi[1,1]","BMLVAR",FALSE,50,,1.2961457378,1.295853,0.0244644631774334,1.2490598,1.3449683,1.00003631706393,37350.3881221822,38546.7093919078,0.000126570715376701,0.000159999999999982,0.000312000000000001,0.000347499999999989,"summary-fit-mplus-priors-diagnostics"
22,10,10,"psi[2,1]","BMLVAR",FALSE,50,,0.574313134875,0.5741575,0.0205364700799705,0.534635725,0.61495925,1.00002993963642,36233.0137565806,38617.498128624,0.00010799722381961,0.000136500000000006,0.000278499999999993,0.00028999999999999,"summary-fit-mplus-priors-diagnostics"
22,10,10,"psi[2,2]","BMLVAR",FALSE,50,,1.563503907425,1.5631085,0.0296291128182056,1.50652475,1.622458275,1.00001847339756,34561.1234676994,38343.8588573309,0.000160143579847942,0.000196499999999988,0.000404500000000019,0.000407000000000002,"summary-fit-mplus-priors-diagnostics"
22,10,10,"mean(beta[1,1])","BMLVAR",FALSE,50,,0.28596645155,0.286117,0.0304386322379973,0.225477525,0.34542525,1.00016700583938,12421.5088020838,26472.0380388873,0.000276318209463343,0.000298,0.000507000000000003,0.000440999999999997,"summary-fit-mplus-priors-diagnostics"
22,10,10,"mean(beta[2,1])","BMLVAR",FALSE,50,,-0.033805912575,-0.0337525,0.023204861426153,-0.079619275,0.0117302,1.00046342343208,5056.92575768397,12661.0600043378,0.000352430835044851,0.000364,0.000535000000000002,0.0005225,"summary-fit-mplus-priors-diagnostics"
22,10,10,"mean(beta[1,2])","BMLVAR",FALSE,50,,-0.050846963325,-0.050763,0.0143025307986914,-0.07902315,-0.022941925,1.00113302701099,1987.78281098827,4859.19105780646,0.000322339971570294,0.0003355,0.000483499999999998,0.0004745,"summary-fit-mplus-priors-diagnostics"
22,10,10,"mean(beta[2,2])","BMLVAR",FALSE,50,,0.271453945825,0.271575,0.0351607751710418,0.201787675,0.3403625,1.00012199771496,13883.0047531014,28250.0973414058,0.000302227637292765,0.000317000000000003,0.0005605,0.0005555,"summary-fit-mplus-priors-diagnostics"
22,10,10,"mean(mu[1,1])","BMLVAR",FALSE,50,,2.78170660185,2.781738,0.1584430435053,2.46954575,3.09361395,1.00003832809414,37441.0064105172,38226.9049020723,0.000818816869153224,0.0010235,0.00217100000000006,0.00221149999999999,"summary-fit-mplus-priors-diagnostics"
22,10,10,"mean(mu[2,1])","BMLVAR",FALSE,50,,1.96571974245,1.9658325,0.152361335759552,1.665288125,2.265343475,1.00003789889264,35685.0074302911,37745.856322027,0.000806442907792836,0.000981999999999983,0.00224349999999999,0.00222550000000005,"summary-fit-mplus-priors-diagnostics"
22,10,10,"cov(beta[1,1],beta[1,1])","BMLVAR",FALSE,50,,0.0351597991,0.033926,0.00939772881025645,0.020458975,0.05699215,1.00013616618517,6771.77488686591,14424.2300949711,0.000110802401893523,0.00011,0.000102,0.000252500000000001,"summary-fit-mplus-priors-diagnostics"
22,10,10,"cov(beta[2,1],beta[1,1])","BMLVAR",FALSE,50,,0.00982867205,0.0093145,0.00534996351546273,0.000776975000000001,0.0218421,1.00050373928752,3221.97977485217,8304.72365682877,9.40448546287298e-05,9.44999999999999e-05,0.000101,0.000171,"summary-fit-mplus-priors-diagnostics"
22,10,10,"cov(beta[2,1],beta[2,1])","BMLVAR",FALSE,50,,0.014737160575,0.013968,0.00528156944096708,0.006744975,0.027198125,1.00117973604176,2374.50218764278,4587.04421887611,0.000103337962022877,0.000105,9.44999999999999e-05,0.0001955,"summary-fit-mplus-priors-diagnostics"
22,10,10,"cov(beta[1,2],beta[1,1])","BMLVAR",FALSE,50,,0.0045969581,0.004494,0.00287731698766732,-0.000823024999999999,0.01059405,1.0008277027264,2122.75610365892,4512.28328216153,6.25872669684971e-05,6.15000000000001e-05,0.000111,9.15000000000002e-05,"summary-fit-mplus-priors-diagnostics"
22,10,10,"cov(beta[1,2],beta[2,1])","BMLVAR",FALSE,50,,0.0020157065,0.001943,0.0018928061496591,-0.001561025,0.005991075,1.00092029230674,2161.10921857155,4730.47040675095,4.05166142170497e-05,4e-05,7.45e-05,6.69999999999999e-05,"summary-fit-mplus-priors-diagnostics"
22,10,10,"cov(beta[1,2],beta[1,2])","BMLVAR",FALSE,50,,0.002390843675,0.002162,0.00111163043684309,0.000928,0.005153025,1.00068186385447,2670.11498672912,5806.86353796792,2.24903539952945e-05,2.05e-05,8e-06,6.90000000000001e-05,"summary-fit-mplus-priors-diagnostics"
22,10,10,"cov(beta[2,2],beta[1,1])","BMLVAR",FALSE,50,,0.0193817337,0.0187225,0.00821757443897894,0.005073925,0.037529075,1.00018634544834,9850.26830890912,19133.2794825095,8.13392805209364e-05,8.35000000000001e-05,0.0001195,0.0001835,"summary-fit-mplus-priors-diagnostics"
22,10,10,"cov(beta[2,2],beta[2,1])","BMLVAR",FALSE,50,,0.017605639,0.017081,0.0062353064268592,0.006824875,0.0313701,1.00042130336534,5182.93024665822,11331.0613004486,8.55732674338655e-05,8.7e-05,0.000121,0.0001565,"summary-fit-mplus-priors-diagnostics"
22,10,10,"cov(beta[2,2],beta[1,2])","BMLVAR",FALSE,50,,0.00350434185,0.003308,0.003399744657009,-0.00266805,0.01084405,1.00083641043916,2106.8177243842,5196.95492282431,7.40230545563063e-05,7.3e-05,0.0001035,0.000129,"summary-fit-mplus-priors-diagnostics"
22,10,10,"cov(beta[2,2],beta[2,2])","BMLVAR",FALSE,50,,0.051377762,0.049752,0.0126348486897747,0.031531925,0.080716325,1.00019493872878,8607.74864064026,18580.5764678941,0.000133280365113027,0.000134,0.000121,0.000312000000000001,"summary-fit-mplus-priors-diagnostics"
22,10,10,"cov(mu[1,1],mu[1,1])","BMLVAR",FALSE,50,,1.233030961,1.1993085,0.26196858611152,0.81953945,1.8384415,1.0000000074441,34025.4734886782,37475.5583906867,0.00141605978356935,0.00166250000000002,0.0019935,0.00573949999999999,"summary-fit-mplus-priors-diagnostics"
22,10,10,"cov(mu[2,1],mu[1,1])","BMLVAR",FALSE,50,,0.482723834725,0.4651955,0.188722880463267,0.1619414,0.9047261,1.00003052487957,33474.7530141982,37202.2582531712,0.00102974831338051,0.00122100000000001,0.001991,0.00403950000000001,"summary-fit-mplus-priors-diagnostics"
22,10,10,"cov(mu[2,1],mu[2,1])","BMLVAR",FALSE,50,,1.1132088067,1.0824575,0.239706824205252,0.735767,1.6690219,1.00003482481803,32026.0381421046,36849.1455970406,0.0013309417836977,0.0014895,0.00191000000000001,0.00543000000000001,"summary-fit-mplus-priors-diagnostics"
23,10,10,"psi[1,1]","BMLVAR",TRUE,100,,1.2965306388,1.296366,0.0172029604284461,1.2632428,1.33066015,1.00002996051854,37513.5592835596,38635.9887383351,8.88554111813914e-05,0.000109499999999985,0.00023749999999999,0.000243499999999996,"summary-fit-mplus-diagnostics"
23,10,10,"psi[2,1]","BMLVAR",TRUE,100,,0.562213860625,0.562132,0.014305356671215,0.53440585,0.59055225,0.999998675956818,37697.0418108324,38567.6667778515,7.36869493069836e-05,9.44999999999974e-05,0.000190999999999997,0.000217000000000001,"summary-fit-mplus-diagnostics"
23,10,10,"psi[2,2]","BMLVAR",TRUE,100,,1.543764631925,1.543614,0.0205389243756433,1.50403885,1.584656275,1.00004314175216,37212.3262669607,38741.6260354727,0.00010645374646362,0.000137500000000013,0.000270000000000015,0.000293000000000021,"summary-fit-mplus-diagnostics"
23,10,10,"mean(beta[1,1])","BMLVAR",TRUE,100,,0.278664303675,0.278721,0.0224070113400776,0.23443785,0.32233335,1.000076318767,17977.593675471,30464.7171877744,0.00016954361372003,0.000183999999999998,0.0003555,0.000331999999999996,"summary-fit-mplus-diagnostics"
23,10,10,"mean(beta[2,1])","BMLVAR",TRUE,100,,-0.04176473915,-0.04173,0.0179319884399769,-0.07703125,-0.00651074999999999,1.00011413095454,12769.3652824707,23702.6033571538,0.000162598492284327,0.000177,0.000308499999999999,0.0003095,"summary-fit-mplus-diagnostics"
23,10,10,"mean(beta[1,2])","BMLVAR",TRUE,100,,-0.0484892616,-0.048505,0.0104647950084951,-0.06906705,-0.02798895,1.00080045928604,3304.30609388159,7275.28507487099,0.000205332763422985,0.000217,0.000369999999999999,0.000302,"summary-fit-mplus-diagnostics"
23,10,10,"mean(beta[2,2])","BMLVAR",TRUE,100,,0.259561327075,0.2595755,0.0258367842083964,0.208615775,0.3101193,1.00008401072195,21903.5482520718,33134.1215228639,0.00017491231663555,0.000200000000000002,0.000373000000000001,0.000350000000000007,"summary-fit-mplus-diagnostics"
23,10,10,"mean(mu[1,1])","BMLVAR",TRUE,100,,2.909798399875,2.909972,0.116536161659254,2.680262275,3.1381442,1.00001256628457,37614.3043263593,38563.7968861277,0.000600728215660969,0.000749500000000003,0.00172000000000003,0.00164650000000002,"summary-fit-mplus-diagnostics"
23,10,10,"mean(mu[2,1])","BMLVAR",TRUE,100,,2.023148440725,2.0233175,0.110177018500449,1.806966575,2.239669875,1.00001908118567,36227.720272836,38198.7629538704,0.00057891454354242,0.000684499999999988,0.00150600000000003,0.00173500000000002,"summary-fit-mplus-diagnostics"
23,10,10,"cov(beta[1,1],beta[1,1])","BMLVAR",TRUE,100,,0.03835328025,0.037608,0.00744864869244173,0.025931925,0.055039075,1.00012102577576,10616.8891703998,20253.8882995372,7.22886927712474e-05,7.50000000000008e-05,8.89999999999997e-05,0.000169,"summary-fit-mplus-diagnostics"
23,10,10,"cov(beta[2,1],beta[1,1])","BMLVAR",TRUE,100,,0.009748542575,0.0094415,0.00445206912269475,0.001844,0.019353075,1.00019883186775,8076.75152683669,16896.8601689778,4.98309862003139e-05,5.05000000000001e-05,7.2e-05,0.0001045,"summary-fit-mplus-diagnostics"
23,10,10,"cov(beta[2,1],beta[2,1])","BMLVAR",TRUE,100,,0.019166017525,0.018666,0.00479034907357102,0.011268975,0.02993105,1.00027634920931,6271.7861121705,10634.8479289941,5.96499371419695e-05,6.20000000000002e-05,8.00000000000001e-05,0.000129,"summary-fit-mplus-diagnostics"
23,10,10,"cov(beta[1,2],beta[1,1])","BMLVAR",TRUE,100,,0.002190764425,0.0021915,0.0023831512032166,-0.002539,0.00689805,1.00104942170375,2326.04728426583,5982.3283269117,5.23970695134218e-05,5.5e-05,7.9e-05,7.95e-05,"summary-fit-mplus-diagnostics"
23,10,10,"cov(beta[1,2],beta[2,1])","BMLVAR",TRUE,100,,0.00161350535,0.001593,0.00181992202069798,-0.00193,0.005277025,1.00127898093986,2061.60814077893,5408.40706576911,4.14872539981937e-05,4.2e-05,6.1e-05,6.14999999999999e-05,"summary-fit-mplus-diagnostics"
23,10,10,"cov(beta[1,2],beta[1,2])","BMLVAR",TRUE,100,,0.0028171112,0.002609,0.001216795473143,0.001092,0.00572805,1.00071361479875,1571.87857975277,4102.42503754767,3.00626996687469e-05,3.2e-05,1.55e-05,6.54999999999999e-05,"summary-fit-mplus-diagnostics"
23,10,10,"cov(beta[2,2],beta[1,1])","BMLVAR",TRUE,100,,0.0159826832,0.01566,0.00634449062972996,0.004387975,0.0294491,1.00007095136263,15115.0487372133,26160.5478194367,5.13625146700679e-05,5.39999999999998e-05,8.99999999999999e-05,0.000124000000000001,"summary-fit-mplus-diagnostics"
23,10,10,"cov(beta[2,2],beta[2,1])","BMLVAR",TRUE,100,,0.010389741325,0.010235,0.00487562328102136,0.001172925,0.020459025,1.00010399294873,10376.2091962899,19604.5708688519,4.87640168528877e-05,5.10000000000001e-05,9.05e-05,9.70000000000001e-05,"summary-fit-mplus-diagnostics"
23,10,10,"cov(beta[2,2],beta[1,2])","BMLVAR",TRUE,100,,0.00469065015,0.004538,0.00276017114080087,-0.000331,0.01056005,1.00061816622765,3193.47582959578,6835.0362135014,5.14018361659755e-05,5.2e-05,7.6e-05,8.94999999999998e-05,"summary-fit-mplus-diagnostics"
23,10,10,"cov(beta[2,2],beta[2,2])","BMLVAR",TRUE,100,,0.055141153625,0.054151,0.00992417153513907,0.03858585,0.077293175,1.00010964766177,16063.7656661748,27485.3129804287,7.75295074378255e-05,8.54999999999995e-05,0.0001025,0.000212,"summary-fit-mplus-diagnostics"
23,10,10,"cov(mu[1,1],mu[1,1])","BMLVAR",TRUE,100,,1.3317368742,1.3123875,0.203117534160724,0.990348075,1.7835149,1.00001914159558,35049.5847375304,37921.151207852,0.00108265208371877,0.001283,0.00195350000000001,0.00417150000000001,"summary-fit-mplus-diagnostics"
23,10,10,"cov(mu[2,1],mu[1,1])","BMLVAR",TRUE,100,,0.529276236175,0.5190675,0.146356336966006,0.2710542,0.845612275,1.00001595105975,34250.4767749496,37694.9976394162,0.000789408303797022,0.000955,0.0016775,0.00259599999999999,"summary-fit-mplus-diagnostics"
23,10,10,"cov(mu[2,1],mu[2,1])","BMLVAR",TRUE,100,,1.170076860075,1.153005,0.180035370861492,0.8673472,1.570944225,1.00000555146273,33335.7170493484,37567.7012309625,0.000983937433877764,0.00115850000000001,0.00166300000000001,0.00340099999999999,"summary-fit-mplus-diagnostics"
23,10,10,"psi[1,1]","BMLVAR",FALSE,100,,1.2970690122,1.2969245,0.0172431710768498,1.26373585,1.33125615,1.00001831294,37823.3767895424,38705.7313153669,8.8664011754794e-05,0.000108000000000008,0.000227499999999992,0.000229500000000005,"summary-fit-mplus-priors-diagnostics"
23,10,10,"psi[2,1]","BMLVAR",FALSE,100,,0.5627906344,0.562723,0.0143248238407621,0.534940825,0.591164275,1.00002386947386,37151.5848865128,38917.1553364919,7.43179675877106e-05,9.40000000000107e-05,0.000191000000000013,0.000210499999999997,"summary-fit-mplus-priors-diagnostics"
23,10,10,"psi[2,2]","BMLVAR",FALSE,100,,1.5452808064,1.545107,0.0205892227436028,1.5054959,1.586114325,1.00002437807018,35326.7667980851,38304.8532821592,0.000109678204809218,0.00012899999999999,0.000262999999999991,0.000305999999999995,"summary-fit-mplus-priors-diagnostics"
23,10,10,"mean(beta[1,1])","BMLVAR",FALSE,100,,0.278839036625,0.2788885,0.0208547898874441,0.23778885,0.3196003,1.00008554053798,14194.9617496375,27421.4265483598,0.000177146427547359,0.000190500000000005,0.0003415,0.0003245,"summary-fit-mplus-priors-diagnostics"
23,10,10,"mean(beta[2,1])","BMLVAR",FALSE,100,,-0.042470229125,-0.042419,0.0160587222228506,-0.074049225,-0.01092775,1.00019078766009,8542.44731563402,17951.4081961233,0.000182559049842657,0.000199000000000001,0.000304000000000002,0.000323,"summary-fit-mplus-priors-diagnostics"
23,10,10,"mean(beta[1,2])","BMLVAR",FALSE,100,,-0.048192009425,-0.048183,0.0098795034110522,-0.067593075,-0.02885185,1.00114607119928,1853.49204652723,4403.6266249404,0.000233507090197535,0.000238,0.000347499999999999,0.000333,"summary-fit-mplus-priors-diagnostics"
23,10,10,"mean(beta[2,2])","BMLVAR",FALSE,100,,0.260441275975,0.2605395,0.0242602144710881,0.212519775,0.307911275,1.00005300312688,17252.3457990848,30423.9781160273,0.000185608606235449,0.000200499999999999,0.000375499999999997,0.000356499999999997,"summary-fit-mplus-priors-diagnostics"
23,10,10,"mean(mu[1,1])","BMLVAR",FALSE,100,,2.9076765316,2.907666,0.113394793112498,2.6843073,3.12962315,1.00005354759684,37624.5158113757,38362.7470648326,0.000584562620597315,0.000707999999999953,0.00160700000000005,0.0015825,"summary-fit-mplus-priors-diagnostics"
23,10,10,"mean(mu[2,1])","BMLVAR",FALSE,100,,2.021268085425,2.021506,0.107198979885634,1.81033235,2.231147975,1.00002974112195,36357.0936998716,38223.8040620434,0.000562217438750298,0.000692500000000018,0.0014745,0.0015385,"summary-fit-mplus-priors-diagnostics"
23,10,10,"cov(beta[1,1],beta[1,1])","BMLVAR",FALSE,100,,0.031910868975,0.031321,0.0060964117564049,0.021691975,0.045471025,1.00032685932958,7845.42746771355,16601.9766753923,6.83463043391552e-05,7.10000000000001e-05,8.14999999999998e-05,0.000144,"summary-fit-mplus-priors-diagnostics"
23,10,10,"cov(beta[2,1],beta[1,1])","BMLVAR",FALSE,100,,0.0073586595,0.007131,0.00348478186950861,0.001143975,0.0148461,1.00042959604356,4936.60728503836,10979.6367514412,4.98508065754373e-05,5.14999999999999e-05,6.75e-05,9.30000000000001e-05,"summary-fit-mplus-priors-diagnostics"
23,10,10,"cov(beta[2,1],beta[2,1])","BMLVAR",FALSE,100,,0.0133673966,0.013,0.0036827708672537,0.007246975,0.021620025,1.00061640165046,3010.25658661301,4826.38835263677,6.71742755895926e-05,6.9e-05,8.59999999999999e-05,0.000124,"summary-fit-mplus-priors-diagnostics"
23,10,10,"cov(beta[1,2],beta[1,1])","BMLVAR",FALSE,100,,0.002585940325,0.002573,0.00190485027429773,-0.001143025,0.006404025,1.00118873663401,1630.23674037918,3958.37904067711,4.72176635399933e-05,4.8e-05,7.35e-05,7.54999999999999e-05,"summary-fit-mplus-priors-diagnostics"
23,10,10,"cov(beta[1,2],beta[2,1])","BMLVAR",FALSE,100,,0.0016549635,0.001625,0.0013286249060917,-0.000906024999999999,0.004359,1.00164981448821,1609.78359342478,3699.49571887252,3.37334282557057e-05,3.45e-05,5.55e-05,4.95e-05,"summary-fit-mplus-priors-diagnostics"
23,10,10,"cov(beta[1,2],beta[1,2])","BMLVAR",FALSE,100,,0.00178316255,0.001648,0.000672501244688534,0.000881,0.003449025,1.00087596356786,2445.34420663926,4787.52315977708,1.46855076723121e-05,1.55e-05,5.99999999999999e-06,4.45e-05,"summary-fit-mplus-priors-diagnostics"
23,10,10,"cov(beta[2,2],beta[1,1])","BMLVAR",FALSE,100,,0.015032539925,0.014765,0.00527428085268134,0.005410975,0.026197025,1.00009474141272,11369.2848742926,21971.8638768458,4.92220854795371e-05,5.25e-05,8.15000000000001e-05,0.000104,"summary-fit-mplus-priors-diagnostics"
23,10,10,"cov(beta[2,2],beta[2,1])","BMLVAR",FALSE,100,,0.010686140475,0.010548,0.00390557134610678,0.003350975,0.018769025,1.00030283621301,6303.26102914973,14371.6339461291,5.0246049545474e-05,5.30000000000001e-05,7.70000000000001e-05,8.44999999999996e-05,"summary-fit-mplus-priors-diagnostics"
23,10,10,"cov(beta[2,2],beta[1,2])","BMLVAR",FALSE,100,,0.003708324675,0.003609,0.00224327730959499,-0.000433,0.008421025,1.00100378454894,1979.93299861821,4381.70666197585,5.11049155259599e-05,5.35e-05,7.25e-05,8.35000000000002e-05,"summary-fit-mplus-priors-diagnostics"
23,10,10,"cov(beta[2,2],beta[2,2])","BMLVAR",FALSE,100,,0.04732573335,0.046533,0.00823374760681796,0.033480975,0.065587125,1.00011180257587,11734.0540631672,23840.7202137229,7.53181248657176e-05,7.7e-05,9.29999999999998e-05,0.000177999999999999,"summary-fit-mplus-priors-diagnostics"
23,10,10,"cov(mu[1,1],mu[1,1])","BMLVAR",FALSE,100,,1.257449647525,1.240231,0.185791648155769,0.943403925,1.668669,1.00004884980027,34922.1023179518,38164.1519589491,0.000992829958139814,0.00117700000000001,0.0017515,0.00352449999999999,"summary-fit-mplus-priors-diagnostics"
23,10,10,"cov(mu[2,1],mu[1,1])","BMLVAR",FALSE,100,,0.4954800163,0.4863095,0.133665780292821,0.25854875,0.783879875,1.00004343504315,34092.3185911172,37886.2770460987,0.00072229217443826,0.000851499999999994,0.00143099999999999,0.00264749999999998,"summary-fit-mplus-priors-diagnostics"
23,10,10,"cov(mu[2,1],mu[2,1])","BMLVAR",FALSE,100,,1.10543629155,1.089999,0.164918825412449,0.8267951,1.471903325,1.0000228829244,33453.7821089574,37653.149170472,0.000899642764826858,0.0010855,0.00158300000000001,0.00313500000000002,"summary-fit-mplus-priors-diagnostics"
24,10,10,"psi[1,1]","BMLVAR",TRUE,200,,1.304889174675,1.3047785,0.0122341168196109,1.281134775,1.328968125,1.0000224500956,36745.1419166394,38524.4980373093,6.38577332797984e-05,7.85000000000036e-05,0.000165500000000018,0.000178499999999993,"summary-fit-mplus-diagnostics"
24,10,10,"psi[2,1]","BMLVAR",TRUE,200,,0.57173695125,0.571685,0.0102318089637951,0.55184785,0.591930025,1.00001414267177,36890.1174594603,38619.073474742,5.32902617089877e-05,6.59999999999994e-05,0.000133500000000009,0.000143500000000002,"summary-fit-mplus-diagnostics"
24,10,10,"psi[2,2]","BMLVAR",TRUE,200,,1.560125497925,1.5600085,0.0146743793340246,1.5316359,1.589193125,1.00002028652229,37355.1646353238,38746.5971837404,7.59352262673748e-05,9.20000000000143e-05,0.000202500000000005,0.000187499999999985,"summary-fit-mplus-diagnostics"
24,10,10,"mean(beta[1,1])","BMLVAR",TRUE,200,,0.2742756147,0.2743,0.0155667947140722,0.24366885,0.304717175,1.00013443594826,17985.0240118277,30306.3698181302,0.000116617923240399,0.000131500000000004,0.000236499999999999,0.000237499999999999,"summary-fit-mplus-diagnostics"
24,10,10,"mean(beta[2,1])","BMLVAR",TRUE,200,,-0.0371315513,-0.037121,0.0128471145405947,-0.062333325,-0.011900925,1.00011358974103,13680.6978458554,24553.4977028372,0.000110088632104891,0.0001215,0.0002175,0.0002195,"summary-fit-mplus-diagnostics"
24,10,10,"mean(beta[1,2])","BMLVAR",TRUE,200,,-0.0476055622,-0.0475965,0.00712974036892357,-0.0615791,-0.033642,1.00051300969887,3003.37568036585,6752.19696453158,0.000133610979281734,0.0001385,0.000208499999999999,0.0002205,"summary-fit-mplus-diagnostics"
24,10,10,"mean(beta[2,2])","BMLVAR",TRUE,200,,0.25466079115,0.2547035,0.0174223777984811,0.220293825,0.288732125,1.00009279076839,21178.7990976205,31955.0056750118,0.000119973921504805,0.000133999999999998,0.000261000000000002,0.000256500000000004,"summary-fit-mplus-diagnostics"
24,10,10,"mean(mu[1,1])","BMLVAR",TRUE,200,,2.8562913531,2.856249,0.078956002396618,2.70107,3.011463225,1.00004365603467,37286.1039847699,38493.6118697414,0.000408882417036632,0.000512000000000024,0.00122650000000002,0.00102250000000002,"summary-fit-mplus-diagnostics"
24,10,10,"mean(mu[2,1])","BMLVAR",TRUE,200,,2.040934728525,2.0408175,0.0775002480087119,1.888932225,2.192885425,1.00002633112438,36814.5002812418,38646.8343748882,0.000403941843337151,0.000513000000000008,0.00114449999999998,0.00103500000000005,"summary-fit-mplus-diagnostics"
24,10,10,"cov(beta[1,1],beta[1,1])","BMLVAR",TRUE,200,,0.036796961475,0.036453,0.00487209349123442,0.0282219,0.04731305,1.00021340446693,11124.3214643189,22079.2716666614,4.61938947335813e-05,4.94999999999997e-05,6.14999999999997e-05,0.0001005,"summary-fit-mplus-diagnostics"
24,10,10,"cov(beta[2,1],beta[1,1])","BMLVAR",TRUE,200,,0.01132773645,0.01118,0.00305348507593064,0.005776925,0.017760025,1.0003093118872,8004.7354040517,17499.2745967794,3.4555618141163e-05,3.65000000000001e-05,4.45e-05,6.85e-05,"summary-fit-mplus-diagnostics"
24,10,10,"cov(beta[2,1],beta[2,1])","BMLVAR",TRUE,200,,0.019654747975,0.019423,0.00331349967974354,0.013843975,0.026826025,1.00050185674073,6437.78912312876,12685.1159070913,4.10953960355788e-05,4.35e-05,5.49999999999998e-05,8.20000000000001e-05,"summary-fit-mplus-diagnostics"
24,10,10,"cov(beta[1,2],beta[1,1])","BMLVAR",TRUE,200,,0.00243222105,0.002431,0.00151302402883152,-0.000550024999999999,0.005413025,1.00086890007108,2413.76397296124,5748.26419322733,3.15284709449495e-05,3.35e-05,4.75e-05,4.85e-05,"summary-fit-mplus-diagnostics"
24,10,10,"cov(beta[1,2],beta[2,1])","BMLVAR",TRUE,200,,0.001469057725,0.001464,0.00122243971792861,-0.000927024999999999,0.003887025,1.00141234397679,1869.33866157108,4514.76009357391,2.90965429635219e-05,3.04999999999999e-05,4.3e-05,4.7e-05,"summary-fit-mplus-diagnostics"
24,10,10,"cov(beta[1,2],beta[1,2])","BMLVAR",TRUE,200,,0.002149840675,0.002031,0.000769503119025034,0.001024975,0.003947025,1.00243302082975,1193.80077242516,3334.26774139394,2.21953436083531e-05,2.5e-05,9.49999999999999e-06,4.6e-05,"summary-fit-mplus-diagnostics"
24,10,10,"cov(beta[2,2],beta[1,1])","BMLVAR",TRUE,200,,0.01738713895,0.017235,0.00408616463472318,0.009802975,0.025871025,1.00014262342961,14606.2089311312,26224.9588062197,3.37602442320594e-05,3.5e-05,5.75e-05,7.3e-05,"summary-fit-mplus-diagnostics"
24,10,10,"cov(beta[2,2],beta[2,1])","BMLVAR",TRUE,200,,0.011194854325,0.011116,0.00323693422474256,0.00501695,0.01777405,1.00027979929529,10014.610184091,19736.1755755166,3.22894665224595e-05,3.34999999999999e-05,5.80000000000001e-05,6.04999999999996e-05,"summary-fit-mplus-diagnostics"
24,10,10,"cov(beta[2,2],beta[1,2])","BMLVAR",TRUE,200,,0.002898442225,0.002844,0.00170530912169683,-0.000302049999999998,0.006400025,1.00099354631339,2800.28303396052,6023.71892381144,3.26038129322926e-05,3.45e-05,4.9e-05,5.40000000000001e-05,"summary-fit-mplus-diagnostics"
24,10,10,"cov(beta[2,2],beta[2,2])","BMLVAR",TRUE,200,,0.049054565075,0.048605,0.00612680950599165,0.038286,0.0622591,1.0000801914765,14921.1478875016,26304.2983848574,5.00394099655451e-05,5.39999999999995e-05,6.84999999999998e-05,0.0001195,"summary-fit-mplus-diagnostics"
24,10,10,"cov(mu[1,1],mu[1,1])","BMLVAR",TRUE,200,,1.2128901895,1.204477,0.127522540995774,0.98752825,1.48678545,1.00005024456295,34870.8323084047,37997.9687677094,0.000681298278870557,0.000831000000000004,0.001384,0.002369,"summary-fit-mplus-diagnostics"
24,10,10,"cov(mu[2,1],mu[1,1])","BMLVAR",TRUE,200,,0.4348465452,0.430567,0.0941002811747542,0.26234625,0.6316422,1.00003814787855,34278.6084779262,37690.4328125403,0.000508329901799872,0.000583500000000001,0.001078,0.00150550000000001,"summary-fit-mplus-diagnostics"
24,10,10,"cov(mu[2,1],mu[2,1])","BMLVAR",TRUE,200,,1.155255822825,1.1471915,0.122822222451465,0.938069125,1.419699325,1.000024205265,33330.7374729141,37611.6374690508,0.000672619008255957,0.00082549999999999,0.00127099999999999,0.0022735,"summary-fit-mplus-diagnostics"
24,10,10,"psi[1,1]","BMLVAR",FALSE,200,,1.3053229514,1.305228,0.0122340083917629,1.28154175,1.3294732,1.0000417626418,37431.0923265212,38793.2427539602,6.32378104145855e-05,7.69999999999826e-05,0.000167499999999998,0.000172499999999998,"summary-fit-mplus-priors-diagnostics"
24,10,10,"psi[2,1]","BMLVAR",FALSE,200,,0.57209984575,0.572038,0.0102180113152246,0.5522219,0.592241075,1.00004029405399,37021.5432378964,38752.1241689777,5.31315422501827e-05,6.60000000000105e-05,0.000129999999999997,0.000142999999999999,"summary-fit-mplus-priors-diagnostics"
24,10,10,"psi[2,2]","BMLVAR",FALSE,200,,1.5607114135,1.5606125,0.0146539250615848,1.532193875,1.5897421,1.00004390542064,36956.3354298171,38676.9001182134,7.62349689683338e-05,9.55000000000261e-05,0.000192999999999999,0.000214499999999984,"summary-fit-mplus-priors-diagnostics"
24,10,10,"mean(beta[1,1])","BMLVAR",FALSE,200,,0.2744582732,0.2744705,0.0150315129923331,0.244885675,0.303972075,1.00018616620351,14976.8157624488,28440.7651810816,0.000123936905369064,0.0001385,0.000236499999999999,0.000222499999999998,"summary-fit-mplus-priors-diagnostics"
24,10,10,"mean(beta[2,1])","BMLVAR",FALSE,200,,-0.037258469275,-0.0372465,0.0122139170796955,-0.0611912,-0.01332895,1.00017418253171,11395.4311572533,22197.1580458718,0.000115173489578013,0.000123,0.000200999999999999,0.0001915,"summary-fit-mplus-priors-diagnostics"
24,10,10,"mean(beta[1,2])","BMLVAR",FALSE,200,,-0.047547013575,-0.0475275,0.00682459867986624,-0.060982075,-0.0341479,1.00123248090601,1944.76149678467,4336.21743845763,0.000157544469551345,0.000161,0.0002415,0.0002605,"summary-fit-mplus-priors-diagnostics"
24,10,10,"mean(beta[2,2])","BMLVAR",FALSE,200,,0.254934381975,0.2549515,0.0168361725477461,0.2218828,0.2879023,1.00007892853766,18457.0283007412,31474.0785375475,0.000124325645455868,0.000139000000000002,0.000264500000000002,0.000238999999999995,"summary-fit-mplus-priors-diagnostics"
24,10,10,"mean(mu[1,1])","BMLVAR",FALSE,200,,2.855167278725,2.8551225,0.0780287473135232,2.702137225,3.0080846,1.00002351166557,37169.429034716,38277.1329695026,0.000404713554985803,0.000512000000000001,0.00113000000000005,0.00105599999999995,"summary-fit-mplus-priors-diagnostics"
24,10,10,"mean(mu[2,1])","BMLVAR",FALSE,200,,2.040126657475,2.040092,0.0763888760391865,1.8904903,2.190193525,1.00003020341293,36459.5340470954,38472.0033947422,0.000400082471605318,0.000504499999999974,0.0011055,0.00109650000000001,"summary-fit-mplus-priors-diagnostics"
24,10,10,"cov(beta[1,1],beta[1,1])","BMLVAR",FALSE,200,,0.0336895259,0.033392,0.0044231405148426,0.025876,0.043206,1.00027223099279,8972.79607579799,19021.942548703,4.67372100807884e-05,4.85000000000005e-05,5.75000000000003e-05,8.99999999999998e-05,"summary-fit-mplus-priors-diagnostics"
24,10,10,"cov(beta[2,1],beta[1,1])","BMLVAR",FALSE,200,,0.010032754375,0.009899,0.00273271653985401,0.005051,0.015784075,1.00035392643626,6028.09351345683,13698.3645791404,3.56892143028004e-05,3.75e-05,4.45000000000001e-05,6.10000000000001e-05,"summary-fit-mplus-priors-diagnostics"
24,10,10,"cov(beta[2,1],beta[2,1])","BMLVAR",FALSE,200,,0.0168481794,0.016648,0.00293289040609927,0.011683,0.02317105,1.00056982413826,4836.26815411185,9798.89016993643,4.19049613043015e-05,4.25000000000002e-05,5.65000000000001e-05,7.75e-05,"summary-fit-mplus-priors-diagnostics"
24,10,10,"cov(beta[1,2],beta[1,1])","BMLVAR",FALSE,200,,0.002685536025,0.002679,0.00133935535151215,5.8e-05,0.005338,1.00144306535329,1756.42284623768,4222.53139856265,3.22143942217939e-05,3.4e-05,5.1e-05,5.04999999999999e-05,"summary-fit-mplus-priors-diagnostics"
24,10,10,"cov(beta[1,2],beta[2,1])","BMLVAR",FALSE,200,,0.001620456325,0.001618,0.00105449847320273,-0.000447024999999999,0.003709,1.00210621139603,1283.60916231338,3041.35030967344,2.97243119644701e-05,3e-05,4.6e-05,3.99999999999999e-05,"summary-fit-mplus-priors-diagnostics"
24,10,10,"cov(beta[1,2],beta[1,2])","BMLVAR",FALSE,200,,0.001547599475,0.00146,0.000466587040314447,0.000905,0.002684,1.00135238460119,2057.26206925897,3494.79072086284,1.09550778750802e-05,1e-05,3.50000000000001e-06,3.35e-05,"summary-fit-mplus-priors-diagnostics"
24,10,10,"cov(beta[2,2],beta[1,1])","BMLVAR",FALSE,200,,0.016938593275,0.016798,0.00373519960568855,0.010019,0.02468305,1.00010713601425,12300.8886408406,24073.5476153785,3.36729656861827e-05,3.59999999999999e-05,5.25e-05,6.84999999999998e-05,"summary-fit-mplus-priors-diagnostics"
24,10,10,"cov(beta[2,2],beta[2,1])","BMLVAR",FALSE,200,,0.011372733,0.011299,0.00291892775522308,0.005839,0.017340025,1.0003387380705,7759.1287664532,17527.3303166637,3.31907457432945e-05,3.3e-05,5.25e-05,5.15000000000002e-05,"summary-fit-mplus-priors-diagnostics"
24,10,10,"cov(beta[2,2],beta[1,2])","BMLVAR",FALSE,200,,0.00240010995,0.002362,0.00151109538091508,-0.000453,0.005487,1.00110497692581,1962.7698746626,4514.11209432551,3.46753690992593e-05,3.65e-05,4.95e-05,5.49999999999999e-05,"summary-fit-mplus-priors-diagnostics"
24,10,10,"cov(beta[2,2],beta[2,2])","BMLVAR",FALSE,200,,0.04534742145,0.0449585,0.00557555985408819,0.035523975,0.057337075,1.00013017783142,12589.2338784629,24596.1874786305,4.94835791684152e-05,5.40000000000013e-05,7.14999999999997e-05,0.000115,"summary-fit-mplus-priors-diagnostics"
24,10,10,"cov(mu[1,1],mu[1,1])","BMLVAR",FALSE,200,,1.1799963057,1.1718905,0.122156274822014,0.964078925,1.441838,1.00004371895445,35073.263019019,37699.0419218443,0.00065147125483299,0.000749999999999984,0.00124449999999998,0.00214749999999999,"summary-fit-mplus-priors-diagnostics"
24,10,10,"cov(mu[2,1],mu[1,1])","BMLVAR",FALSE,200,,0.420927168,0.4170185,0.0900778653572369,0.25548465,0.6095521,1.00002171326499,34132.455830912,37630.7424820938,0.000487355984206299,0.000595000000000009,0.00105550000000001,0.0015095,"summary-fit-mplus-priors-diagnostics"
24,10,10,"cov(mu[2,1],mu[2,1])","BMLVAR",FALSE,200,,1.1234875376,1.115761,0.117740441844605,0.915283275,1.376398775,1.0000227943176,33209.8256138339,37690.9364584173,0.000645851249356245,0.000761999999999979,0.00123550000000001,0.00214350000000002,"summary-fit-mplus-priors-diagnostics"
25,10,10,"psi[1,1]","BMLVAR",TRUE,50,50,1.2939201775,1.293239,0.0374104908248596,1.22256565,1.368942425,1.00001953826837,35744.4272230163,37910.3173094397,0.000197965558323029,0.000246500000000005,0.000482000000000005,0.000574500000000033,"summary-fit-mplus-diagnostics"
25,10,10,"psi[2,1]","BMLVAR",TRUE,50,50,0.576700857175,0.576273,0.0314355126095291,0.5163707,0.6395063,1.00002574759011,35604.2154465205,38290.342094039,0.000166680047390752,0.000203999999999999,0.0004075,0.000470000000000004,"summary-fit-mplus-diagnostics"
25,10,10,"psi[2,2]","BMLVAR",TRUE,50,50,1.5686540579,1.5677185,0.0454164855043055,1.4821474,1.660005375,1.00000971481632,35120.6908390141,38309.4366188455,0.000242558857970355,0.000305999999999995,0.000596500000000022,0.000670999999999977,"summary-fit-mplus-diagnostics"
25,10,10,"mean(beta[1,1])","BMLVAR",TRUE,50,50,0.2708390253,0.2708885,0.0270273769066963,0.2174137,0.323892225,1.00081775845077,3883.26285404522,9470.95946263926,0.000458850685479288,0.000480999999999997,0.000672499999999998,0.000642000000000001,"summary-fit-mplus-diagnostics"
25,10,10,"mean(beta[2,1])","BMLVAR",TRUE,50,50,-0.032837659725,-0.032755,0.0295087226381292,-0.09104935,0.02505335,1.00060399698878,3945.95587843122,10321.2549138067,0.000494870944715434,0.000533,0.000705,0.000709,"summary-fit-mplus-diagnostics"
25,10,10,"mean(beta[1,2])","BMLVAR",TRUE,50,50,-0.03681413295,-0.0369055,0.0240168931129976,-0.083917275,0.01039935,1.00057560900243,3386.44585051371,8344.74063443953,0.000420969356341603,0.000452,0.000617500000000001,0.000612,"summary-fit-mplus-diagnostics"
25,10,10,"mean(beta[2,2])","BMLVAR",TRUE,50,50,0.253781687925,0.25389,0.0268891292604603,0.2006758,0.30642925,1.00057888914408,3584.92413665089,8626.81580063191,0.000466558527194166,0.000511000000000003,0.000712499999999998,0.000689000000000001,"summary-fit-mplus-diagnostics"
25,10,10,"mean(mu[1,1])","BMLVAR",TRUE,50,50,2.9318730319,2.93234,0.167044424138745,2.603347675,3.261249525,1.00002364590647,37024.9225847683,38405.3594094241,0.000867313619570914,0.00107150000000003,0.00243799999999998,0.00254350000000001,"summary-fit-mplus-diagnostics"
25,10,10,"mean(mu[2,1])","BMLVAR",TRUE,50,50,2.032044790525,2.032145,0.155613211100735,1.72632925,2.3389499,1.00001579929633,35518.6362633177,37395.6670634765,0.000825612353876437,0.000987499999999997,0.00211000000000001,0.00230349999999999,"summary-fit-mplus-diagnostics"
25,10,10,"cov(beta[1,1],beta[1,1])","BMLVAR",TRUE,50,50,0.0124185727,0.011168,0.0068463943656895,0.002960975,0.029126175,1.00151245935763,1659.10971054865,2477.97816273279,0.000150237857568579,0.0001535,0.0001245,0.000304,"summary-fit-mplus-diagnostics"
25,10,10,"cov(beta[2,1],beta[1,1])","BMLVAR",TRUE,50,50,0.004786103275,0.004137,0.0056874922068448,-0.0046801,0.01788315,1.00165130307613,1444.98731655721,3412.67894178035,0.000142314177189865,0.000142,0.0001805,0.000258,"summary-fit-mplus-diagnostics"
25,10,10,"cov(beta[2,1],beta[2,1])","BMLVAR",TRUE,50,50,0.015151236175,0.0135755,0.00848961930276917,0.003478975,0.035881175,1.00089810107401,1523.88676830959,2250.21396966549,0.000193881713656724,0.000196,0.0001475,0.000375,"summary-fit-mplus-diagnostics"
25,10,10,"cov(beta[1,2],beta[1,1])","BMLVAR",TRUE,50,50,-0.004778750375,-0.004147,0.00464434824744663,-0.015648125,0.002559075,1.0013944237967,1708.92518186721,3869.24290398439,0.000107975217470589,0.0001105,0.000203,0.000116,"summary-fit-mplus-diagnostics"
25,10,10,"cov(beta[1,2],beta[2,1])","BMLVAR",TRUE,50,50,-0.001925143275,-0.00168,0.0047015050947951,-0.012021075,0.00687705,1.00136685746729,1575.77077890439,5126.78714094622,0.000117063736385099,0.000115,0.0002015,0.0001675,"summary-fit-mplus-diagnostics"
25,10,10,"cov(beta[1,2],beta[1,2])","BMLVAR",TRUE,50,50,0.00920532435,0.008168,0.00536194580254618,0.002014925,0.022380075,1.0011733338808,1621.74422965032,2653.9468127472,0.000119350774130861,0.000126,8e-05,0.000252,"summary-fit-mplus-diagnostics"
25,10,10,"cov(beta[2,2],beta[1,1])","BMLVAR",TRUE,50,50,-0.003333258975,-0.002964,0.00496749182302752,-0.0142641,0.005568075,1.00145316144525,1523.91699212225,4248.74087928012,0.000123193183740678,0.0001245,0.0002065,0.00016,"summary-fit-mplus-diagnostics"
25,10,10,"cov(beta[2,2],beta[2,1])","BMLVAR",TRUE,50,50,-0.0062006466,-0.00545,0.0057937621427261,-0.0197241,0.003056075,1.00115965696027,1533.32391525853,3276.14111985507,0.000140231847920519,0.000145,0.000245,0.000166,"summary-fit-mplus-diagnostics"
25,10,10,"cov(beta[2,2],beta[1,2])","BMLVAR",TRUE,50,50,0.0039647942,0.003407,0.00451688714073584,-0.00337205,0.014397025,1.00143654938203,1491.03776620105,3660.68284403914,0.000111437223394068,0.000111,0.0001315,0.000213,"summary-fit-mplus-diagnostics"
25,10,10,"cov(beta[2,2],beta[2,2])","BMLVAR",TRUE,50,50,0.0119539818,0.0107325,0.00668538868556945,0.002728,0.028205075,1.00127739040949,1559.55066187366,2241.46624966233,0.000150415963388379,0.000153,0.0001305,0.0003205,"summary-fit-mplus-diagnostics"
25,10,10,"cov(mu[1,1],mu[1,1])","BMLVAR",TRUE,50,50,1.363700338675,1.321228,0.311690985360098,0.87994715,2.09062435,1.000028860782,32738.6609430515,37282.385646637,0.00170512386367098,0.00201450000000002,0.00252500000000002,0.00757300000000003,"summary-fit-mplus-diagnostics"
25,10,10,"cov(mu[2,1],mu[1,1])","BMLVAR",TRUE,50,50,0.469783507475,0.450161,0.216472023283255,0.098597525,0.9515926,1.00002406006723,32088.7786870667,37102.6735247644,0.00119951447718022,0.0013905,0.002315,0.0043585,"summary-fit-mplus-diagnostics"
25,10,10,"cov(mu[2,1],mu[2,1])","BMLVAR",TRUE,50,50,1.158691496275,1.121932,0.269083160412143,0.741330025,1.788139375,1.00004583772876,31453.9415160225,36479.7344824213,0.00150711570503757,0.001727,0.0020535,0.00633650000000001,"summary-fit-mplus-diagnostics"
25,10,10,"psi[1,1]","BMLVAR",FALSE,50,50,1.29644925835,1.295669,0.037286798397495,1.22533155,1.37136045,1.00004720330125,35928.1767288244,37916.2787447311,0.000197424186089972,0.000245999999999991,0.000522999999999996,0.000529500000000016,"summary-fit-mplus-priors-diagnostics"
25,10,10,"psi[2,1]","BMLVAR",FALSE,50,50,0.578133403675,0.577752,0.0313410348615518,0.517910725,0.640823325,1.00005034563369,36236.0606392681,38722.7689770676,0.000164884482483239,0.000198999999999988,0.000430499999999995,0.000416000000000005,"summary-fit-mplus-priors-diagnostics"
25,10,10,"psi[2,2]","BMLVAR",FALSE,50,50,1.57251411435,1.5715945,0.0451623115001963,1.486499575,1.663610375,1.00004995643126,35696.043951721,38444.8857945256,0.00023972761756508,0.000305500000000003,0.000540499999999999,0.000666500000000003,"summary-fit-mplus-priors-diagnostics"
25,10,10,"mean(beta[1,1])","BMLVAR",FALSE,50,50,0.2731743226,0.2731745,0.0228776741834741,0.22836375,0.317960225,1.00198919234458,1102.07811248384,2591.22274729419,0.000696950777232276,0.000729999999999999,0.001062,0.0010775,"summary-fit-mplus-priors-diagnostics"
25,10,10,"mean(beta[2,1])","BMLVAR",FALSE,50,50,-0.032669248175,-0.03277,0.0247045992375366,-0.080801475,0.016150175,1.00295835928639,988.318592957769,2272.06340374139,0.000796897383822054,0.000823999999999999,0.0012125,0.001245,"summary-fit-mplus-priors-diagnostics"
25,10,10,"mean(beta[1,2])","BMLVAR",FALSE,50,50,-0.037309084825,-0.0373125,0.0205188916883788,-0.077530175,0.00309225000000001,1.00132391790596,1215.17130963546,2827.84682668716,0.000590610160741762,0.0006055,0.000902999999999999,0.0008885,"summary-fit-mplus-priors-diagnostics"
25,10,10,"mean(beta[2,2])","BMLVAR",FALSE,50,50,0.256246486575,0.2563325,0.0229210987449334,0.210865825,0.300808325,1.00213720790097,1007.25212050494,2343.67960266182,0.000729523636016743,0.000746499999999992,0.0011685,0.0011015,"summary-fit-mplus-priors-diagnostics"
25,10,10,"mean(mu[1,1])","BMLVAR",FALSE,50,50,2.927750242625,2.928128,0.157507283314149,2.617123625,3.2379094,1.00002486551856,37005.5652762865,38119.8798679665,0.000817885309014507,0.000992999999999977,0.00230550000000005,0.00243500000000001,"summary-fit-mplus-priors-diagnostics"
25,10,10,"mean(mu[2,1])","BMLVAR",FALSE,50,50,2.0288874211,2.029204,0.147040391156697,1.739657975,2.318191275,1.00000725830861,35813.8694706054,38006.0469704083,0.000776707692840719,0.000917000000000034,0.00211399999999999,0.00214750000000001,"summary-fit-mplus-priors-diagnostics"
25,10,10,"cov(beta[1,1],beta[1,1])","BMLVAR",FALSE,50,50,0.0025718982,0.001992,0.00185999447744465,0.000771,0.00760005,1.00143041492336,2380.77577859605,3933.33261449888,4.42008051981068e-05,3.35e-05,5.49999999999999e-06,0.000192,"summary-fit-mplus-priors-diagnostics"
25,10,10,"cov(beta[2,1],beta[1,1])","BMLVAR",FALSE,50,50,0.00025036455,0.000104,0.00148703832693662,-0.002371,0.003745075,1.00160820284974,1381.92389775131,2869.74328557219,4.09504282854965e-05,2.9e-05,6.9e-05,0.000163,"summary-fit-mplus-priors-diagnostics"
25,10,10,"cov(beta[2,1],beta[2,1])","BMLVAR",FALSE,50,50,0.00277595395,0.002106,0.00213865652709344,0.000778,0.008539025,1.00125307994402,2067.15753264902,3531.9271401838,5.44107399950223e-05,4e-05,5.5e-06,0.0002325,"summary-fit-mplus-priors-diagnostics"
25,10,10,"cov(beta[1,2],beta[1,1])","BMLVAR",FALSE,50,50,-0.000406354225,-0.000234,0.00127475635550074,-0.003481075,0.001674025,1.00151827431475,1626.85634736937,3374.29728597494,3.2592844365837e-05,2.35e-05,0.00012,4.85e-05,"summary-fit-mplus-priors-diagnostics"
25,10,10,"cov(beta[1,2],beta[2,1])","BMLVAR",FALSE,50,50,-3.7856425e-05,-5e-06,0.00127738936924081,-0.002795025,0.002527025,1.00167593208884,1492.33831671875,3334.73183365646,3.32896779613456e-05,2.45e-05,9.5e-05,7.75e-05,"summary-fit-mplus-priors-diagnostics"
25,10,10,"cov(beta[1,2],beta[1,2])","BMLVAR",FALSE,50,50,0.002167077525,0.0017565,0.00140025115301959,0.000751,0.005918,1.00084611854584,2940.86601857459,4726.58304725531,2.81088863896828e-05,2.05e-05,3e-06,0.0001405,"summary-fit-mplus-priors-diagnostics"
25,10,10,"cov(beta[2,2],beta[1,1])","BMLVAR",FALSE,50,50,-0.00019787845,-0.000102,0.00136273992145976,-0.003273075,0.002356075,1.00151723214743,1369.38019112917,3095.82284388009,3.73776653639425e-05,2.65e-05,0.000118,7.9e-05,"summary-fit-mplus-priors-diagnostics"
25,10,10,"cov(beta[2,2],beta[2,1])","BMLVAR",FALSE,50,50,-0.000515088075,-0.000289,0.00150883307131747,-0.004184025,0.001886,1.00148161772934,1379.20943593072,2842.16251012238,4.14499273204106e-05,3e-05,0.0001605,5.7e-05,"summary-fit-mplus-priors-diagnostics"
25,10,10,"cov(beta[2,2],beta[1,2])","BMLVAR",FALSE,50,50,0.000224075525,0.000108,0.00120666746380789,-0.001897025,0.003069025,1.00143140208588,1595.78426815033,3376.24557190522,2.99715943594249e-05,2.4e-05,5.15e-05,0.0001045,"summary-fit-mplus-priors-diagnostics"
25,10,10,"cov(beta[2,2],beta[2,2])","BMLVAR",FALSE,50,50,0.0024568884,0.001925,0.00174123170192628,0.000768,0.00717105,1.00089252993128,2296.20894694498,3867.77090803152,4.00025470807873e-05,3e-05,5.49999999999997e-06,0.0001845,"summary-fit-mplus-priors-diagnostics"
25,10,10,"cov(mu[1,1],mu[1,1])","BMLVAR",FALSE,50,50,1.208490182525,1.174886,0.258836441952259,0.80132585,1.806144325,1.00000336637839,32734.3920955419,36841.9121182334,0.0014165918156143,0.0016295,0.00201,0.00626100000000003,"summary-fit-mplus-priors-diagnostics"
25,10,10,"cov(mu[2,1],mu[1,1])","BMLVAR",FALSE,50,50,0.40866335075,0.3930745,0.179311461417324,0.097570875,0.805254875,1.00001891108678,32245.2809801335,36831.1639673019,0.000994023975274356,0.001133,0.001991,0.00383050000000001,"summary-fit-mplus-priors-diagnostics"
25,10,10,"cov(mu[2,1],mu[2,1])","BMLVAR",FALSE,50,50,1.028448785875,0.9998365,0.223216181291981,0.676170575,1.544163975,1.00003546954002,31329.8848639156,36587.8097809837,0.00125279962923484,0.0014295,0.001822,0.00506700000000002,"summary-fit-mplus-priors-diagnostics"
26,10,10,"psi[1,1]","BMLVAR",TRUE,100,50,1.291678886975,1.2913435,0.0263383865787187,1.24110075,1.34430325,1.00005278062987,34786.8147310067,38561.8294278342,0.000141372797176024,0.000178500000000015,0.000349999999999995,0.000409000000000004,"summary-fit-mplus-diagnostics"
26,10,10,"psi[2,1]","BMLVAR",TRUE,100,50,0.564831582875,0.564589,0.0219874795611505,0.522410875,0.60855415,1.00003578079489,34467.5659212716,38327.3823243964,0.000118482807755028,0.000146000000000013,0.000297499999999992,0.000314500000000006,"summary-fit-mplus-diagnostics"
26,10,10,"psi[2,2]","BMLVAR",TRUE,100,50,1.55340600335,1.552954,0.0317672207849459,1.4924508,1.616905275,1.00005837783662,34083.7738402101,38107.7629061487,0.000172518697293516,0.00021150000000002,0.000414500000000007,0.000454999999999994,"summary-fit-mplus-diagnostics"
26,10,10,"mean(beta[1,1])","BMLVAR",TRUE,100,50,0.2770401668,0.2770665,0.0170767813913546,0.24327485,0.310477125,1.00111162572617,1815.36374790722,4691.47700275009,0.000404995800419015,0.000410500000000005,0.000595499999999999,0.000545999999999996,"summary-fit-mplus-diagnostics"
26,10,10,"mean(beta[2,1])","BMLVAR",TRUE,100,50,-0.0327209372,-0.0326635,0.0193037492990688,-0.0706883,0.00516917500000001,1.00100599662806,2586.58868557146,6918.0459269759,0.00040369748767428,0.00043,0.000571499999999999,0.000541,"summary-fit-mplus-diagnostics"
26,10,10,"mean(beta[1,2])","BMLVAR",TRUE,100,50,-0.0436214801,-0.043606,0.0156285782738408,-0.07428105,-0.012948825,1.0007003867949,2108.96715901752,5721.25336843254,0.000355260376253097,0.0003755,0.000499500000000001,0.0004785,"summary-fit-mplus-diagnostics"
26,10,10,"mean(beta[2,2])","BMLVAR",TRUE,100,50,0.256017522875,0.256083,0.0176994367454216,0.221044925,0.290517125,1.00119611412433,2372.62500307225,6004.56607137924,0.000373675106967667,0.000397000000000003,0.000513500000000001,0.0005445,"summary-fit-mplus-diagnostics"
26,10,10,"mean(mu[1,1])","BMLVAR",TRUE,100,50,2.85897942715,2.8589965,0.1132558569643,2.637057775,3.08208775,1.00002531677424,36707.467534801,38575.6021652587,0.000591117190652935,0.00073150000000004,0.00150199999999996,0.00146100000000002,"summary-fit-mplus-diagnostics"
26,10,10,"mean(mu[2,1])","BMLVAR",TRUE,100,50,2.0636823026,2.063555,0.109291261922014,1.8489552,2.278137375,1.00004788214047,36013.909712546,38075.3772203156,0.000575945460692367,0.00073850000000002,0.00157200000000001,0.00157750000000003,"summary-fit-mplus-diagnostics"
26,10,10,"cov(beta[1,1],beta[1,1])","BMLVAR",TRUE,100,50,0.005670425225,0.0051255,0.00306125865726661,0.001416,0.013058075,1.0022525069378,847.723775497439,1882.5120207464,9.82505667573459e-05,0.0001055,5e-05,0.0001865,"summary-fit-mplus-diagnostics"
26,10,10,"cov(beta[2,1],beta[1,1])","BMLVAR",TRUE,100,50,0.002466324725,0.0021855,0.00284226249342888,-0.00236905,0.008841025,1.00287003163714,796.157367722469,1764.2340692338,9.72432992958985e-05,9.8e-05,0.000123,0.0001495,"summary-fit-mplus-diagnostics"
26,10,10,"cov(beta[2,1],beta[2,1])","BMLVAR",TRUE,100,50,0.0092334604,0.008585,0.00445046388805885,0.002525975,0.0196271,1.00219450179183,859.213639537942,1312.2263554381,0.000138361752279529,0.0001475,0.000136,0.0002245,"summary-fit-mplus-diagnostics"
26,10,10,"cov(beta[1,2],beta[1,1])","BMLVAR",TRUE,100,50,-0.001629650375,-0.0014125,0.00216787625966968,-0.006502,0.002038,1.00249052752616,756.438856425693,1907.84679720903,7.63340365316447e-05,7.9e-05,0.0001275,9.05e-05,"summary-fit-mplus-diagnostics"
26,10,10,"cov(beta[1,2],beta[2,1])","BMLVAR",TRUE,100,50,-0.00089539465,-0.000798,0.00250072759289169,-0.006149025,0.003821,1.00161763730243,838.367236679679,2383.08402750255,8.5860741421978e-05,8.7e-05,0.000128,0.0001125,"summary-fit-mplus-diagnostics"
26,10,10,"cov(beta[1,2],beta[1,2])","BMLVAR",TRUE,100,50,0.00514022295,0.0046795,0.0026446314700769,0.001423975,0.011480025,1.00245433568198,1013.75648797359,2363.13765316712,7.90334456792276e-05,8.45e-05,4.4e-05,0.000155,"summary-fit-mplus-diagnostics"
26,10,10,"cov(beta[2,2],beta[1,1])","BMLVAR",TRUE,100,50,-0.0009383387,-0.000818,0.00247741593703929,-0.00620705,0.003658025,1.00281956352854,759.111186838218,2312.57865725431,8.90459650242713e-05,9e-05,0.0001405,0.0001165,"summary-fit-mplus-diagnostics"
26,10,10,"cov(beta[2,2],beta[2,1])","BMLVAR",TRUE,100,50,-0.00374397105,-0.003416,0.00314271428571886,-0.010795025,0.001488075,1.00226962221674,830.715820546587,1825.2886223711,0.000105030344122973,0.0001075,0.00015,0.000119,"summary-fit-mplus-diagnostics"
26,10,10,"cov(beta[2,2],beta[1,2])","BMLVAR",TRUE,100,50,0.0026728974,0.002401,0.00242090558680096,-0.001315075,0.008180075,1.00269744703659,842.337320793802,1710.50558921536,8.04020211990173e-05,8.35e-05,9.9e-05,0.00013,"summary-fit-mplus-diagnostics"
26,10,10,"cov(beta[2,2],beta[2,2])","BMLVAR",TRUE,100,50,0.007235138975,0.006666,0.00363979652572489,0.001897,0.015838025,1.00287208963826,894.816660549344,1553.93654330789,0.000113189146551404,0.000119,8.1e-05,0.000198,"summary-fit-mplus-diagnostics"
26,10,10,"cov(mu[1,1],mu[1,1])","BMLVAR",TRUE,100,50,1.2395818025,1.221424,0.191039468738301,0.918029625,1.66467265,1.00002790216564,33134.0811470505,37324.3256698389,0.00104710234221653,0.001238,0.0017535,0.00371499999999998,"summary-fit-mplus-diagnostics"
26,10,10,"cov(mu[2,1],mu[1,1])","BMLVAR",TRUE,100,50,0.4051556358,0.3970055,0.137522027371476,0.1569609,0.698681975,1.00002898708313,32985.9033864846,37583.0609700838,0.000756258050374466,0.000915000000000001,0.0016835,0.00239449999999998,"summary-fit-mplus-diagnostics"
26,10,10,"cov(mu[2,1],mu[2,1])","BMLVAR",TRUE,100,50,1.1377677685,1.1205025,0.177469748110221,0.839977575,1.5338814,1.000038594942,32436.5567922964,36962.8619942997,0.000981802344022567,0.00116999999999996,0.00155999999999999,0.003565,"summary-fit-mplus-diagnostics"
26,10,10,"psi[1,1]","BMLVAR",FALSE,100,50,1.293459196775,1.2931215,0.0263233182855654,1.242905575,1.346004275,1.00004115194368,36421.9981067091,38612.5309659984,0.000138037775217177,0.000173000000000023,0.000363500000000005,0.000385000000000002,"summary-fit-mplus-priors-diagnostics"
26,10,10,"psi[2,1]","BMLVAR",FALSE,100,50,0.56676410655,0.5665225,0.0219872870722081,0.5242027,0.610436225,1.00006400506783,35521.4419704288,38465.5020928045,0.000116747091081256,0.000144000000000011,0.000271000000000005,0.000316999999999995,"summary-fit-mplus-priors-diagnostics"
26,10,10,"psi[2,2]","BMLVAR",FALSE,100,50,1.557820575075,1.557282,0.0317533243020567,1.4968487,1.6212073,1.00005732895123,35243.0182507797,38057.3752961242,0.000169747692143371,0.00021150000000002,0.000435000000000019,0.000479000000000007,"summary-fit-mplus-priors-diagnostics"
26,10,10,"mean(beta[1,1])","BMLVAR",FALSE,100,50,0.277803474025,0.2777675,0.0158561184943735,0.24681985,0.309000175,1.00303193219434,919.6846720723,2072.9180243927,0.000527249945804668,0.000538000000000005,0.000789000000000001,0.000839999999999999,"summary-fit-mplus-priors-diagnostics"
26,10,10,"mean(beta[2,1])","BMLVAR",FALSE,100,50,-0.0332945691,-0.0333205,0.0171138487719792,-0.066781175,0.000357150000000009,1.00243296995305,955.544688856889,2367.88963307477,0.000560342981405653,0.0005765,0.000859999999999999,0.0008585,"summary-fit-mplus-priors-diagnostics"
26,10,10,"mean(beta[1,2])","BMLVAR",FALSE,100,50,-0.042908806225,-0.0428765,0.0145525505513435,-0.07156915,-0.0144218,1.00206224544974,1105.6102390532,2723.03129336744,0.000439222855510731,0.0004625,0.000622499999999999,0.000646,"summary-fit-mplus-priors-diagnostics"
26,10,10,"mean(beta[2,2])","BMLVAR",FALSE,100,50,0.257921548675,0.257902,0.0160220997080375,0.2265489,0.2893082,1.00198875116814,1047.88727305911,2436.98220978089,0.000496667390197447,0.000516999999999999,0.000733499999999998,0.000743500000000003,"summary-fit-mplus-priors-diagnostics"
26,10,10,"mean(mu[1,1])","BMLVAR",FALSE,100,50,2.85699263955,2.857122,0.110129625806397,2.640427725,3.073450675,1.00000121253254,37040.4209621104,38411.9113169386,0.000572066122689925,0.000705499999999981,0.00151500000000002,0.00152000000000001,"summary-fit-mplus-priors-diagnostics"
26,10,10,"mean(mu[2,1])","BMLVAR",FALSE,100,50,2.06186231945,2.0619585,0.106196498331653,1.852913125,2.270318,1.00001441184085,35960.8682378893,37958.5970834898,0.000560016114168603,0.000676500000000002,0.001513,0.00144800000000003,"summary-fit-mplus-priors-diagnostics"
26,10,10,"cov(beta[1,1],beta[1,1])","BMLVAR",FALSE,100,50,0.00192091715,0.001621,0.00104597935951267,0.000815,0.004727025,1.00065470514495,1852.93310883482,2895.16124918075,2.61660212153313e-05,2.1e-05,3e-06,0.0001125,"summary-fit-mplus-priors-diagnostics"
26,10,10,"cov(beta[2,1],beta[1,1])","BMLVAR",FALSE,100,50,0.000202801425,0.00011,0.00105338474073454,-0.001646,0.00265,1.00216442576302,865.612039571346,1862.43704987266,3.68029279976468e-05,2.85e-05,5.5e-05,0.00012,"summary-fit-mplus-priors-diagnostics"
26,10,10,"cov(beta[2,1],beta[2,1])","BMLVAR",FALSE,100,50,0.002496802225,0.001994,0.0016460609396279,0.000852,0.006952075,1.00144123391781,1301.97792488943,2127.35727047409,5.36056560931292e-05,4.45e-05,5e-06,0.0002175,"summary-fit-mplus-priors-diagnostics"
26,10,10,"cov(beta[1,2],beta[1,1])","BMLVAR",FALSE,100,50,-0.00018707855,-0.000118,0.000842756315760094,-0.00211105,0.001331,1.00313469596418,1010.00970046286,2227.4196997134,2.66755398784505e-05,2.3e-05,7.85e-05,4.15e-05,"summary-fit-mplus-priors-diagnostics"
26,10,10,"cov(beta[1,2],beta[2,1])","BMLVAR",FALSE,100,50,1.4819725e-05,2.7e-05,0.00100246231787805,-0.00208605,0.002027025,1.0018399056872,904.857293675983,2019.45261602516,3.36465671718095e-05,2.7e-05,9e-05,6.85e-05,"summary-fit-mplus-priors-diagnostics"
26,10,10,"cov(beta[1,2],beta[1,2])","BMLVAR",FALSE,100,50,0.0018809852,0.001594,0.00100624451562706,0.00081,0.004579025,1.00177322793097,1802.70487683708,2896.87338096424,2.59564936637013e-05,1.9e-05,4e-06,0.000111,"summary-fit-mplus-priors-diagnostics"
26,10,10,"cov(beta[2,2],beta[1,1])","BMLVAR",FALSE,100,50,3.9775275e-05,4.5e-05,0.000933674499178964,-0.00192905,0.001926,1.00299537487524,917.378865912962,1995.0792769139,3.06171444647351e-05,2.4e-05,8.5e-05,6.2e-05,"summary-fit-mplus-priors-diagnostics"
26,10,10,"cov(beta[2,2],beta[2,1])","BMLVAR",FALSE,100,50,-0.000530223175,-0.000353,0.00119632927762798,-0.003404025,0.001374025,1.00187475034456,819.344014412168,1878.44719960323,4.29763661580354e-05,3.45e-05,0.000129,5.2e-05,"summary-fit-mplus-priors-diagnostics"
26,10,10,"cov(beta[2,2],beta[1,2])","BMLVAR",FALSE,100,50,0.000394927925,0.000273,0.000939152833888683,-0.001139,0.002651,1.0018420965704,988.537865221098,2076.87626343183,3.02613053467875e-05,2.6e-05,3.9e-05,0.0001005,"summary-fit-mplus-priors-diagnostics"
26,10,10,"cov(beta[2,2],beta[2,2])","BMLVAR",FALSE,100,50,0.002155726575,0.001761,0.00131424872319238,0.000828,0.00569810000000001,1.00146344901353,1443.29632719231,2402.12914846871,3.80873556461788e-05,2.95e-05,4e-06,0.0001705,"summary-fit-mplus-priors-diagnostics"
26,10,10,"cov(mu[1,1],mu[1,1])","BMLVAR",FALSE,100,50,1.169773188575,1.154063,0.174463509614924,0.873843975,1.55615185,1.00001882291715,33370.1632522548,37601.8395125497,0.000951981817405208,0.00109049999999998,0.0016205,0.00343900000000003,"summary-fit-mplus-priors-diagnostics"
26,10,10,"cov(mu[2,1],mu[1,1])","BMLVAR",FALSE,100,50,0.378463931625,0.371285,0.125304102650492,0.151693875,0.645767175,1.00003544240013,32949.4478410251,37512.1286110672,0.000689067110999652,0.000809499999999996,0.001532,0.0022325,"summary-fit-mplus-priors-diagnostics"
26,10,10,"cov(mu[2,1],mu[2,1])","BMLVAR",FALSE,100,50,1.073506776675,1.0583705,0.162004204189807,0.799568575,1.434040625,1.00003465367656,32171.5182724783,36976.5715226528,0.000899737814401815,0.001053,0.00154299999999999,0.00300450000000001,"summary-fit-mplus-priors-diagnostics"
27,10,10,"psi[1,1]","BMLVAR",TRUE,200,50,1.294232889675,1.294031,0.0186321418521999,1.2583287,1.331330325,1.0000241013681,34302.9466334412,38364.2889154391,0.000100605927359903,0.000119499999999995,0.00025599999999999,0.000280499999999995,"summary-fit-mplus-diagnostics"
27,10,10,"psi[2,1]","BMLVAR",TRUE,200,50,0.563442518525,0.563345,0.0155430878555793,0.5333098,0.5941661,1.00004541113621,32947.1801304658,38188.2285937622,8.57098512326762e-05,0.000101999999999997,0.000216,0.000217500000000004,"summary-fit-mplus-diagnostics"
27,10,10,"psi[2,2]","BMLVAR",TRUE,200,50,1.550920113175,1.5507425,0.02235546880922,1.507731825,1.5952763,1.00005481873068,33772.097980288,38973.4962325255,0.000121927307417448,0.000158499999999995,0.00029499999999999,0.000297999999999987,"summary-fit-mplus-diagnostics"
27,10,10,"mean(beta[1,1])","BMLVAR",TRUE,200,50,0.281096104975,0.2810995,0.0117959508239485,0.2580029,0.304127175,1.00158630487748,1245.22285686337,3205.61710736191,0.000339941632232216,0.000355000000000004,0.000457999999999997,0.000487999999999997,"summary-fit-mplus-diagnostics"
27,10,10,"mean(beta[2,1])","BMLVAR",TRUE,200,50,-0.033016882975,-0.032998,0.0128030027092925,-0.058274225,-0.00800874999999998,1.00132711531655,1531.02955965902,3577.13288110152,0.000331507766557513,0.000337999999999999,0.0005395,0.000521,"summary-fit-mplus-diagnostics"
27,10,10,"mean(beta[1,2])","BMLVAR",TRUE,200,50,-0.0523920241,-0.052399,0.0106144641091827,-0.073202075,-0.03160785,1.00118055206483,1644.4034548538,4047.60735024421,0.000266892266671034,0.000272500000000001,0.0004015,0.000386,"summary-fit-mplus-diagnostics"
27,10,10,"mean(beta[2,2])","BMLVAR",TRUE,200,50,0.256015861925,0.256016,0.0117264276636497,0.232997825,0.2789391,1.00149251177065,1315.5274110903,3238.76943142136,0.00032947866592698,0.000334499999999999,0.000454000000000002,0.00047,"summary-fit-mplus-diagnostics"
27,10,10,"mean(mu[1,1])","BMLVAR",TRUE,200,50,2.89191976845,2.8918835,0.0804787880059849,2.734045325,3.049311025,1.00001757948228,36504.7443233815,38382.4946852308,0.00042112956705387,0.000514499999999996,0.00108550000000005,0.00109900000000001,"summary-fit-mplus-diagnostics"
27,10,10,"mean(mu[2,1])","BMLVAR",TRUE,200,50,2.057008252275,2.056999,0.0762334820906481,1.90770995,2.206591375,1.00004665937706,36221.6816048972,38361.6293915692,0.000400565942386052,0.000495499999999993,0.0011135,0.00105599999999999,"summary-fit-mplus-diagnostics"
27,10,10,"cov(beta[1,1],beta[1,1])","BMLVAR",TRUE,200,50,0.0037818356,0.0034825,0.00182192432233598,0.001197,0.008129,1.00417510192772,611.442277896451,1606.89761160136,7.15459334311602e-05,8e-05,3e-05,0.0001335,"summary-fit-mplus-diagnostics"
27,10,10,"cov(beta[2,1],beta[1,1])","BMLVAR",TRUE,200,50,0.001318000525,0.001168,0.00161341763877648,-0.001431,0.00489805,1.00557238130363,453.466897109629,1115.59828719577,7.46786106397052e-05,7.65e-05,8.55e-05,0.000107,"summary-fit-mplus-diagnostics"
27,10,10,"cov(beta[2,1],beta[2,1])","BMLVAR",TRUE,200,50,0.00503303505,0.004677,0.00236631596894187,0.001537,0.01057705,1.00624119767898,508.53179413294,1215.45428251237,0.000103641794193358,0.0001125,6.15e-05,0.0001665,"summary-fit-mplus-diagnostics"
27,10,10,"cov(beta[1,2],beta[1,1])","BMLVAR",TRUE,200,50,-0.001369006725,-0.001241,0.00136161299927412,-0.00438305,0.000954,1.00395789330531,503.52646073479,1005.43234388736,5.93183193940197e-05,6.3e-05,9.35000000000001e-05,7.85e-05,"summary-fit-mplus-diagnostics"
27,10,10,"cov(beta[1,2],beta[2,1])","BMLVAR",TRUE,200,50,-0.000676412725,-0.000625,0.00145553482963076,-0.00370505,0.002045025,1.00396923346425,501.83349345928,1281.05354728261,6.47422840368054e-05,6.75e-05,9.1e-05,8.65e-05,"summary-fit-mplus-diagnostics"
27,10,10,"cov(beta[1,2],beta[1,2])","BMLVAR",TRUE,200,50,0.0035547698,0.003302,0.00163870678466091,0.001178,0.00739205,1.0030780346015,676.138025115175,1813.82827254566,6.08383429239543e-05,6.8e-05,2.9e-05,0.0001075,"summary-fit-mplus-diagnostics"
27,10,10,"cov(beta[2,2],beta[1,1])","BMLVAR",TRUE,200,50,-0.0001500156,-0.000116,0.00138554786355284,-0.00300305,0.002514025,1.00557970755966,435.594029472442,1175.64847713485,6.62807842220581e-05,6.95e-05,9.1e-05,9.15e-05,"summary-fit-mplus-diagnostics"
27,10,10,"cov(beta[2,2],beta[2,1])","BMLVAR",TRUE,200,50,-0.00140509275,-0.001262,0.0016143321825642,-0.004956,0.001352025,1.00571903636663,438.226298626335,1105.2222730943,7.82702170127449e-05,8.35e-05,0.0001065,8.55e-05,"summary-fit-mplus-diagnostics"
27,10,10,"cov(beta[2,2],beta[1,2])","BMLVAR",TRUE,200,50,0.00123655395,0.001115,0.00135335796897257,-0.001074,0.004237025,1.00412757854231,499.982702521131,1241.8054030675,5.94900162789905e-05,6.2e-05,6.65e-05,9.75e-05,"summary-fit-mplus-diagnostics"
27,10,10,"cov(beta[2,2],beta[2,2])","BMLVAR",TRUE,200,50,0.003748429425,0.003433,0.00181461233119076,0.001205,0.00809,1.00531502061912,534.622055582718,1539.52440745068,7.59419694109824e-05,8.15000000000001e-05,2.9e-05,0.0001315,"summary-fit-mplus-diagnostics"
27,10,10,"cov(mu[1,1],mu[1,1])","BMLVAR",TRUE,200,50,1.254697471575,1.2454105,0.133584781404875,1.01913785,1.541222,1.00001703109763,33498.9590719594,37725.423112837,0.000728313254682212,0.000899000000000016,0.001377,0.00232849999999999,"summary-fit-mplus-diagnostics"
27,10,10,"cov(mu[2,1],mu[1,1])","BMLVAR",TRUE,200,50,0.5020962713,0.4973965,0.0968636026477592,0.325763275,0.705787,1.00004232600092,33343.2989910725,37713.9957890649,0.000529890170582147,0.0006415,0.0011475,0.00165800000000001,"summary-fit-mplus-diagnostics"
27,10,10,"cov(mu[2,1],mu[2,1])","BMLVAR",TRUE,200,50,1.116074060575,1.1082995,0.120025925135366,0.904177775,1.374206725,1.0000361373845,32554.1024216597,37355.2169020067,0.000663859571173261,0.000816500000000014,0.0011955,0.00217199999999997,"summary-fit-mplus-diagnostics"
27,10,10,"psi[1,1]","BMLVAR",FALSE,200,50,1.29586616685,1.295659,0.0186304181043857,1.2599858,1.332925075,1.00002362332241,35924.6221883282,38724.0877189835,9.83551908102783e-05,0.000122,0.000239000000000023,0.000254500000000024,"summary-fit-mplus-priors-diagnostics"
27,10,10,"psi[2,1]","BMLVAR",FALSE,200,50,0.564706842975,0.564603,0.0155207482252872,0.534533825,0.59537515,1.00003645789806,35588.8032273813,38851.2781641055,8.23278814853874e-05,0.000105499999999986,0.000195999999999996,0.000209000000000015,"summary-fit-mplus-priors-diagnostics"
27,10,10,"psi[2,2]","BMLVAR",FALSE,200,50,1.553316475875,1.5530945,0.0223218354728861,1.5101368,1.5975313,1.000033801534,36744.0832387979,38861.8236007148,0.000116499861409237,0.000149499999999991,0.000289499999999998,0.000310999999999983,"summary-fit-mplus-priors-diagnostics"
27,10,10,"mean(beta[1,1])","BMLVAR",FALSE,200,50,0.281641632875,0.2815995,0.0112762449245367,0.2596489,0.303744125,1.00304555607443,866.743985529892,1986.61043409554,0.000386519499886257,0.000395000000000004,0.000539500000000002,0.000631000000000004,"summary-fit-mplus-priors-diagnostics"
27,10,10,"mean(beta[2,1])","BMLVAR",FALSE,200,50,-0.033198018025,-0.033186,0.0121492343735865,-0.056965125,-0.00930689999999999,1.00245087211461,799.317191652051,1894.49369291807,0.000431184381335136,0.0004395,0.000647500000000001,0.00066,"summary-fit-mplus-priors-diagnostics"
27,10,10,"mean(beta[1,2])","BMLVAR",FALSE,200,50,-0.05217775905,-0.052159,0.0101624725443143,-0.072124125,-0.032237975,1.0026279362445,1026.42978644982,2404.77366140591,0.00031968591345302,0.000333,0.000464000000000001,0.000483,"summary-fit-mplus-priors-diagnostics"
27,10,10,"mean(beta[2,2])","BMLVAR",FALSE,200,50,0.256938234925,0.256977,0.0112647370752183,0.23466575,0.278950125,1.00313432039823,843.22553643893,1928.86890746858,0.000390754329668644,0.000402000000000004,6e-04,0.000580499999999996,"summary-fit-mplus-priors-diagnostics"
27,10,10,"mean(mu[1,1])","BMLVAR",FALSE,200,50,2.890796148125,2.8908385,0.0794209291607884,2.735089475,3.046579875,1.00000513099211,36528.7590250116,38327.1212475818,0.000415545535678303,0.000525000000000042,0.00106399999999998,0.00106299999999999,"summary-fit-mplus-priors-diagnostics"
27,10,10,"mean(mu[2,1])","BMLVAR",FALSE,200,50,2.056060784175,2.056009,0.0752904989715858,1.9086108,2.20370505,1.00003033182085,36174.669043791,38249.3026384402,0.000395750386173871,0.000490000000000035,0.00104350000000002,0.00102199999999999,"summary-fit-mplus-priors-diagnostics"
27,10,10,"cov(beta[1,1],beta[1,1])","BMLVAR",FALSE,200,50,0.001728851325,0.001504,0.000791669315840233,0.000869,0.003837025,1.00243234301665,1200.7903969247,1823.33803236468,2.54385639546765e-05,2e-05,4e-06,0.000101,"summary-fit-mplus-priors-diagnostics"
27,10,10,"cov(beta[2,1],beta[1,1])","BMLVAR",FALSE,200,50,0.00013909485,8.1e-05,0.000747529610728028,-0.001186025,0.001825,1.00414306501557,633.729682944448,1325.83764243769,3.01299650285771e-05,2.65e-05,3.85e-05,8.9e-05,"summary-fit-mplus-priors-diagnostics"
27,10,10,"cov(beta[2,1],beta[2,1])","BMLVAR",FALSE,200,50,0.00201198975,0.001726,0.00103036523784451,0.000892,0.004738,1.00411067303798,1036.74008597442,1653.93777136289,3.72334694025257e-05,3.1e-05,4.99999999999998e-06,0.0001385,"summary-fit-mplus-priors-diagnostics"
27,10,10,"cov(beta[1,2],beta[1,1])","BMLVAR",FALSE,200,50,-0.000313706025,-0.0002435,0.000690105001836975,-0.001905,0.000862,1.00276207277757,679.085702858187,1489.20050085005,2.69847575254202e-05,2.3e-05,7.85000000000001e-05,3.45e-05,"summary-fit-mplus-priors-diagnostics"
27,10,10,"cov(beta[1,2],beta[2,1])","BMLVAR",FALSE,200,50,-3.77666e-05,-1.25e-05,0.000751034730258018,-0.001628,0.001399,1.00467021907954,609.384759601478,1306.80672245734,3.07867114988286e-05,2.65e-05,7.55e-05,5.55e-05,"summary-fit-mplus-priors-diagnostics"
27,10,10,"cov(beta[1,2],beta[1,2])","BMLVAR",FALSE,200,50,0.00174713135,0.001535,0.000778438502021716,0.000872,0.00378405,1.0020024723577,1224.97366231567,2137.40130840071,2.45011254221499e-05,2.15e-05,3.49999999999999e-06,9.05e-05,"summary-fit-mplus-priors-diagnostics"
27,10,10,"cov(beta[2,2],beta[1,1])","BMLVAR",FALSE,200,50,0.0001081181,0.000104,0.000667788385231698,-0.001245,0.001479,1.00517924305243,644.796676769049,1412.02116936032,2.60895435794949e-05,2.45e-05,6e-05,4.9e-05,"summary-fit-mplus-priors-diagnostics"
27,10,10,"cov(beta[2,2],beta[2,1])","BMLVAR",FALSE,200,50,-0.00020422555,-0.000137,0.000755867424063144,-0.001943,0.001124,1.00584059551785,594.47539610805,1331.51335759782,3.184964903117e-05,2.7e-05,8.6e-05,4.1e-05,"summary-fit-mplus-priors-diagnostics"
27,10,10,"cov(beta[2,2],beta[1,2])","BMLVAR",FALSE,200,50,0.000242650075,0.000176,0.000674912968604062,-0.000923,0.001788025,1.00340954564642,677.255305953051,1506.37181227034,2.60047078747035e-05,2.45e-05,3.2e-05,7.15e-05,"summary-fit-mplus-priors-diagnostics"
27,10,10,"cov(beta[2,2],beta[2,2])","BMLVAR",FALSE,200,50,0.0017225972,0.001507,0.000775795773555747,0.00087,0.003775,1.00149398288859,1251.45341505041,1980.80641951091,2.40493085293171e-05,1.95e-05,4e-06,9.79999999999999e-05,"summary-fit-mplus-priors-diagnostics"
27,10,10,"cov(mu[1,1],mu[1,1])","BMLVAR",FALSE,200,50,1.219074418175,1.210522,0.127525698693747,0.993664075,1.49222475,1.00002872245167,33756.1893269185,37828.0370355098,0.000692444750831089,0.000861499999999998,0.001334,0.00224200000000001,"summary-fit-mplus-priors-diagnostics"
27,10,10,"cov(mu[2,1],mu[1,1])","BMLVAR",FALSE,200,50,0.485730379925,0.4812665,0.0924791981207823,0.317048025,0.6803668,1.00002165141989,33307.6641532027,37552.5394070948,0.000505839631029666,0.000600500000000001,0.001164,0.0016155,"summary-fit-mplus-priors-diagnostics"
27,10,10,"cov(mu[2,1],mu[2,1])","BMLVAR",FALSE,200,50,1.084623759475,1.0770895,0.114864843970236,0.88123115,1.33058345,1.0000189164179,32476.1108090232,37120.8409050262,0.000635732533638545,0.000767499999999993,0.00120899999999999,0.0020855,"summary-fit-mplus-priors-diagnostics"
28,10,10,"psi[1,1]","BMLVAR",TRUE,50,100,1.3039464587,1.3035565,0.0263634110687015,1.253216775,1.356498375,1.00003363754521,37908.6719174315,38938.2753466,0.00013544204026456,0.000167999999999979,0.000356500000000004,0.00036449999999999,"summary-fit-mplus-diagnostics"
28,10,10,"psi[2,1]","BMLVAR",TRUE,50,100,0.57362533825,0.5734415,0.0219894806628027,0.531059875,0.6171512,1.0000210009146,37632.3940795868,38731.7303177825,0.00011335165845528,0.000144499999999986,0.000292499999999996,0.0002965,"summary-fit-mplus-diagnostics"
28,10,10,"psi[2,2]","BMLVAR",TRUE,50,100,1.560664320725,1.5602665,0.0315617163849591,1.4998927,1.6235974,1.00001066307878,38024.5154003867,38788.2043745025,0.000161928620622274,0.000208999999999993,0.000412499999999982,0.000449500000000025,"summary-fit-mplus-diagnostics"
28,10,10,"mean(beta[1,1])","BMLVAR",TRUE,50,100,0.2835895574,0.2836235,0.0184298320792703,0.24709875,0.319681075,1.00063937733775,3830.07760748422,9700.85410086619,0.000303262719993179,0.000324000000000002,0.000448499999999999,0.000461000000000003,"summary-fit-mplus-diagnostics"
28,10,10,"mean(beta[2,1])","BMLVAR",TRUE,50,100,-0.02224284275,-0.022223,0.0201016675301223,-0.06173325,0.0172633,1.00058333380403,4032.22515502857,10110.567788125,0.000324540540867573,0.000356,0.000483499999999999,0.000502,"summary-fit-mplus-diagnostics"
28,10,10,"mean(beta[1,2])","BMLVAR",TRUE,50,100,-0.04518623315,-0.04521,0.0169938597694505,-0.0786623,-0.0118518,1.00044470872354,4650.22284173247,10762.7583393001,0.000256408876222591,0.000268999999999999,0.0004235,0.000403,"summary-fit-mplus-diagnostics"
28,10,10,"mean(beta[2,2])","BMLVAR",TRUE,50,100,0.2628177397,0.2628625,0.0194157621519456,0.224481825,0.300778225,1.00057618624954,5024.2059500287,12288.9470085132,0.000283324293790744,0.000295500000000004,0.000465999999999997,0.000439500000000001,"summary-fit-mplus-diagnostics"
28,10,10,"mean(mu[1,1])","BMLVAR",TRUE,50,100,2.8891016951,2.889195,0.174219836234311,2.54597635,3.23253725,1.00001408350852,38471.9317090254,38446.7315844165,0.000888239357388401,0.00109049999999999,0.00257950000000002,0.00252400000000001,"summary-fit-mplus-diagnostics"
28,10,10,"mean(mu[2,1])","BMLVAR",TRUE,50,100,2.074266642075,2.074297,0.160141383281906,1.759749975,2.3898312,1.00000729263086,37881.3548111466,38412.0733236142,0.000822560733613629,0.000985000000000003,0.00236649999999998,0.0022815,"summary-fit-mplus-diagnostics"
28,10,10,"cov(beta[1,1],beta[1,1])","BMLVAR",TRUE,50,100,0.005599327875,0.005015,0.00306078554093819,0.001436,0.013056025,1.00110291040874,2034.38060638267,4017.93799636774,6.25680073560608e-05,6.65e-05,4.05e-05,0.0001395,"summary-fit-mplus-diagnostics"
28,10,10,"cov(beta[2,1],beta[1,1])","BMLVAR",TRUE,50,100,0.002805141025,0.002461,0.00262638717445164,-0.001399075,0.008910075,1.00116112212933,1687.80259420894,3569.16075472721,6.03533034935558e-05,6.05e-05,7.65e-05,0.000109,"summary-fit-mplus-diagnostics"
28,10,10,"cov(beta[2,1],beta[2,1])","BMLVAR",TRUE,50,100,0.006721491325,0.006026,0.00370994921689039,0.001675,0.01580805,1.00092876747185,1808.49574440955,3706.79469408875,8.03845889259862e-05,8.3e-05,4.75e-05,0.0001695,"summary-fit-mplus-diagnostics"
28,10,10,"cov(beta[1,2],beta[1,1])","BMLVAR",TRUE,50,100,-0.0018751838,-0.001625,0.00220281973384111,-0.006921025,0.001772025,1.00116841671182,1835.34866852896,4346.68901297917,4.86947348923531e-05,4.9e-05,9.60000000000001e-05,6.05e-05,"summary-fit-mplus-diagnostics"
28,10,10,"cov(beta[1,2],beta[2,1])","BMLVAR",TRUE,50,100,-0.001228655725,-0.001101,0.00231142750896581,-0.006229025,0.003034025,1.00090245266639,1815.32665996328,4804.53711915306,5.26188930848254e-05,5.3e-05,9.3e-05,8.05e-05,"summary-fit-mplus-diagnostics"
28,10,10,"cov(beta[1,2],beta[1,2])","BMLVAR",TRUE,50,100,0.005041733125,0.0045265,0.00271479478492865,0.001377975,0.011699075,1.00092606327181,2332.97611946357,4884.53457826416,5.22950667176824e-05,5.25e-05,2.9e-05,0.0001175,"summary-fit-mplus-diagnostics"
28,10,10,"cov(beta[2,2],beta[1,1])","BMLVAR",TRUE,50,100,-0.000464764175,-0.00037,0.00245688661577657,-0.005654,0.004201025,1.00168363951343,1762.01550164272,5276.59976287651,5.71435434369803e-05,5.75e-05,9.29999999999999e-05,8.25e-05,"summary-fit-mplus-diagnostics"
28,10,10,"cov(beta[2,2],beta[2,1])","BMLVAR",TRUE,50,100,-0.003046180925,-0.002696,0.00288290019392744,-0.009701075,0.00164,1.00169692467776,1823.70222557723,3778.59411589182,6.39863853201895e-05,6.45e-05,0.000113,8e-05,"summary-fit-mplus-diagnostics"
28,10,10,"cov(beta[2,2],beta[1,2])","BMLVAR",TRUE,50,100,0.00225242625,0.001977,0.00241398732797114,-0.001742,0.007789025,1.0014557326566,1912.7554825328,4764.69101619406,5.26957524694889e-05,5.25e-05,6.4e-05,9.60000000000001e-05,"summary-fit-mplus-diagnostics"
28,10,10,"cov(beta[2,2],beta[2,2])","BMLVAR",TRUE,50,100,0.0072066296,0.006561,0.00371202241280375,0.001970975,0.01616515,1.00100815610058,2110.21570894492,3652.973584034,7.29590765515589e-05,7.65e-05,5.55e-05,0.0001485,"summary-fit-mplus-diagnostics"
28,10,10,"cov(mu[1,1],mu[1,1])","BMLVAR",TRUE,50,100,1.4868222954,1.441188,0.334255293338179,0.969986075,2.2674061,1.00001068217375,35490.6027006179,38219.5861720927,0.00176930820304432,0.00203900000000001,0.00254749999999999,0.00790149999999998,"summary-fit-mplus-diagnostics"
28,10,10,"cov(mu[2,1],mu[1,1])","BMLVAR",TRUE,50,100,0.529741946775,0.5079865,0.23171931282909,0.13607905,1.05066885,1.00002226070713,35134.2120245577,38346.0141016354,0.00123381203181247,0.001402,0.0026515,0.00498200000000001,"summary-fit-mplus-diagnostics"
28,10,10,"cov(mu[2,1],mu[2,1])","BMLVAR",TRUE,50,100,1.2612050869,1.222059,0.28556557131063,0.819139,1.9298161,1.00005393815001,34767.2802510142,37887.8939872149,0.00152582523413597,0.00175699999999999,0.002183,0.00651400000000003,"summary-fit-mplus-diagnostics"
28,10,10,"psi[1,1]","BMLVAR",FALSE,50,100,1.304623480125,1.304269,0.0263568585084264,1.2539097,1.357139325,1.00002614004593,38080.0776696795,39071.5316153235,0.000135181579762004,0.000170500000000007,0.000363499999999994,0.000387499999999996,"summary-fit-mplus-priors-diagnostics"
28,10,10,"psi[2,1]","BMLVAR",FALSE,50,100,0.57465205805,0.57448,0.0219371243066278,0.532267775,0.618114175,1.00001435655845,37713.0096536553,39068.200584715,0.000112990325914619,0.000139000000000006,0.000287500000000007,0.000310000000000005,"summary-fit-mplus-priors-diagnostics"
28,10,10,"psi[2,2]","BMLVAR",FALSE,50,100,1.561981301925,1.561551,0.0315065218602179,1.501509575,1.62482335,1.00002765168209,38238.0541942301,38662.2881521952,0.000161108410638689,0.000207999999999997,0.000418499999999988,0.000460499999999986,"summary-fit-mplus-priors-diagnostics"
28,10,10,"mean(beta[1,1])","BMLVAR",FALSE,50,100,0.2843428121,0.2843265,0.0162744465353939,0.25248075,0.316353175,1.00107374073872,1832.27388919355,4342.97418242865,0.0003812298407289,0.000397499999999998,0.000532999999999999,0.000593000000000002,"summary-fit-mplus-priors-diagnostics"
28,10,10,"mean(beta[2,1])","BMLVAR",FALSE,50,100,-0.022462669475,-0.0224385,0.0173223220529511,-0.05648915,0.0113352,1.00112269214506,1639.89749448358,3697.40762691688,0.000432023916597254,0.0004595,0.000686000000000001,0.000668,"summary-fit-mplus-priors-diagnostics"
28,10,10,"mean(beta[1,2])","BMLVAR",FALSE,50,100,-0.04481131235,-0.0447285,0.0149349839368981,-0.0742901,-0.0157549,1.00117484645327,2078.61866561996,4920.05952314278,0.000329777768502776,0.000350000000000001,0.000514000000000001,0.0004885,"summary-fit-mplus-priors-diagnostics"
28,10,10,"mean(beta[2,2])","BMLVAR",FALSE,50,100,0.264253118375,0.2643295,0.0164615049971103,0.231802725,0.296475125,1.001310104104,2032.59841022784,4609.31638427562,0.000369517790984575,0.000391500000000003,0.000576,0.000589999999999999,"summary-fit-mplus-priors-diagnostics"
28,10,10,"mean(mu[1,1])","BMLVAR",FALSE,50,100,2.885684263325,2.88542,0.163960842659235,2.5625806,3.208671225,1.00003369750233,38082.5115833008,38460.4035129832,0.000840356419252287,0.0010095,0.0024475,0.00239100000000001,"summary-fit-mplus-priors-diagnostics"
28,10,10,"mean(mu[2,1])","BMLVAR",FALSE,50,100,2.071494096925,2.0714055,0.15126188642808,1.774705075,2.368371025,1.00001179401911,37768.9492247044,38518.9305466678,0.000778110229236753,0.00096400000000002,0.00205400000000002,0.00220799999999997,"summary-fit-mplus-priors-diagnostics"
28,10,10,"cov(beta[1,1],beta[1,1])","BMLVAR",FALSE,50,100,0.001853281675,0.001577,0.00102727110380698,0.00072,0.00458,1.0006094323542,3825.68292848493,6090.7337480551,1.84236409793577e-05,1.45e-05,3.49999999999999e-06,8.10000000000001e-05,"summary-fit-mplus-priors-diagnostics"
28,10,10,"cov(beta[2,1],beta[1,1])","BMLVAR",FALSE,50,100,0.000407366775,0.000289,0.00088322246920326,-0.001028025,0.002532025,1.00083412070594,2103.04609672784,4595.15450362494,1.93792508964794e-05,1.65e-05,2.65e-05,6.4e-05,"summary-fit-mplus-priors-diagnostics"
28,10,10,"cov(beta[2,1],beta[2,1])","BMLVAR",FALSE,50,100,0.0019274472,0.001597,0.00114291266730611,0.000724,0.004978075,1.00078300170218,3311.41775563409,5181.07496913102,2.23677432194018e-05,1.75e-05,4.5e-06,0.000101,"summary-fit-mplus-priors-diagnostics"
28,10,10,"cov(beta[1,2],beta[1,1])","BMLVAR",FALSE,50,100,-0.000248626575,-0.0001745,0.000799129789536948,-0.00209005,0.00114505,1.00083072517419,2310.82026405837,5077.15910143574,1.66314613784646e-05,1.4e-05,5.15e-05,2.65e-05,"summary-fit-mplus-priors-diagnostics"
28,10,10,"cov(beta[1,2],beta[2,1])","BMLVAR",FALSE,50,100,-8.4461275e-05,-4.7e-05,0.000828265779810905,-0.001881,0.001505,1.00102868912604,2093.71613493033,4736.73860394267,1.81468242412226e-05,1.55e-05,5.15e-05,3.65e-05,"summary-fit-mplus-priors-diagnostics"
28,10,10,"cov(beta[1,2],beta[1,2])","BMLVAR",FALSE,50,100,0.001801817025,0.001546,0.00095738858504662,0.000716975000000001,0.004325025,1.0003726733221,4130.8715321398,6904.25504685556,1.64108809521184e-05,1.4e-05,3.5e-06,6.6e-05,"summary-fit-mplus-priors-diagnostics"
28,10,10,"cov(beta[2,2],beta[1,1])","BMLVAR",FALSE,50,100,0.00015033775,0.000143,0.000905648795119744,-0.001696,0.002014,1.00110624439664,2091.80742062118,4386.29942855659,1.97891424816382e-05,1.8e-05,5.15e-05,3.95e-05,"summary-fit-mplus-priors-diagnostics"
28,10,10,"cov(beta[2,2],beta[2,1])","BMLVAR",FALSE,50,100,-0.000408968975,-0.000277,0.000994583669361054,-0.002789,0.001217025,1.00109905747662,1975.1674299565,4335.40050833039,2.26862011082878e-05,1.95e-05,7.65e-05,3.05e-05,"summary-fit-mplus-priors-diagnostics"
28,10,10,"cov(beta[2,2],beta[1,2])","BMLVAR",FALSE,50,100,0.000314564325,0.000217,0.000890676053062742,-0.001213,0.002392,1.00100991494322,2152.94840110741,4899.04626385143,1.95174507756694e-05,1.65e-05,2.8e-05,5.8e-05,"summary-fit-mplus-priors-diagnostics"
28,10,10,"cov(beta[2,2],beta[2,2])","BMLVAR",FALSE,50,100,0.002168356225,0.001804,0.00130244314557209,0.000755,0.005612025,1.00060966034884,3139.2299719639,5403.57671324566,2.57002501188123e-05,2.1e-05,4.5e-06,0.000105,"summary-fit-mplus-priors-diagnostics"
28,10,10,"cov(mu[1,1],mu[1,1])","BMLVAR",FALSE,50,100,1.320071051625,1.2844165,0.277670145096288,0.88293305,1.96438795,1.00002721191916,35668.885263809,38483.5197666775,0.00146592360128234,0.00168549999999998,0.0020975,0.00614500000000003,"summary-fit-mplus-priors-diagnostics"
28,10,10,"cov(mu[2,1],mu[1,1])","BMLVAR",FALSE,50,100,0.4629450669,0.446112,0.192296897764835,0.132665125,0.889956125,1.00004351049449,35079.9886986103,37762.2056967781,0.00102518086297416,0.001185,0.002141,0.003953,"summary-fit-mplus-priors-diagnostics"
28,10,10,"cov(mu[2,1],mu[2,1])","BMLVAR",FALSE,50,100,1.120994732625,1.0900485,0.237305675688856,0.747338825,1.6724012,1.00000280516362,34168.7567258099,37958.9552224461,0.00127838166646513,0.00152899999999999,0.00190700000000001,0.00524399999999999,"summary-fit-mplus-priors-diagnostics"
29,10,10,"psi[1,1]","BMLVAR",TRUE,100,100,1.28460948965,1.284445,0.018369536533705,1.24915985,1.32110615,1.00001298971252,37284.0321315499,38970.541209117,9.51467124930816e-05,0.000116999999999989,0.000244500000000014,0.000252500000000011,"summary-fit-mplus-diagnostics"
29,10,10,"psi[2,1]","BMLVAR",TRUE,100,100,0.560351648125,0.5602395,0.0152993641635925,0.530630725,0.590660125,1.00003130548656,37866.0329603111,38917.9034215254,7.86479179166888e-05,9.70000000000082e-05,0.000195500000000004,0.000220000000000004,"summary-fit-mplus-diagnostics"
29,10,10,"psi[2,2]","BMLVAR",TRUE,100,100,1.546717780525,1.5465025,0.0220873678978946,1.50404975,1.5906282,1.00003720309002,37604.78241606,38969.8080175324,0.000113919245402306,0.000139000000000011,0.000302500000000006,0.000290999999999997,"summary-fit-mplus-diagnostics"
29,10,10,"mean(beta[1,1])","BMLVAR",TRUE,100,100,0.28226609415,0.2822945,0.012270768497246,0.258133775,0.3062451,1.00064688958789,2941.29969670831,7413.88302748614,0.000228739591181976,0.000243999999999994,0.000350999999999997,0.000342500000000004,"summary-fit-mplus-diagnostics"
29,10,10,"mean(beta[2,1])","BMLVAR",TRUE,100,100,-0.030843868825,-0.030861,0.0133445868619893,-0.057000175,-0.00464687499999999,1.00089531195335,2911.83139122061,7143.98426545825,0.000254845304049738,0.000267,0.000375999999999999,0.0003715,"summary-fit-mplus-diagnostics"
29,10,10,"mean(beta[1,2])","BMLVAR",TRUE,100,100,-0.046538647525,-0.046527,0.010957115713917,-0.068040125,-0.025052775,1.00090220836632,2727.1995502107,6567.56295499903,0.000211129616413338,0.0002195,0.000325499999999999,0.000323,"summary-fit-mplus-diagnostics"
29,10,10,"mean(beta[2,2])","BMLVAR",TRUE,100,100,0.256946276175,0.256957,0.0121538498713028,0.233055875,0.280773225,1.00060216556349,2564.58417646818,5907.61758082348,0.000245217682119285,0.000254000000000004,0.000368,0.000373499999999999,"summary-fit-mplus-diagnostics"
29,10,10,"mean(mu[1,1])","BMLVAR",TRUE,100,100,2.88175353215,2.881827,0.112362587814592,2.661172325,3.101630625,1.0000309126986,38072.638271379,38696.6354049791,0.000575744730263775,0.000704000000000038,0.00161150000000001,0.00166750000000002,"summary-fit-mplus-diagnostics"
29,10,10,"mean(mu[2,1])","BMLVAR",TRUE,100,100,2.067946701575,2.067946,0.108977740186518,1.8544376,2.28174225,1.00004960753837,37852.0038362625,38807.3924051611,0.000560054688132495,0.000681999999999971,0.00154,0.00150699999999997,"summary-fit-mplus-diagnostics"
29,10,10,"cov(beta[1,1],beta[1,1])","BMLVAR",TRUE,100,100,0.003606404525,0.00332,0.00171119092186498,0.001171,0.00767,1.00112121333174,1332.44727945052,3384.48156710649,4.56810366223984e-05,4.95000000000001e-05,2.2e-05,9.00000000000001e-05,"summary-fit-mplus-diagnostics"
29,10,10,"cov(beta[2,1],beta[1,1])","BMLVAR",TRUE,100,100,0.00147794595,0.001338,0.00145941811702628,-0.000991,0.004730025,1.00205137809036,1078.27655674712,2298.00272795606,4.32588783140392e-05,4.4e-05,5.5e-05,7.25e-05,"summary-fit-mplus-diagnostics"
29,10,10,"cov(beta[2,1],beta[2,1])","BMLVAR",TRUE,100,100,0.004266122075,0.00394,0.00203893145703089,0.00132,0.009076,1.00142557788571,1201.57199177782,2884.8963980869,5.59075034958606e-05,6.05e-05,3.25e-05,0.0001045,"summary-fit-mplus-diagnostics"
29,10,10,"cov(beta[1,2],beta[1,1])","BMLVAR",TRUE,100,100,-0.0010285388,-0.000924,0.00113078295374348,-0.003547025,0.000907,1.00181678658129,1140.19175010502,2780.44626683084,3.27977027301501e-05,3.4e-05,5.94999999999999e-05,3.9e-05,"summary-fit-mplus-diagnostics"
29,10,10,"cov(beta[1,2],beta[2,1])","BMLVAR",TRUE,100,100,-0.000326674875,-0.000285,0.0011895194988003,-0.002819,0.001929025,1.00214175447458,1064.22890985882,2812.27986612276,3.59990581486916e-05,3.6e-05,5.65e-05,5e-05,"summary-fit-mplus-diagnostics"
29,10,10,"cov(beta[1,2],beta[1,2])","BMLVAR",TRUE,100,100,0.002583626225,0.002347,0.00120677104775689,0.000967,0.005517,1.00117004125253,1720.03748482711,5177.25670752528,2.87097304958825e-05,3e-05,8.49999999999999e-06,6.39999999999999e-05,"summary-fit-mplus-diagnostics"
29,10,10,"cov(beta[2,2],beta[1,1])","BMLVAR",TRUE,100,100,-0.0007403328,-0.000676,0.00124653710616633,-0.00338105,0.001568,1.00223598087457,1059.31509608337,2677.72999771516,3.78275430001809e-05,3.85e-05,5.64999999999999e-05,5.35e-05,"summary-fit-mplus-diagnostics"
29,10,10,"cov(beta[2,2],beta[2,1])","BMLVAR",TRUE,100,100,-0.001605158225,-0.001457,0.00143109321226668,-0.004836,0.000786025000000002,1.00227180518409,1014.10101716,2253.15384516225,4.33190537177043e-05,4.55e-05,7.6e-05,5.4e-05,"summary-fit-mplus-diagnostics"
29,10,10,"cov(beta[2,2],beta[1,2])","BMLVAR",TRUE,100,100,0.001250058225,0.001139,0.00111119037843628,-0.000612,0.003745025,1.00183860357659,1106.72569587006,2386.05755416797,3.25206748809809e-05,3.35e-05,4.1e-05,5.6e-05,"summary-fit-mplus-diagnostics"
29,10,10,"cov(beta[2,2],beta[2,2])","BMLVAR",TRUE,100,100,0.003329445975,0.00306,0.00157290537633714,0.001113,0.00708805,1.00178640174789,1303.57854067928,3624.50251446406,4.25300546585633e-05,4.45e-05,1.75e-05,8.15e-05,"summary-fit-mplus-diagnostics"
29,10,10,"cov(mu[1,1],mu[1,1])","BMLVAR",TRUE,100,100,1.243774980625,1.2260945,0.18805716884676,0.9277987,1.662414475,1.00001136033292,36151.014157616,38443.4757653352,0.000987278836485096,0.00117750000000001,0.00184999999999998,0.00388849999999999,"summary-fit-mplus-diagnostics"
29,10,10,"cov(mu[2,1],mu[1,1])","BMLVAR",TRUE,100,100,0.50768835145,0.4979795,0.139199742001935,0.26121825,0.808535625,1.00002809249275,35574.8617083049,38210.5801701953,0.000736428605085493,0.000847999999999988,0.0015305,0.0024815,"summary-fit-mplus-diagnostics"
29,10,10,"cov(mu[2,1],mu[2,1])","BMLVAR",TRUE,100,100,1.16932415205,1.152359,0.177633976415566,0.870690425,1.5642986,1.00002394178561,35388.3436675527,38287.3416243574,0.000942122146119584,0.00111750000000001,0.00155650000000001,0.00341400000000003,"summary-fit-mplus-diagnostics"
29,10,10,"psi[1,1]","BMLVAR",FALSE,100,100,1.285179933125,1.2849915,0.0183546023920967,1.2496758,1.321553175,1.0000135179271,37980.4801329949,38603.6729893699,9.41876595617145e-05,0.000119999999999976,0.000228499999999987,0.000278499999999993,"summary-fit-mplus-priors-diagnostics"
29,10,10,"psi[2,1]","BMLVAR",FALSE,100,100,0.561139348175,0.5610105,0.0152957947343731,0.531495775,0.591410175,1.00002394578159,38184.1895395807,39166.2780371296,7.82900942030802e-05,9.89999999999991e-05,0.000208500000000006,0.000202500000000011,"summary-fit-mplus-priors-diagnostics"
29,10,10,"psi[2,2]","BMLVAR",FALSE,100,100,1.54779202585,1.547607,0.0220975065348078,1.50507185,1.59169325,1.00005564267162,38478.3184936168,39226.0517239043,0.000112669262650897,0.000143499999999974,0.000302500000000028,0.000307000000000002,"summary-fit-mplus-priors-diagnostics"
29,10,10,"mean(beta[1,1])","BMLVAR",FALSE,100,100,0.282771314875,0.282797,0.0113259027372571,0.260506975,0.30495405,1.00096512325884,1761.79894688248,4166.29747072484,0.000271782495682834,0.000281999999999999,0.000404500000000001,0.000425000000000003,"summary-fit-mplus-priors-diagnostics"
29,10,10,"mean(beta[2,1])","BMLVAR",FALSE,100,100,-0.03084186945,-0.030819,0.0123022622927528,-0.054924125,-0.00679289999999999,1.00146609392548,1666.27355984226,3754.22456181833,0.000302631723660218,0.0003175,0.000503999999999999,0.0004755,"summary-fit-mplus-priors-diagnostics"
29,10,10,"mean(beta[1,2])","BMLVAR",FALSE,100,100,-0.046317738725,-0.04634,0.0103481181076261,-0.066597075,-0.026008875,1.00097458818361,2066.05298025868,4811.11337385969,0.00022851570115844,0.0002335,0.000347499999999999,0.000367,"summary-fit-mplus-priors-diagnostics"
29,10,10,"mean(beta[2,2])","BMLVAR",FALSE,100,100,0.257683744025,0.2576915,0.0113512861416769,0.23540985,0.279883075,1.00164836485487,1835.94607136997,4159.68448456818,0.000266203603179646,0.000273999999999999,0.000415500000000002,0.000415499999999999,"summary-fit-mplus-priors-diagnostics"
29,10,10,"mean(mu[1,1])","BMLVAR",FALSE,100,100,2.88006538845,2.880038,0.109126374740249,2.6666011,3.095030025,1.00003203963827,37641.4161160251,38740.9064950493,0.000562636759587455,0.000701000000000018,0.00154200000000004,0.001549,"summary-fit-mplus-priors-diagnostics"
29,10,10,"mean(mu[2,1])","BMLVAR",FALSE,100,100,2.066497276975,2.06643,0.10590787610988,1.859082325,2.274864575,1.00003285408452,37763.7408239703,38541.7811437975,0.00054480784861705,0.000680000000000003,0.00150750000000002,0.00155000000000001,"summary-fit-mplus-priors-diagnostics"
29,10,10,"cov(beta[1,1],beta[1,1])","BMLVAR",FALSE,100,100,0.00165554925,0.00146,0.000747925181867621,0.000791,0.003616025,1.00049526054531,2526.90710716697,4184.62984135848,1.62563786750988e-05,1.35e-05,1.99999999999999e-06,6.45e-05,"summary-fit-mplus-priors-diagnostics"
29,10,10,"cov(beta[2,1],beta[1,1])","BMLVAR",FALSE,100,100,0.00025721105,0.000188,0.000681188874833124,-0.000902,0.001842025,1.00163799304655,1267.86345894549,2745.71540468119,1.90990293260006e-05,1.75e-05,2.25e-05,5.85e-05,"summary-fit-mplus-priors-diagnostics"
29,10,10,"cov(beta[2,1],beta[2,1])","BMLVAR",FALSE,100,100,0.00176423505,0.001536,0.000851439934215539,0.000801975000000001,0.003992,1.00131565934389,2246.58641676792,3575.0940262673,2.0105340895248e-05,1.6e-05,4e-06,7.7e-05,"summary-fit-mplus-priors-diagnostics"
29,10,10,"cov(beta[1,2],beta[1,1])","BMLVAR",FALSE,100,100,-0.000239476925,-0.000187,0.000566183837221546,-0.001525,0.000745,1.00131211799794,1525.44503101515,3419.72402259147,1.46513167889279e-05,1.25e-05,4e-05,1.95e-05,"summary-fit-mplus-priors-diagnostics"
29,10,10,"cov(beta[1,2],beta[2,1])","BMLVAR",FALSE,100,100,5.6139075e-05,6.2e-05,0.000587585478238744,-0.001156,0.001219025,1.00138103190273,1476.25607255684,3120.08682659813,1.53096065423163e-05,1.4e-05,3.5e-05,2.9e-05,"summary-fit-mplus-priors-diagnostics"
29,10,10,"cov(beta[1,2],beta[1,2])","BMLVAR",FALSE,100,100,0.001439635775,0.001299,0.000563705175888231,0.000758,0.002903025,1.00099982892753,3584.88272972196,5258.21708230302,1.02958595352842e-05,7.49999999999998e-06,1e-06,4.2e-05,"summary-fit-mplus-priors-diagnostics"
29,10,10,"cov(beta[2,2],beta[1,1])","BMLVAR",FALSE,100,100,-9.28034e-05,-6.4e-05,0.000612194296543358,-0.001413025,0.001063,1.00162043507229,1409.4733409987,3071.86129250695,1.63016462453074e-05,1.45e-05,4.1e-05,2.5e-05,"summary-fit-mplus-priors-diagnostics"
29,10,10,"cov(beta[2,2],beta[2,1])","BMLVAR",FALSE,100,100,-0.0003309271,-0.000256,0.000661899273038021,-0.001875025,0.000784,1.0015573537989,1386.7889064372,3053.64720782165,1.78810076741119e-05,1.45e-05,5.35e-05,2.3e-05,"summary-fit-mplus-priors-diagnostics"
29,10,10,"cov(beta[2,2],beta[1,2])","BMLVAR",FALSE,100,100,0.0003239823,0.000264,0.000552322795635626,-0.000607,0.001600025,1.00110902776393,1618.39298124844,3830.24101484614,1.37620783273714e-05,1.2e-05,1.8e-05,3.85e-05,"summary-fit-mplus-priors-diagnostics"
29,10,10,"cov(beta[2,2],beta[2,2])","BMLVAR",FALSE,100,100,0.0015784205,0.0013945,0.000689149405714959,0.000781,0.003388,1.00071636806281,2901.77764945517,4420.44714567485,1.43506903511354e-05,1.1e-05,3.5e-06,5.7e-05,"summary-fit-mplus-priors-diagnostics"
29,10,10,"cov(mu[1,1],mu[1,1])","BMLVAR",FALSE,100,100,1.17650250535,1.160537,0.172532348823583,0.885129075,1.55963665,1.00003254568887,35982.0688031023,37957.3578635095,0.000908180619496494,0.00110750000000001,0.00163599999999999,0.00352050000000002,"summary-fit-mplus-priors-diagnostics"
29,10,10,"cov(mu[2,1],mu[1,1])","BMLVAR",FALSE,100,100,0.476051095925,0.4673525,0.127718229681842,0.249237575,0.7517129,1.00002007939964,35940.1506998334,38101.979958104,0.000673395296196567,0.0007775,0.0014965,0.00228050000000002,"summary-fit-mplus-priors-diagnostics"
29,10,10,"cov(mu[2,1],mu[2,1])","BMLVAR",FALSE,100,100,1.10542509955,1.0900015,0.162937576462621,0.8305426,1.466519925,1.00001852349594,35143.0324579872,38148.4372279903,0.000867725189652693,0.00107300000000001,0.001503,0.00304749999999999,"summary-fit-mplus-priors-diagnostics"
30,10,10,"psi[1,1]","BMLVAR",TRUE,200,100,1.297761137775,1.2977,0.0131190893754207,1.27225085,1.3237032,1.00005191029095,37412.4476187718,38793.3358829517,6.78241565973955e-05,8.40000000000063e-05,0.000162499999999988,0.000196499999999988,"summary-fit-mplus-diagnostics"
30,10,10,"psi[2,1]","BMLVAR",TRUE,200,100,0.570886745675,0.5708585,0.0109405944448389,0.549642925,0.59244805,1.00001379014815,37566.0500874954,39089.5477210156,5.64604646389265e-05,7.25000000000031e-05,0.000142999999999993,0.000150499999999987,"summary-fit-mplus-diagnostics"
30,10,10,"psi[2,2]","BMLVAR",TRUE,200,100,1.558679974075,1.558555,0.0157436424612588,1.528164825,1.5898961,1.00001277117525,38225.7343040601,39201.2180568973,8.05270872075215e-05,9.69999999999915e-05,0.000209499999999985,0.000226499999999985,"summary-fit-mplus-diagnostics"
30,10,10,"mean(beta[1,1])","BMLVAR",TRUE,200,100,0.280814053325,0.280816,0.00827365112307346,0.264559975,0.29705705,1.0006652253089,2289.20738690244,5535.96437237643,0.000174655131628164,0.000184000000000001,0.000276000000000001,0.000273999999999996,"summary-fit-mplus-diagnostics"
30,10,10,"mean(beta[2,1])","BMLVAR",TRUE,200,100,-0.03123697345,-0.031222,0.00888864826108075,-0.048701075,-0.013827875,1.00113148877355,1955.79347515627,4517.25766128464,0.000202848843283063,0.000213,0.000318,0.0003075,"summary-fit-mplus-diagnostics"
30,10,10,"mean(beta[1,2])","BMLVAR",TRUE,200,100,-0.04852826835,-0.048507,0.0074938169782625,-0.063238075,-0.033899925,1.00096926117689,2302.57702612226,5759.93898224787,0.000157039697113713,0.000161,0.0002355,0.000239,"summary-fit-mplus-diagnostics"
30,10,10,"mean(beta[2,2])","BMLVAR",TRUE,200,100,0.255342313925,0.2553335,0.00822703991422806,0.23930195,0.27155805,1.00064395977699,2113.12396704213,5040.19899572534,0.000181458997324128,0.000192999999999996,0.000275,0.000273999999999999,"summary-fit-mplus-diagnostics"
30,10,10,"mean(mu[1,1])","BMLVAR",TRUE,200,100,2.8518974457,2.851931,0.0786401489588243,2.69757025,3.0059568,1.00001561043662,38180.4856356976,38889.3050998168,0.000402420070533341,0.000496500000000011,0.00110999999999999,0.00106599999999997,"summary-fit-mplus-diagnostics"
30,10,10,"mean(mu[2,1])","BMLVAR",TRUE,200,100,2.013968104225,2.013811,0.0759644285268879,1.86501025,2.16329045,1.00003124325403,38042.9285470169,38960.8670261387,0.000389438046033906,0.000467500000000032,0.00103300000000001,0.00102450000000003,"summary-fit-mplus-diagnostics"
30,10,10,"cov(beta[1,1],beta[1,1])","BMLVAR",TRUE,200,100,0.0023619102,0.002209,0.000940551140336793,0.001023,0.004586025,1.00182256110268,1182.21121559805,2982.14418554567,2.8170795646369e-05,3.1e-05,1.1e-05,5.95e-05,"summary-fit-mplus-diagnostics"
30,10,10,"cov(beta[2,1],beta[1,1])","BMLVAR",TRUE,200,100,0.000948696225,0.000877,0.000803347500354144,-0.000442,0.002712,1.00282674023405,697.897456496699,1531.65088541333,3.00021553448255e-05,3.05e-05,3.6e-05,4.75e-05,"summary-fit-mplus-diagnostics"
30,10,10,"cov(beta[2,1],beta[2,1])","BMLVAR",TRUE,200,100,0.002352116125,0.0021695,0.000998621867876041,0.000993,0.00474,1.00256807257758,1023.40780978474,2677.6211232197,3.20176555362723e-05,3.55e-05,9.99999999999999e-06,7.05e-05,"summary-fit-mplus-diagnostics"
30,10,10,"cov(beta[1,2],beta[1,1])","BMLVAR",TRUE,200,100,-0.00073164105,-0.000681,0.000670026667716612,-0.002193,0.000437,1.00393563109108,794.05010347066,1781.45499329133,2.34469266421827e-05,2.45e-05,4.2e-05,2.8e-05,"summary-fit-mplus-diagnostics"
30,10,10,"cov(beta[1,2],beta[2,1])","BMLVAR",TRUE,200,100,-0.00026341465,-0.000244,0.000663167387715006,-0.001636,0.000995,1.00254579661306,765.668352296333,1942.6053291541,2.39636311837945e-05,2.45e-05,3.95e-05,3.45e-05,"summary-fit-mplus-diagnostics"
30,10,10,"cov(beta[1,2],beta[1,2])","BMLVAR",TRUE,200,100,0.001854268825,0.001722,0.000690898017935481,0.00092,0.003530025,1.00190837726296,1515.54095839949,3443.9978766628,1.89142820326007e-05,1.85e-05,5.99999999999999e-06,4.39999999999999e-05,"summary-fit-mplus-diagnostics"
30,10,10,"cov(beta[2,2],beta[1,1])","BMLVAR",TRUE,200,100,-0.0002840941,-0.000263,0.000713478094195289,-0.001758025,0.001065,1.00445741523588,686.355667007821,1953.56475675708,2.73282339618423e-05,2.8e-05,3.95e-05,3.45e-05,"summary-fit-mplus-diagnostics"
30,10,10,"cov(beta[2,2],beta[2,1])","BMLVAR",TRUE,200,100,-0.00069861775,-0.000636,0.000757490199454553,-0.002355025,0.000619,1.00322060740974,680.024466424109,1587.54119369656,2.89351983832348e-05,2.95e-05,4.65e-05,3.55e-05,"summary-fit-mplus-diagnostics"
30,10,10,"cov(beta[2,2],beta[1,2])","BMLVAR",TRUE,200,100,0.000758411325,0.000701,0.000651278667621615,-0.000361024999999999,0.002202,1.00366086852832,811.95371452224,1916.41063488874,2.26427303558381e-05,2.3e-05,2.75e-05,4e-05,"summary-fit-mplus-diagnostics"
30,10,10,"cov(beta[2,2],beta[2,2])","BMLVAR",TRUE,200,100,0.002092040925,0.00193,0.000844258041078006,0.000955,0.004137,1.00160329176981,1288.94612443377,2999.55617018895,2.46872778564282e-05,2.75e-05,7e-06,5.9e-05,"summary-fit-mplus-diagnostics"
30,10,10,"cov(mu[1,1],mu[1,1])","BMLVAR",TRUE,200,100,1.2177870667,1.209204,0.127145201589958,0.993782025,1.4909246,1.00000431277586,36661.1700242226,38312.4734332922,0.000663768241010022,0.000795500000000016,0.00143850000000001,0.00217999999999999,"summary-fit-mplus-diagnostics"
30,10,10,"cov(mu[2,1],mu[1,1])","BMLVAR",TRUE,200,100,0.43405603445,0.4299075,0.091982142342314,0.26558645,0.626725525,1.00002963683196,36293.5018425263,38295.2652635631,0.000482448792384393,0.000595499999999993,0.0010595,0.00155149999999999,"summary-fit-mplus-diagnostics"
30,10,10,"cov(mu[2,1],mu[2,1])","BMLVAR",TRUE,200,100,1.1301687803,1.122203,0.118453043509478,0.921585275,1.384895125,1.00002354570594,35764.0271987414,38817.9526738389,0.000625825757057706,0.000761000000000012,0.00124950000000001,0.00203599999999999,"summary-fit-mplus-diagnostics"
30,10,10,"psi[1,1]","BMLVAR",FALSE,200,100,1.29813834365,1.298071,0.0131197592370917,1.2726259,1.324099125,1.0000349616964,37802.5465581228,38846.7036820704,6.74845952906112e-05,8.29999999999886e-05,0.000183999999999984,0.000180999999999987,"summary-fit-mplus-priors-diagnostics"
30,10,10,"psi[2,1]","BMLVAR",FALSE,200,100,0.5713940315,0.571352,0.0109456169567321,0.550085875,0.592968075,1.0000169307418,37912.7937306624,39200.434029316,5.62271751372066e-05,6.75000000000037e-05,0.000148000000000004,0.000160499999999991,"summary-fit-mplus-priors-diagnostics"
30,10,10,"psi[2,2]","BMLVAR",FALSE,200,100,1.559058870575,1.5589625,0.0157126607302309,1.528523875,1.590179175,1.00002452036223,38460.686293589,38851.5699345592,8.01251446166566e-05,9.7999999999987e-05,0.000212999999999997,0.000209000000000015,"summary-fit-mplus-priors-diagnostics"
30,10,10,"mean(beta[1,1])","BMLVAR",FALSE,200,100,0.281052101,0.2810385,0.00795715729088723,0.265469875,0.2966521,1.00117482768522,1760.31524628389,4173.39586314093,0.000190550752449102,0.0001995,0.000301999999999999,0.000292499999999998,"summary-fit-mplus-priors-diagnostics"
30,10,10,"mean(beta[2,1])","BMLVAR",FALSE,200,100,-0.0311136372,-0.0311,0.0086132233922842,-0.048082125,-0.0142469,1.00131320371926,1447.57354374596,3349.66079508593,0.000226837251020601,0.0002335,0.0003515,0.000353,"summary-fit-mplus-priors-diagnostics"
30,10,10,"mean(beta[1,2])","BMLVAR",FALSE,200,100,-0.048309556725,-0.048309,0.00723301825006112,-0.0625011,-0.034198925,1.00080886888206,1978.13958446029,4553.8974184184,0.00016313529421941,0.000169000000000001,0.000259,0.0002505,"summary-fit-mplus-priors-diagnostics"
30,10,10,"mean(beta[2,2])","BMLVAR",FALSE,200,100,0.255547942375,0.255553,0.00798098646598949,0.239849825,0.271171125,1.00127124056497,1624.2290119616,3847.46599865259,0.000198846416880469,0.000206999999999997,0.0003025,0.000287500000000004,"summary-fit-mplus-priors-diagnostics"
30,10,10,"mean(mu[1,1])","BMLVAR",FALSE,200,100,2.85109494075,2.851149,0.0776621525741487,2.6988116,3.003527775,1.00002030868885,38471.0820426434,38830.6117324878,0.000395921394118155,0.000499500000000031,0.0010785,0.00105500000000001,"summary-fit-mplus-priors-diagnostics"
30,10,10,"mean(mu[2,1])","BMLVAR",FALSE,200,100,2.01322355915,2.0130195,0.0750354194310342,1.866220025,2.160731525,1.00001626173269,38150.0146036237,38642.5583975676,0.000384095593086191,0.00047799999999999,0.000985500000000006,0.00103449999999996,"summary-fit-mplus-priors-diagnostics"
30,10,10,"cov(beta[1,1],beta[1,1])","BMLVAR",FALSE,200,100,0.0014462756,0.00132,0.000501108205469387,0.000842,0.00274005,1.00128052962145,2200.21578215456,3044.44963213642,1.22351551193178e-05,9.5e-06,3.5e-06,4.85e-05,"summary-fit-mplus-priors-diagnostics"
30,10,10,"cov(beta[2,1],beta[1,1])","BMLVAR",FALSE,200,100,0.000309605125,0.000268,0.000463565923476067,-0.000492,0.001356,1.00185509930982,1015.45171783554,2364.48419807393,1.46865403946545e-05,1.35e-05,2e-05,3.95e-05,"summary-fit-mplus-priors-diagnostics"
30,10,10,"cov(beta[2,1],beta[2,1])","BMLVAR",FALSE,200,100,0.00141282945,0.001285,0.000490594539887466,0.000830975000000001,0.002686,1.00118647302729,2198.86866453086,2945.50752366986,1.20878205492443e-05,8.5e-06,3e-06,4.85e-05,"summary-fit-mplus-priors-diagnostics"
30,10,10,"cov(beta[1,2],beta[1,1])","BMLVAR",FALSE,200,100,-0.000264859275,-0.000232,0.00041496981390814,-0.001191,0.000459,1.00228098943361,1135.50255168294,2536.6239425163,1.24366493954106e-05,1.25e-05,3.15e-05,1.6e-05,"summary-fit-mplus-priors-diagnostics"
30,10,10,"cov(beta[1,2],beta[2,1])","BMLVAR",FALSE,200,100,-2.39333e-05,-1.3e-05,0.000404116324453471,-0.000863,0.000756,1.00176480498496,1094.85680066638,2397.12515511392,1.23467222876202e-05,1.2e-05,2.65e-05,1.9e-05,"summary-fit-mplus-priors-diagnostics"
30,10,10,"cov(beta[1,2],beta[1,2])","BMLVAR",FALSE,200,100,0.00129842505,0.001208,0.000384611414679044,0.000815,0.002291,1.00101681799887,3053.29420862493,3802.84437908473,8.24007844222479e-06,6.00000000000001e-06,2.5e-06,3.35e-05,"summary-fit-mplus-priors-diagnostics"
30,10,10,"cov(beta[2,2],beta[1,1])","BMLVAR",FALSE,200,100,-2.4091625e-05,-1.2e-05,0.000436485553613903,-0.000933,0.000815,1.00214264399076,995.793358389007,2339.16689513715,1.39497467808269e-05,1.3e-05,2.75e-05,2.2e-05,"summary-fit-mplus-priors-diagnostics"
30,10,10,"cov(beta[2,2],beta[2,1])","BMLVAR",FALSE,200,100,-0.000208862275,-0.000176,0.000437661812589221,-0.001177,0.000568,1.00174479091232,1026.12703927576,2096.28149605934,1.38229267337841e-05,1.3e-05,3.65e-05,1.85e-05,"summary-fit-mplus-priors-diagnostics"
30,10,10,"cov(beta[2,2],beta[1,2])","BMLVAR",FALSE,200,100,0.000293153925,0.000253,0.000397103830589002,-0.000387,0.001189025,1.00280536047549,1242.61913593,2686.91733133855,1.14965332524018e-05,1.1e-05,1.4e-05,2.9e-05,"summary-fit-mplus-priors-diagnostics"
30,10,10,"cov(beta[2,2],beta[2,2])","BMLVAR",FALSE,200,100,0.0013654964,0.001254,0.000443740131115999,0.000824,0.002513,1.00084445111016,2528.04321871419,3364.33007205435,1.02473927166955e-05,8.49999999999999e-06,3.5e-06,4.05e-05,"summary-fit-mplus-priors-diagnostics"
30,10,10,"cov(mu[1,1],mu[1,1])","BMLVAR",FALSE,200,100,1.184578499975,1.1766755,0.121550042609434,0.969537925,1.4451319,1.00000718016749,36411.5055928527,38577.0499221398,0.000636994832119861,0.000738499999999998,0.00139249999999999,0.00209699999999997,"summary-fit-mplus-priors-diagnostics"
30,10,10,"cov(mu[2,1],mu[1,1])","BMLVAR",FALSE,200,100,0.420518067525,0.4166625,0.0880308884712868,0.25862265,0.6043947,1.00002075256965,36076.8500339885,38151.5835820768,0.000463126191174023,0.000565999999999997,0.00105600000000001,0.0015105,"summary-fit-mplus-priors-diagnostics"
30,10,10,"cov(mu[2,1],mu[2,1])","BMLVAR",FALSE,200,100,1.100005639525,1.0925505,0.113605606638192,0.899500225,1.343837325,1.00002003544495,35758.4133420243,38535.1552729331,0.000600246436210114,0.000713499999999984,0.00124400000000001,0.00189950000000001,"summary-fit-mplus-priors-diagnostics"
31,10,10,"psi[1,1]","BMLVAR",TRUE,50,200,1.302731805425,1.302541,0.0185284582155271,1.266951725,1.33959015,1.00001743906974,38932.3259316989,39085.279727781,9.3905417786463e-05,0.000114999999999998,0.000238000000000005,0.000263999999999998,"summary-fit-mplus-diagnostics"
31,10,10,"psi[2,1]","BMLVAR",TRUE,50,200,0.570482482675,0.570421,0.0154346070903176,0.540576875,0.6010653,1.00003216245752,39143.5412976934,39182.2596584324,7.80309200302969e-05,9.94999999999913e-05,0.000211,0.000221999999999994,"summary-fit-mplus-diagnostics"
31,10,10,"psi[2,2]","BMLVAR",TRUE,50,200,1.5626213347,1.5623715,0.0222253755034552,1.5197029,1.60675935,1.00001537990297,38823.3157730836,39035.302912861,0.000112796840023599,0.000145499999999998,0.00027250000000002,0.000321999999999989,"summary-fit-mplus-diagnostics"
31,10,10,"mean(beta[1,1])","BMLVAR",TRUE,50,200,0.2779750796,0.277988,0.012775390225791,0.25282385,0.302957175,1.00048162132195,4735.50949289842,10857.6409117945,0.000187129948776751,0.000195500000000004,0.000297500000000002,0.000292499999999998,"summary-fit-mplus-diagnostics"
31,10,10,"mean(beta[2,1])","BMLVAR",TRUE,50,200,-0.034550761875,-0.0345735,0.0144428430630566,-0.062898125,-0.00611684999999999,1.00020710552953,5959.18867718684,13351.6856349778,0.000190823690723808,0.0002105,0.000317,0.0002985,"summary-fit-mplus-diagnostics"
31,10,10,"mean(beta[1,2])","BMLVAR",TRUE,50,200,-0.048450269925,-0.0484505,0.0120333566671053,-0.072051125,-0.02484285,1.00036247103341,5389.83647384388,12661.9496128733,0.000164626833594624,0.000175000000000001,0.0002725,0.0002655,"summary-fit-mplus-diagnostics"
31,10,10,"mean(beta[2,2])","BMLVAR",TRUE,50,200,0.259238127125,0.259245,0.0132798842336666,0.2330589,0.2852312,1.00052038537681,5169.37535643254,11593.7949240001,0.000186130407301709,0.000197500000000005,0.000295500000000001,0.000303,"summary-fit-mplus-diagnostics"
31,10,10,"mean(mu[1,1])","BMLVAR",TRUE,50,200,2.86934208685,2.869546,0.165577629743396,2.54288475,3.194490625,1.00001763789746,39039.8146060639,38516.6754190985,0.000838203314432274,0.00103800000000001,0.00232950000000003,0.00255699999999999,"summary-fit-mplus-diagnostics"
31,10,10,"mean(mu[2,1])","BMLVAR",TRUE,50,200,2.0374669209,2.0374795,0.158917596783111,1.724613975,2.350066975,1.00001460724847,38373.7576594392,38672.3232062508,0.000811754293497172,0.000991500000000012,0.00247349999999997,0.00211000000000001,"summary-fit-mplus-diagnostics"
31,10,10,"cov(beta[1,1],beta[1,1])","BMLVAR",TRUE,50,200,0.002679536625,0.002398,0.00135684319844134,0.00091,0.00605405,1.00075407839282,3644.01431294409,9202.88868624588,2.22206517343502e-05,2.30000000000001e-05,9e-06,6.19999999999999e-05,"summary-fit-mplus-diagnostics"
31,10,10,"cov(beta[2,1],beta[1,1])","BMLVAR",TRUE,50,200,0.001428631925,0.0012635,0.0013214720145244,-0.000708024999999999,0.00448505,1.00088325330191,2436.06548122263,5414.60476259036,2.55804609337811e-05,2.65e-05,3.35e-05,5.65e-05,"summary-fit-mplus-diagnostics"
31,10,10,"cov(beta[2,1],beta[2,1])","BMLVAR",TRUE,50,200,0.0038984713,0.003526,0.00199966325792429,0.00117,0.008764025,1.00072935529844,2964.71870890432,6602.89196336745,3.44569386069553e-05,3.74999999999999e-05,1.8e-05,8.24999999999999e-05,"summary-fit-mplus-diagnostics"
31,10,10,"cov(beta[1,2],beta[1,1])","BMLVAR",TRUE,50,200,-0.000804028325,-0.000702,0.00102612216149138,-0.00311705,0.000951025000000002,1.0011827223771,2669.64379993513,6488.84558440981,1.92874556762551e-05,2e-05,4.25e-05,2.7e-05,"summary-fit-mplus-diagnostics"
31,10,10,"cov(beta[1,2],beta[2,1])","BMLVAR",TRUE,50,200,-0.000274838725,-0.000232,0.0011933352087198,-0.002783025,0.002005,1.0008444768637,2608.26418068128,6646.97748065604,2.29752190951741e-05,2.4e-05,3.95e-05,3.84999999999999e-05,"summary-fit-mplus-diagnostics"
31,10,10,"cov(beta[1,2],beta[1,2])","BMLVAR",TRUE,50,200,0.00264233425,0.002386,0.00128361037389233,0.000926,0.005789,1.00047797113633,3846.12341832142,9692.299736573,2.03006103530305e-05,2.1e-05,1e-05,5.24999999999999e-05,"summary-fit-mplus-diagnostics"
31,10,10,"cov(beta[2,2],beta[1,1])","BMLVAR",TRUE,50,200,-0.000427647425,-0.000373,0.00111395026174048,-0.002812,0.001649,1.00091169833822,2455.41577087855,6611.50730624608,2.20278288907962e-05,2.1e-05,4.15e-05,3.25e-05,"summary-fit-mplus-diagnostics"
31,10,10,"cov(beta[2,2],beta[2,1])","BMLVAR",TRUE,50,200,-0.001021711375,-0.000879,0.00138423726523927,-0.004161025,0.001317025,1.0007658883326,2296.67385179063,5890.22016938647,2.78938665752619e-05,2.9e-05,5.4e-05,3.45e-05,"summary-fit-mplus-diagnostics"
31,10,10,"cov(beta[2,2],beta[1,2])","BMLVAR",TRUE,50,200,0.0015542308,0.001404,0.00117335496741504,-0.000322,0.004280025,1.00075629761447,2748.18597852528,5455.64569638678,2.13354631086728e-05,2.15e-05,2.8e-05,4.40000000000001e-05,"summary-fit-mplus-diagnostics"
31,10,10,"cov(beta[2,2],beta[2,2])","BMLVAR",TRUE,50,200,0.003222973325,0.0029145,0.0016182358493841,0.001036,0.00718805,1.00042766202688,3212.29426409198,8044.84998112952,2.74982006118195e-05,2.85000000000001e-05,1.3e-05,7.1e-05,"summary-fit-mplus-diagnostics"
31,10,10,"cov(mu[1,1],mu[1,1])","BMLVAR",TRUE,50,200,1.3727745701,1.331252,0.305279578186594,0.899023825,2.087392525,1.00001568920674,36790.6209396992,38608.6457029264,0.00158630710138272,0.0018715,0.00233150000000001,0.00691350000000003,"summary-fit-mplus-diagnostics"
31,10,10,"cov(mu[2,1],mu[1,1])","BMLVAR",TRUE,50,200,0.530133909075,0.509039,0.221338242481803,0.15400135,1.02484765,1.00002538860881,36902.9741372133,38605.1650121225,0.00115149683781448,0.00131,0.0023315,0.00447649999999999,"summary-fit-mplus-diagnostics"
31,10,10,"cov(mu[2,1],mu[2,1])","BMLVAR",TRUE,50,200,1.2598212126,1.2205875,0.281353468613958,0.824129525,1.917924825,1.00002720355049,35719.4541088058,38718.1216993839,0.00148686444136814,0.0016595,0.00220950000000001,0.00681350000000001,"summary-fit-mplus-diagnostics"
31,10,10,"psi[1,1]","BMLVAR",FALSE,50,200,1.30263554655,1.3024635,0.0185357023914332,1.266770775,1.33944825,1.00002971436058,38865.7882525428,38977.4108101806,9.40330541934143e-05,0.000120000000000009,0.000225499999999967,0.000251000000000035,"summary-fit-mplus-priors-diagnostics"
31,10,10,"psi[2,1]","BMLVAR",FALSE,50,200,0.570841703275,0.570748,0.0154647030211551,0.540879875,0.60148515,1.00002147287618,38926.7070203976,38824.1525080193,7.8391613791496e-05,9.6999999999986e-05,0.000199500000000008,0.000218499999999999,"summary-fit-mplus-priors-diagnostics"
31,10,10,"psi[2,2]","BMLVAR",FALSE,50,200,1.56277366655,1.5625415,0.0222009913673358,1.519856725,1.606781325,1.00002416316447,38694.0135040005,39039.1316530926,0.000112865277204617,0.000144499999999992,0.000312500000000004,0.000323999999999991,"summary-fit-mplus-priors-diagnostics"
31,10,10,"mean(beta[1,1])","BMLVAR",FALSE,50,200,0.277985785575,0.277971,0.0116682537980854,0.255145825,0.30086215,1.00049990237428,3364.80258586448,7609.10702134308,0.000201786680610412,0.000210000000000002,0.000330999999999997,0.000322000000000003,"summary-fit-mplus-priors-diagnostics"
31,10,10,"mean(beta[2,1])","BMLVAR",FALSE,50,200,-0.0344560547,-0.034452,0.0127431789750747,-0.0594732,-0.00936782499999999,1.00053191353967,3237.19416356913,7194.02859800616,0.000225348050569851,0.000230499999999999,0.000359000000000001,0.000358,"summary-fit-mplus-priors-diagnostics"
31,10,10,"mean(beta[1,2])","BMLVAR",FALSE,50,200,-0.04804640715,-0.048085,0.0108159814734064,-0.0692182,-0.0266969,1.00054425374803,4075.63801232695,9224.36052847484,0.000170149712860981,0.000178999999999999,0.000278999999999999,0.0002755,"summary-fit-mplus-priors-diagnostics"
31,10,10,"mean(beta[2,2])","BMLVAR",FALSE,50,200,0.259746446375,0.259764,0.0118001985026846,0.236580925,0.28281515,1.0005164208242,3481.93053331489,8169.02296917725,0.00020061216075319,0.000214000000000002,0.000329000000000001,0.000336499999999998,"summary-fit-mplus-priors-diagnostics"
31,10,10,"mean(mu[1,1])","BMLVAR",FALSE,50,200,2.866564262725,2.8666655,0.156392800558279,2.5578753,3.17426165,1.00003251681682,39000.7049782783,38593.1156548204,0.00079217067717772,0.000969499999999957,0.00215799999999997,0.0021725,"summary-fit-mplus-priors-diagnostics"
31,10,10,"mean(mu[2,1])","BMLVAR",FALSE,50,200,2.035177149925,2.035093,0.150652966837137,1.738387475,2.3310612,1.00003133162331,38351.9066762256,38746.7470742436,0.00076917718536614,0.000937499999999991,0.00218150000000001,0.00222399999999997,"summary-fit-mplus-priors-diagnostics"
31,10,10,"cov(beta[1,1],beta[1,1])","BMLVAR",FALSE,50,200,0.001359321725,0.001233,0.000563463177085896,0.000646,0.002802,1.00018375374723,7561.80749256586,10308.7485526306,7.38426612490229e-06,5.99999999999999e-06,3.99999999999999e-06,3.15e-05,"summary-fit-mplus-priors-diagnostics"
31,10,10,"cov(beta[2,1],beta[1,1])","BMLVAR",FALSE,50,200,0.00033617225,0.000271,0.000558513807876748,-0.000598,0.001639,1.00041245096156,3445.12325901294,7563.92916569581,9.58038512958461e-06,9.00000000000001e-06,1.35e-05,2.85e-05,"summary-fit-mplus-priors-diagnostics"
31,10,10,"cov(beta[2,1],beta[2,1])","BMLVAR",FALSE,50,200,0.001622865,0.001429,0.000778193465319,0.000698,0.003649025,1.00022450620672,5355.50995935413,8247.55610991635,1.17238019373097e-05,9.5e-06,3e-06,4.8e-05,"summary-fit-mplus-priors-diagnostics"
31,10,10,"cov(beta[1,2],beta[1,1])","BMLVAR",FALSE,50,200,-0.00018940635,-0.000154,0.000478948466565982,-0.001251,0.000671,1.00039868282649,3825.22957910832,8257.88050865226,7.82659522831127e-06,8e-06,2.05e-05,1.2e-05,"summary-fit-mplus-priors-diagnostics"
31,10,10,"cov(beta[1,2],beta[2,1])","BMLVAR",FALSE,50,200,4.0537375e-05,5e-05,0.000540168850849995,-0.00107805,0.001102025,1.00054024674736,3405.24708849933,7100.19007915436,9.26137060619332e-06,9.5e-06,2.35e-05,1.75e-05,"summary-fit-mplus-priors-diagnostics"
31,10,10,"cov(beta[1,2],beta[1,2])","BMLVAR",FALSE,50,200,0.001381292025,0.001255,0.000568001283055639,0.000656975000000001,0.002829,1.00033679109497,7273.36734850306,10573.0766061234,7.43195545609817e-06,6.50000000000001e-06,3.99999999999999e-06,2.9e-05,"summary-fit-mplus-priors-diagnostics"
31,10,10,"cov(beta[2,2],beta[1,1])","BMLVAR",FALSE,50,200,-1.7150625e-05,-5e-06,0.000512169052300559,-0.001095,0.000978025000000002,1.00080516301263,3454.60877932158,7318.9863875313,8.75568309566182e-06,8e-06,2.2e-05,1.75e-05,"summary-fit-mplus-priors-diagnostics"
31,10,10,"cov(beta[2,2],beta[2,1])","BMLVAR",FALSE,50,200,-0.000168735975,-0.000122,0.000595152469826541,-0.001502,0.000893025000000001,1.00092010160542,3055.47998316759,6788.78656526186,1.08433911646547e-05,9.5e-06,2.9e-05,1.7e-05,"summary-fit-mplus-priors-diagnostics"
31,10,10,"cov(beta[2,2],beta[1,2])","BMLVAR",FALSE,50,200,0.000456574075,0.000388,0.000535207220521588,-0.000408,0.001712,1.00058485352318,3747.55020775125,8076.00528708089,8.85271326935311e-06,7.50000000000001e-06,1.05e-05,2.45e-05,"summary-fit-mplus-priors-diagnostics"
31,10,10,"cov(beta[2,2],beta[2,2])","BMLVAR",FALSE,50,200,0.001510568625,0.001353,0.000672104277467909,0.000681,0.003242025,1.00031507643721,6155.25755720707,9182.30917716626,9.57959113759168e-06,7.50000000000002e-06,3.00000000000001e-06,4.05e-05,"summary-fit-mplus-priors-diagnostics"
31,10,10,"cov(mu[1,1],mu[1,1])","BMLVAR",FALSE,50,200,1.222436247075,1.1893675,0.255137198265978,0.82083475,1.81301455,1.00001252921921,36839.3533479086,38607.0160782231,0.00132601517966415,0.00156449999999999,0.00198299999999999,0.005609,"summary-fit-mplus-priors-diagnostics"
31,10,10,"cov(mu[2,1],mu[1,1])","BMLVAR",FALSE,50,200,0.464028781675,0.4474145,0.184179534758365,0.147941675,0.873242975,1.00000376723479,36772.7111097881,38406.6806235924,0.000959410383550679,0.0011635,0.0019545,0.00391300000000001,"summary-fit-mplus-priors-diagnostics"
31,10,10,"cov(mu[2,1],mu[2,1])","BMLVAR",FALSE,50,200,1.12309532125,1.092999,0.234245097449076,0.753747225,1.66467185,1.00001668675978,36229.0570223023,38513.3518734321,0.00122832627654241,0.00144400000000001,0.00182550000000001,0.00558099999999999,"summary-fit-mplus-priors-diagnostics"
32,10,10,"psi[1,1]","BMLVAR",TRUE,100,200,1.296238693425,1.296129,0.0130388951882416,1.2709229,1.322070175,1.00001478520839,38923.4895715751,39258.6450862636,6.60930281303817e-05,8.29999999999997e-05,0.000168000000000001,0.000180999999999987,"summary-fit-mplus-diagnostics"
32,10,10,"psi[2,1]","BMLVAR",TRUE,100,200,0.565119303475,0.56506,0.0108295901385365,0.54405785,0.58651215,1.00004506299413,38938.1926821438,39445.4657903299,5.48889740556834e-05,6.90000000000079e-05,0.000143500000000007,0.000160499999999997,"summary-fit-mplus-diagnostics"
32,10,10,"psi[2,2]","BMLVAR",TRUE,100,200,1.548418737875,1.548307,0.0155534796074606,1.518246875,1.57929505,1.00004295156328,38719.8618051178,39281.5725990658,7.90542685754261e-05,0.000100999999999996,2e-04,0.000204500000000007,"summary-fit-mplus-diagnostics"
32,10,10,"mean(beta[1,1])","BMLVAR",TRUE,100,200,0.2799579016,0.2799685,0.00857723256341156,0.2630679,0.29678215,1.00049674363165,3853.94047647286,8773.91830742566,0.00013855714268181,0.000143500000000002,0.000220499999999998,0.000222499999999998,"summary-fit-mplus-diagnostics"
32,10,10,"mean(beta[2,1])","BMLVAR",TRUE,100,200,-0.03683350085,-0.036853,0.00946975540084181,-0.0553651,-0.018270825,1.00053039841822,4028.14076474926,8808.18466379501,0.000151535388240107,0.0001575,0.000232,0.000248,"summary-fit-mplus-diagnostics"
32,10,10,"mean(beta[1,2])","BMLVAR",TRUE,100,200,-0.05055169665,-0.050556,0.00795802184209442,-0.066145125,-0.034917925,1.00033567215806,4424.55554527465,10277.3877598953,0.000120475218889751,0.000122,0.000188,0.000186,"summary-fit-mplus-diagnostics"
32,10,10,"mean(beta[2,2])","BMLVAR",TRUE,100,200,0.25954223245,0.2595725,0.00882407335143975,0.242186875,0.276777075,1.00033834056677,4382.41994448715,9919.90523581795,0.000134827722015132,0.000147500000000006,0.000217000000000001,0.000213999999999998,"summary-fit-mplus-diagnostics"
32,10,10,"mean(mu[1,1])","BMLVAR",TRUE,100,200,2.853175197875,2.853269,0.113701834875472,2.628971775,3.075744875,1.00002591915319,39223.6747353637,38631.5681693847,0.000574134150423952,0.00071300000000003,0.001667,0.00152350000000003,"summary-fit-mplus-diagnostics"
32,10,10,"mean(mu[2,1])","BMLVAR",TRUE,100,200,2.0198564378,2.0199035,0.107682059359056,1.8087482,2.2304153,1.00000873766375,38661.7816563978,39035.9402628427,0.000547723499241205,0.000665000000000004,0.0014155,0.00154849999999995,"summary-fit-mplus-diagnostics"
32,10,10,"cov(beta[1,1],beta[1,1])","BMLVAR",TRUE,100,200,0.001826307425,0.001683,0.00072393744486421,0.000852975000000001,0.00360105,1.00066690872758,3175.36169717348,6828.8765848928,1.33815646306134e-05,1.35e-05,5.5e-06,3.8e-05,"summary-fit-mplus-diagnostics"
32,10,10,"cov(beta[2,1],beta[1,1])","BMLVAR",TRUE,100,200,0.000626627325,0.000567,0.000685171214727898,-0.000561,0.002143,1.00129325306354,1749.19106058886,3951.02906351533,1.61192221222223e-05,1.7e-05,2.1e-05,3.2e-05,"summary-fit-mplus-diagnostics"
32,10,10,"cov(beta[2,1],beta[2,1])","BMLVAR",TRUE,100,200,0.002270853925,0.002099,0.000951709078512794,0.000947,0.004571,1.00114308604193,2360.19155498889,5882.13373832722,1.95078254232871e-05,2.1e-05,7.5e-06,4.74999999999999e-05,"summary-fit-mplus-diagnostics"
32,10,10,"cov(beta[1,2],beta[1,1])","BMLVAR",TRUE,100,200,-0.000629281425,-0.000576,0.000575130709448554,-0.001906025,0.00036,1.0006489525171,1998.62391402744,4676.12581476258,1.27107686114863e-05,1.25e-05,2.4e-05,1.6e-05,"summary-fit-mplus-diagnostics"
32,10,10,"cov(beta[1,2],beta[2,1])","BMLVAR",TRUE,100,200,-0.000278669075,-0.000258,0.00062166704554784,-0.001577,0.000896,1.00115085932772,1834.28870736877,4456.53698571975,1.44962059830925e-05,1.55e-05,2.4e-05,2.15e-05,"summary-fit-mplus-diagnostics"
32,10,10,"cov(beta[1,2],beta[1,2])","BMLVAR",TRUE,100,200,0.001696141775,0.001574,0.000632359778997293,0.000831,0.003235,1.00054840886267,3708.36545307663,7821.71894046004,1.08497537546733e-05,1.1e-05,5.5e-06,3.05e-05,"summary-fit-mplus-diagnostics"
32,10,10,"cov(beta[2,2],beta[1,1])","BMLVAR",TRUE,100,200,-0.00037716715,-0.000352,0.000629809703638373,-0.001699,0.000797,1.00063888200217,1784.20454000982,4519.20506584359,1.48637803953354e-05,1.35e-05,2.7e-05,2.2e-05,"summary-fit-mplus-diagnostics"
32,10,10,"cov(beta[2,2],beta[2,1])","BMLVAR",TRUE,100,200,-0.00089807925,-0.0008275,0.000737743235963664,-0.00254,0.000356025000000001,1.00132283077424,1736.45367369489,3896.42388364387,1.74161781993928e-05,1.8e-05,3.34999999999999e-05,2.05e-05,"summary-fit-mplus-diagnostics"
32,10,10,"cov(beta[2,2],beta[1,2])","BMLVAR",TRUE,100,200,0.000744580925,0.00069,0.000612779711250584,-0.000309,0.002104,1.00061428387593,2008.29259793876,4572.70465073884,1.34741091971184e-05,1.4e-05,1.65e-05,2.55e-05,"summary-fit-mplus-diagnostics"
32,10,10,"cov(beta[2,2],beta[2,2])","BMLVAR",TRUE,100,200,0.002117533575,0.001979,0.000831515437967574,0.000931,0.004104075,1.00088774155147,2967.98861289939,6532.05767186204,1.61975026493575e-05,1.7e-05,7e-06,3.9e-05,"summary-fit-mplus-diagnostics"
32,10,10,"cov(mu[1,1],mu[1,1])","BMLVAR",TRUE,100,200,1.293313315,1.274401,0.193600918076917,0.9687532,1.72403595,1.00003121559669,37344.6402451152,38800.4894147156,0.0010004820930709,0.00122349999999999,0.00170100000000001,0.00389299999999999,"summary-fit-mplus-diagnostics"
32,10,10,"cov(mu[2,1],mu[1,1])","BMLVAR",TRUE,100,200,0.497647010925,0.4875675,0.138809805053125,0.25255715,0.797868075,1.0000102529815,37285.4752060325,38868.0865858644,0.00071898080285413,0.0008575,0.001419,0.00265500000000001,"summary-fit-mplus-diagnostics"
32,10,10,"cov(mu[2,1],mu[2,1])","BMLVAR",TRUE,100,200,1.146218767575,1.1296185,0.17224565427192,0.85726185,1.53089505,1.00002327484441,36976.11188826,38653.2475266266,0.000896319471666395,0.00105850000000002,0.00156899999999999,0.00334800000000001,"summary-fit-mplus-diagnostics"
32,10,10,"psi[1,1]","BMLVAR",FALSE,100,200,1.2962046447,1.296113,0.0130207819564709,1.2709228,1.322003225,1.00000090445691,38567.6472491688,39208.2971145608,6.63159809676678e-05,8.15000000000121e-05,0.00017100000000001,0.000181999999999993,"summary-fit-mplus-priors-diagnostics"
32,10,10,"psi[2,1]","BMLVAR",FALSE,100,200,0.5652896823,0.5652225,0.0108405740827177,0.544238875,0.58669315,1.00003324428028,38936.7795651899,39376.2906761983,5.49459887929715e-05,6.99999999999923e-05,0.000154499999999996,0.000156499999999993,"summary-fit-mplus-priors-diagnostics"
32,10,10,"psi[2,2]","BMLVAR",FALSE,100,200,1.548550045825,1.5484465,0.015567571793316,1.51830575,1.57935125,1.00001175475224,38954.0911848323,39179.4450465348,7.88863834365422e-05,9.85000000000236e-05,0.000206000000000006,0.000218999999999991,"summary-fit-mplus-priors-diagnostics"
32,10,10,"mean(beta[1,1])","BMLVAR",FALSE,100,200,0.280088346875,0.280089,0.00820114914598261,0.263956875,0.296177075,1.00043189558266,3267.91036134865,7102.98152121724,0.000143836959102009,0.000150000000000003,0.000234999999999996,0.000234000000000001,"summary-fit-mplus-priors-diagnostics"
32,10,10,"mean(beta[2,1])","BMLVAR",FALSE,100,200,-0.036759452825,-0.036757,0.00888888040018244,-0.05417305,-0.01937595,1.0006879060763,3029.13978762334,6684.0363289525,0.000161958090539063,0.0001695,0.000264,0.0002675,"summary-fit-mplus-priors-diagnostics"
32,10,10,"mean(beta[1,2])","BMLVAR",FALSE,100,200,-0.05056986705,-0.0505825,0.0075703805406217,-0.065366075,-0.0356719,1.0005029249587,3754.76508726831,8549.89383564144,0.000124127152384788,0.000133000000000001,0.000195000000000001,0.000205,"summary-fit-mplus-priors-diagnostics"
32,10,10,"mean(beta[2,2])","BMLVAR",FALSE,100,200,0.259636308875,0.2596475,0.00824821719296669,0.24342785,0.275759075,1.0004391468847,3441.13035311421,7832.46912300736,0.000141355249957588,0.000154499999999998,0.000221499999999994,0.000233000000000003,"summary-fit-mplus-priors-diagnostics"
32,10,10,"mean(mu[1,1])","BMLVAR",FALSE,100,200,2.851976556325,2.851953,0.110514431469012,2.6346517,3.069192225,1.00002662782418,38984.4575955829,38880.286366939,0.000559852311482246,0.000704500000000019,0.0014705,0.00166999999999997,"summary-fit-mplus-priors-diagnostics"
32,10,10,"mean(mu[2,1])","BMLVAR",FALSE,100,200,2.0191558785,2.0191245,0.104528874471693,1.813647925,2.223902375,1.00002530804372,38428.9731464726,38928.2469478822,0.000533235448722305,0.000689499999999976,0.00151450000000001,0.00148050000000002,"summary-fit-mplus-priors-diagnostics"
32,10,10,"cov(beta[1,1],beta[1,1])","BMLVAR",FALSE,100,200,0.001252473325,0.00117,0.000393510592444102,0.000725,0.002238,1.0002444599314,6054.64396718167,7863.66661068391,5.66878445340754e-06,4.00000000000001e-06,2.5e-06,2.35e-05,"summary-fit-mplus-priors-diagnostics"
32,10,10,"cov(beta[2,1],beta[1,1])","BMLVAR",FALSE,100,200,0.00020473185,0.000174,0.000397540418837253,-0.000504,0.001084025,1.00082169118937,2367.37102820568,4844.07203604942,8.21120029396864e-06,9e-06,1.25e-05,2.25e-05,"summary-fit-mplus-priors-diagnostics"
32,10,10,"cov(beta[2,1],beta[2,1])","BMLVAR",FALSE,100,200,0.00137656475,0.001263,0.000491242380051761,0.000750975000000001,0.002641,1.00063023883958,4500.87874337669,6010.38401792027,8.49528456995478e-06,7.50000000000001e-06,3.5e-06,3.45e-05,"summary-fit-mplus-priors-diagnostics"
32,10,10,"cov(beta[1,2],beta[1,1])","BMLVAR",FALSE,100,200,-0.000254696,-0.0002265,0.00035171544342871,-0.001036,0.000365,1.00042928140193,2831.86490301117,6032.1172603749,6.69224706078208e-06,6.5e-06,1.7e-05,8.5e-06,"summary-fit-mplus-priors-diagnostics"
32,10,10,"cov(beta[1,2],beta[2,1])","BMLVAR",FALSE,100,200,-4.48585e-05,-3.4e-05,0.000378189778449733,-0.000834,0.000684,1.00091079571499,2475.48666097158,5272.54760430778,7.67146059798146e-06,7e-06,1.75e-05,1.45e-05,"summary-fit-mplus-priors-diagnostics"
32,10,10,"cov(beta[1,2],beta[1,2])","BMLVAR",FALSE,100,200,0.001208408125,0.001136,0.000360196997579381,0.000716,0.002114,1.00016545852474,6713.26053409945,8657.7677619631,4.97673199146303e-06,4e-06,4e-06,1.9e-05,"summary-fit-mplus-priors-diagnostics"
32,10,10,"cov(beta[2,2],beta[1,1])","BMLVAR",FALSE,100,200,-9.53192e-05,-7.9e-05,0.000385777130456262,-0.000906,0.000636,1.00081866096293,2377.66451370284,5234.65464914937,8.07315307316561e-06,8e-06,1.7e-05,1.4e-05,"summary-fit-mplus-priors-diagnostics"
32,10,10,"cov(beta[2,2],beta[2,1])","BMLVAR",FALSE,100,200,-0.000328422225,-0.000287,0.000425108501040387,-0.001285,0.000399025000000001,1.00090452015356,2313.843772008,5253.32090547422,8.88935386623088e-06,8e-06,2.35e-05,1e-05,"summary-fit-mplus-priors-diagnostics"
32,10,10,"cov(beta[2,2],beta[1,2])","BMLVAR",FALSE,100,200,0.000295719,0.000262,0.000374272404292001,-0.000352,0.001131025,1.0006529777422,2817.09022129635,5985.59843896495,7.26127880990372e-06,6.5e-06,1e-05,1.9e-05,"summary-fit-mplus-priors-diagnostics"
32,10,10,"cov(beta[2,2],beta[2,2])","BMLVAR",FALSE,100,200,0.001349863875,0.001251,0.000457484194437288,0.000745975000000001,0.002500025,1.00029267201084,5460.51873957463,7700.48492077207,7.29418873788885e-06,6.00000000000001e-06,3.49999999999999e-06,2.65e-05,"summary-fit-mplus-priors-diagnostics"
32,10,10,"cov(mu[1,1],mu[1,1])","BMLVAR",FALSE,100,200,1.223569154275,1.2067625,0.177392102063935,0.924407075,1.6181532,1.00003305909423,37352.6778132997,38682.2659560241,0.00091675251046283,0.00111700000000001,0.0015765,0.00341399999999999,"summary-fit-mplus-priors-diagnostics"
32,10,10,"cov(mu[2,1],mu[1,1])","BMLVAR",FALSE,100,200,0.46692307045,0.4583115,0.126650629365108,0.241839575,0.740302825,1.00003192472752,37499.2330159723,39016.6881675987,0.000653672855966081,0.000802999999999998,0.0013875,0.00229250000000001,"summary-fit-mplus-priors-diagnostics"
32,10,10,"cov(mu[2,1],mu[2,1])","BMLVAR",FALSE,100,200,1.08543835665,1.0706355,0.157985984898525,0.81889115,1.43632905,1.00003230437353,37037.5414287023,38223.9172020501,0.000820504385625253,0.000983499999999998,0.00152899999999999,0.00286749999999999,"summary-fit-mplus-priors-diagnostics"
33,10,10,"psi[1,1]","BMLVAR",TRUE,200,200,1.29804328195,1.2980045,0.0092137841338657,1.28005285,1.316179075,1.00001150364775,39049.3859520528,39348.132830046,4.66334035954024e-05,6.00000000000045e-05,0.000136499999999995,0.000122999999999984,"summary-fit-mplus-diagnostics"
33,10,10,"psi[2,1]","BMLVAR",TRUE,200,200,0.5702964162,0.570269,0.00769017867652773,0.555259975,0.58542905,1.00003503927128,38950.3980541388,39026.6816767662,3.89717069724431e-05,4.70000000000026e-05,9.84999999999847e-05,0.000107999999999997,"summary-fit-mplus-diagnostics"
33,10,10,"psi[2,2]","BMLVAR",TRUE,200,200,1.55695147145,1.556883,0.0110884955740741,1.5354389,1.578872175,1.00004846774778,38723.6538814602,39139.2401710766,5.63555027070518e-05,6.89999999999857e-05,0.000157000000000007,0.000160500000000008,"summary-fit-mplus-diagnostics"
33,10,10,"mean(beta[1,1])","BMLVAR",TRUE,200,200,0.2795755419,0.279605,0.00585840371720983,0.26804295,0.290973075,1.00058324994397,3689.47304832697,8106.15745814468,9.68224031693537e-05,1e-04,0.000170499999999996,0.00016249999999999,"summary-fit-mplus-diagnostics"
33,10,10,"mean(beta[2,1])","BMLVAR",TRUE,200,200,-0.033164124475,-0.033163,0.00635087168026535,-0.045648075,-0.020697925,1.00046033588382,3256.16161672241,7419.77560310455,0.000111555752749485,0.0001155,0.000180000000000001,0.000182,"summary-fit-mplus-diagnostics"
33,10,10,"mean(beta[1,2])","BMLVAR",TRUE,200,200,-0.04668722205,-0.0466925,0.00541581421515324,-0.057313125,-0.03608095,1.00050807704347,4019.19271508463,8710.83659500878,8.56064532250517e-05,9.34999999999998e-05,0.000146,0.000136000000000001,"summary-fit-mplus-diagnostics"
33,10,10,"mean(beta[2,2])","BMLVAR",TRUE,200,200,0.2599228911,0.2599215,0.00590078243254761,0.248339975,0.271503025,1.00042959025887,3783.23682962939,8442.10618204168,9.63448332331803e-05,0.000101000000000001,0.000158999999999997,0.000154500000000002,"summary-fit-mplus-diagnostics"
33,10,10,"mean(mu[1,1])","BMLVAR",TRUE,200,200,2.882895194175,2.8828715,0.0792054327713667,2.727325175,3.03801545,1.00003945443835,38826.8346655931,38895.7476845216,0.00040203094041649,0.000500999999999996,0.00105149999999998,0.00104599999999995,"summary-fit-mplus-diagnostics"
33,10,10,"mean(mu[2,1])","BMLVAR",TRUE,200,200,2.034862808975,2.034959,0.0764249992507644,1.8850071,2.1848043,1.00000542853314,38636.3002363139,39199.970918096,0.00038889620702691,0.000479499999999999,0.00111250000000001,0.00103949999999999,"summary-fit-mplus-diagnostics"
33,10,10,"cov(beta[1,1],beta[1,1])","BMLVAR",TRUE,200,200,0.0013723679,0.001293,0.00039206448896898,0.000841975000000001,0.002338,1.00056967375617,3320.71681190043,5560.65933776862,7.46577741718409e-06,7.49999999999999e-06,3.5e-06,2.1e-05,"summary-fit-mplus-diagnostics"
33,10,10,"cov(beta[2,1],beta[1,1])","BMLVAR",TRUE,200,200,0.000500475875,0.000468,0.000407115014025512,-0.000209,0.001388025,1.00200023815435,1407.27383737753,3248.91484233919,1.08265263141176e-05,1.2e-05,1.2e-05,2.15e-05,"summary-fit-mplus-diagnostics"
33,10,10,"cov(beta[2,1],beta[2,1])","BMLVAR",TRUE,200,200,0.001547548325,0.001446,0.000503212908972725,0.000874,0.002777025,1.00073144191453,2215.61962841135,4586.99744394687,1.11653573227866e-05,1.25e-05,2.5e-06,3.05e-05,"summary-fit-mplus-diagnostics"
33,10,10,"cov(beta[1,2],beta[1,1])","BMLVAR",TRUE,200,200,-0.000361528925,-0.000338,0.000328988635772172,-0.001074025,0.000223025000000001,1.00124353764538,1795.32373786963,4184.94264719441,7.83377548859055e-06,8.49999999999999e-06,1.5e-05,9.5e-06,"summary-fit-mplus-diagnostics"
33,10,10,"cov(beta[1,2],beta[2,1])","BMLVAR",TRUE,200,200,-0.000106508525,-9.6e-05,0.000352892665077599,-0.000834,0.000565025000000001,1.00148627529851,1538.13846114496,3569.46459795857,9.018884579064e-06,9e-06,1.65e-05,1.3e-05,"summary-fit-mplus-diagnostics"
33,10,10,"cov(beta[1,2],beta[1,2])","BMLVAR",TRUE,200,200,0.001243933775,0.001184,0.000310279800822753,0.000809,0.002008,1.0004716597168,4494.31332333669,6616.02869285411,5.0608991946742e-06,4.99999999999999e-06,3e-06,1.55e-05,"summary-fit-mplus-diagnostics"
33,10,10,"cov(beta[2,2],beta[1,1])","BMLVAR",TRUE,200,200,-0.0001030379,-9.5e-05,0.000363919065127985,-0.000844024999999999,0.000593,1.00146718759873,1450.29328234574,3531.26558169183,9.57390437834186e-06,9e-06,1.6e-05,1.4e-05,"summary-fit-mplus-diagnostics"
33,10,10,"cov(beta[2,2],beta[2,1])","BMLVAR",TRUE,200,200,-0.00049163825,-0.000462,0.00041419715616752,-0.001396025,0.000234,1.00141123925032,1357.55719865924,3012.750742791,1.12216360437377e-05,1.15e-05,2.15e-05,1.4e-05,"summary-fit-mplus-diagnostics"
33,10,10,"cov(beta[2,2],beta[1,2])","BMLVAR",TRUE,200,200,0.0004804073,0.000452,0.000343129050746816,-0.000116,0.001231,1.00136821185,1733.8257133327,3921.57036497937,8.21503737586595e-06,9.5e-06,9.5e-06,1.65e-05,"summary-fit-mplus-diagnostics"
33,10,10,"cov(beta[2,2],beta[2,2])","BMLVAR",TRUE,200,200,0.001418973775,0.001338,0.000416648201113335,0.000849,0.002436,1.00064903890277,2927.98049912397,5288.28690135828,8.2069879140672e-06,7.5e-06,2.50000000000001e-06,2.4e-05,"summary-fit-mplus-diagnostics"
33,10,10,"cov(mu[1,1],mu[1,1])","BMLVAR",TRUE,200,200,1.2504353761,1.241701,0.12928621282375,1.0218697,1.52788885,0.999997797828781,37726.9761846636,38824.0790443079,0.000665464008820561,0.000820500000000002,0.001296,0.00223049999999999,"summary-fit-mplus-diagnostics"
33,10,10,"cov(mu[2,1],mu[1,1])","BMLVAR",TRUE,200,200,0.458598534225,0.454081,0.0938754372702243,0.28705405,0.655364075,1.00002931613718,37529.4038757532,38761.2189575015,0.000484808032081671,0.000581500000000002,0.0010815,0.001592,"summary-fit-mplus-diagnostics"
33,10,10,"cov(mu[2,1],mu[2,1])","BMLVAR",TRUE,200,200,1.1592117302,1.1511875,0.119945065651664,0.947488925,1.41677015,1.00003036024715,37545.518693971,38868.5702804767,0.000618828424477381,0.000741499999999989,0.001272,0.00202550000000001,"summary-fit-mplus-diagnostics"
33,10,10,"psi[1,1]","BMLVAR",FALSE,200,200,1.298012860975,1.297975,0.00921797088153899,1.280034925,1.316211025,1.00001506290755,39138.420482494,38690.4032885345,4.66018411588111e-05,5.80000000000136e-05,0.000127499999999991,0.000129499999999993,"summary-fit-mplus-priors-diagnostics"
33,10,10,"psi[2,1]","BMLVAR",FALSE,200,200,0.570425469775,0.570398,0.0076825628504446,0.555454,0.5855681,1.00000682958107,38894.2168932215,39229.7899720698,3.8957540892675e-05,5e-05,0.000102500000000005,9.94999999999913e-05,"summary-fit-mplus-priors-diagnostics"
33,10,10,"psi[2,2]","BMLVAR",FALSE,200,200,1.556942797175,1.556867,0.0110788445692317,1.5354118,1.578864125,1.00003379196249,39263.191713087,39273.7125582929,5.59114591148087e-05,7.20000000000054e-05,0.000155000000000005,0.000148999999999988,"summary-fit-mplus-priors-diagnostics"
33,10,10,"mean(beta[1,1])","BMLVAR",FALSE,200,200,0.2796366239,0.279647,0.00572898412069363,0.268368975,0.290805,1.00069152228992,3297.37887437188,7292.61427408947,9.99241724849586e-05,0.0001055,0.000167500000000001,0.000166499999999997,"summary-fit-mplus-priors-diagnostics"
33,10,10,"mean(beta[2,1])","BMLVAR",FALSE,200,200,-0.033130826525,-0.0331375,0.00620906499676551,-0.04531405,-0.020959925,1.00044327164538,2871.24378497396,6545.8678133421,0.000116311460433349,0.000123500000000001,0.000183499999999999,0.00019,"summary-fit-mplus-priors-diagnostics"
33,10,10,"mean(beta[1,2])","BMLVAR",FALSE,200,200,-0.04666132165,-0.046654,0.00529388381806999,-0.05704105,-0.036325975,1.00061842323589,3648.40815539112,8095.87530440082,8.77574691239857e-05,9.15000000000006e-05,0.0001445,0.000144,"summary-fit-mplus-priors-diagnostics"
33,10,10,"mean(beta[2,2])","BMLVAR",FALSE,200,200,0.25997357025,0.259961,0.00576939364078811,0.248686925,0.271335075,1.00068974782409,3283.99230467647,7231.90573602036,0.000100859745459271,0.000106999999999996,0.000159499999999999,0.000172999999999998,"summary-fit-mplus-priors-diagnostics"
33,10,10,"mean(mu[1,1])","BMLVAR",FALSE,200,200,2.8817559516,2.8817285,0.0781753447654561,2.728296375,3.035042525,1.00001368103599,38717.3015748984,38901.1775590351,0.000397430676069635,0.000485499999999961,0.00106699999999995,0.00105350000000002,"summary-fit-mplus-priors-diagnostics"
33,10,10,"mean(mu[2,1])","BMLVAR",FALSE,200,200,2.03402809445,2.034015,0.0756169903620676,1.886040025,2.18226665,1.00001221414086,38350.135548621,38717.7268433387,0.000386134795282523,0.000481499999999968,0.00106799999999998,0.00102100000000001,"summary-fit-mplus-priors-diagnostics"
33,10,10,"cov(beta[1,1],beta[1,1])","BMLVAR",FALSE,200,200,0.001140404125,0.001091,0.000256537854508179,0.000781,0.00178,1.00035075491991,5857.09822888785,6859.32206924476,3.84292104888534e-06,3.5e-06,9.99999999999997e-07,1.55e-05,"summary-fit-mplus-priors-diagnostics"
33,10,10,"cov(beta[2,1],beta[1,1])","BMLVAR",FALSE,200,200,0.00026073685,0.000241,0.000285815286901348,-0.000243,0.000886,1.00095905865623,1916.3358729348,4063.64826357349,6.61618813773015e-06,5.5e-06,8e-06,1.7e-05,"summary-fit-mplus-priors-diagnostics"
33,10,10,"cov(beta[2,1],beta[2,1])","BMLVAR",FALSE,200,200,0.0012042151,0.001139,0.000304760624320226,0.000796,0.001977,1.00053747759847,4259.76413232663,5264.77082901787,5.27983311805421e-06,3.00000000000001e-06,1.99999999999999e-06,2.1e-05,"summary-fit-mplus-priors-diagnostics"
33,10,10,"cov(beta[1,2],beta[1,1])","BMLVAR",FALSE,200,200,-0.00020739265,-0.000191,0.00024288250059424,-0.000731,0.000231,1.00129051572675,2378.67795023991,4939.35260429329,5.04058879865996e-06,5.5e-06,1.1e-05,7.5e-06,"summary-fit-mplus-priors-diagnostics"
33,10,10,"cov(beta[1,2],beta[2,1])","BMLVAR",FALSE,200,200,-9.4648e-06,-5e-06,0.000259817933611423,-0.00054,0.000491025000000001,1.00142605184513,1966.71772876799,4287.33308765423,5.90039133586052e-06,5.5e-06,1.15e-05,8.5e-06,"summary-fit-mplus-priors-diagnostics"
33,10,10,"cov(beta[1,2],beta[1,2])","BMLVAR",FALSE,200,200,0.001082527375,0.001046,0.000216001137034533,0.000765,0.001611,1.000164582071,7531.82499443178,8412.84038577454,2.78066986447783e-06,2.99999999999999e-06,2.5e-06,1.2e-05,"summary-fit-mplus-priors-diagnostics"
33,10,10,"cov(beta[2,2],beta[1,1])","BMLVAR",FALSE,200,200,-5.100225e-06,-3e-06,0.000267410158354514,-0.000547,0.000513,1.00136275434371,1897.25188091783,4233.54871966046,6.26036127088821e-06,6e-06,1.25e-05,9.5e-06,"summary-fit-mplus-priors-diagnostics"
33,10,10,"cov(beta[2,2],beta[2,1])","BMLVAR",FALSE,200,200,-0.000250955875,-0.000229,0.000287698898619883,-0.00088,0.000262,1.00171405209381,1825.7122846142,4132.60850258494,6.78532140230473e-06,6.5e-06,1.75e-05,7.5e-06,"summary-fit-mplus-priors-diagnostics"
33,10,10,"cov(beta[2,2],beta[1,2])","BMLVAR",FALSE,200,200,0.00028241305,0.000264,0.000249659451854351,-0.00016,0.000824,1.00072110456998,2292.32978092464,5165.88099001524,5.29804667002912e-06,4.5e-06,7e-06,1.3e-05,"summary-fit-mplus-priors-diagnostics"
33,10,10,"cov(beta[2,2],beta[2,2])","BMLVAR",FALSE,200,200,0.001158800575,0.001108,0.000266562821947248,0.000786,0.001825025,1.00034347780218,5276.95993510046,6349.51800697044,4.14432255121902e-06,3e-06,1.5e-06,1.8e-05,"summary-fit-mplus-priors-diagnostics"
33,10,10,"cov(mu[1,1],mu[1,1])","BMLVAR",FALSE,200,200,1.217010538225,1.208788,0.123772438981745,0.99785185,1.482569625,1.00002310073686,37315.3623270165,38501.6527651264,0.000641586934005812,0.000776499999999991,0.0013555,0.0021575,"summary-fit-mplus-priors-diagnostics"
33,10,10,"cov(mu[2,1],mu[1,1])","BMLVAR",FALSE,200,200,0.444405524475,0.4402485,0.0900556794941322,0.27957815,0.632443825,1.00001114966529,37314.1841990538,38533.4658392968,0.000466440568506661,0.000565000000000004,0.0010585,0.00155700000000001,"summary-fit-mplus-priors-diagnostics"
33,10,10,"cov(mu[2,1],mu[2,1])","BMLVAR",FALSE,200,200,1.128486983775,1.120811,0.115372862033712,0.924530875,1.3757609,1.00001759840431,37786.8654260578,38962.0225053542,0.000593334350349414,0.000750000000000012,0.0011545,0.00195399999999999,"summary-fit-mplus-priors-diagnostics"
